time,sensor.sensor_temperatura_1_humidity,sensor.sensor_temperatura_1_pressure,sensor.sensor_temperatura_1_temperature,sensor_puerta_1 Puerta,suma_ventanas_arriba,suma_ventanas_abajo,azimuth_mean,elevacion_sol,temperatura_exterior,porcentaje_nubes,temperatura_calefaccion_y,hora,part_of_day,mes,season,hora_sin,hora_cos,dia_1,dia_2,dia_3,dia_4,dia_5,dia_6
2024-12-10 21:00:00,46.3,1014.6,19.74,0.0,0.0,0.0,285.41,-53.48,,,21.7,21,1,12,3,-0.5195839500354336,0.8544194045464886,True,False,False,False,False,False
2024-12-11 07:00:00,51.23,1013.77,19.48,0.0,0.0,0.0,122.93,2.68,,,19.6,7,3,12,2,0.9422609221188205,-0.33487961217098616,False,True,False,False,False,False
2024-12-11 08:00:00,56.99,1015.33,21.06,0.0,0.0,0.0,131.9,10.43,,,19.6,8,3,12,2,0.8169698930104421,-0.5766803221148671,False,True,False,False,False,False
2024-12-11 09:00:00,58.04,1015.4,21.16,0.0,0.0,0.0,144.64,18.67,,,20.5,9,3,12,3,0.631087944326053,-0.7757112907044197,False,True,False,False,False,False
2024-12-11 10:00:00,52.73,1015.58,20.65,0.0,0.0,0.0,158.21,24.19,,,21.5,10,3,12,3,0.3984010898462414,-0.917211301505453,False,True,False,False,False,False
2024-12-11 11:00:00,49.25,1015.55,20.53,0.0,0.0,0.0,173.61,27.08,,,21.5,11,3,12,3,0.1361666490962471,-0.9906859460363306,False,True,False,False,False,False
2024-12-11 12:00:00,46.92,1014.58,20.51,0.0,0.0,0.0,189.19,26.8,,,21.4,12,2,12,0,-0.1361666490962464,-0.9906859460363308,False,True,False,False,False,False
2024-12-11 13:00:00,42.42,1014.2,19.92,0.0,0.0,0.0,203.96,23.5,,,21.3,13,2,12,3,-0.39840108984624156,-0.9172113015054529,False,True,False,False,False,False
2024-12-11 14:00:00,42.32,1013.35,19.4,0.0,0.0,0.0,217.28,17.62,,,21.6,14,2,12,3,-0.6310879443260528,-0.7757112907044198,False,True,False,False,False,False
2024-12-11 15:00:00,45.09,1013.35,20.03,0.0,0.0,0.0,229.76,9.09,,,21.0,15,2,12,3,-0.816969893010442,-0.5766803221148672,False,True,False,False,False,False
2024-12-11 16:00:00,43.32,1014.6,20.58,0.0,0.0,0.0,238.3,1.41,,,21.0,16,2,12,3,-0.9422609221188204,-0.3348796121709864,False,True,False,False,False,False
2024-12-11 17:00:00,43.5,1014.6,20.3,0.0,0.0,0.0,247.62,-9.25,,,21.3,17,2,12,3,-0.9976687691905393,-0.06824241336467046,False,True,False,False,False,False
2024-12-11 18:00:00,44.92,1015.9,20.88,0.0,0.0,0.0,256.4,-20.42,,,21.4,18,1,12,3,-0.979084087682323,0.2034560130526333,False,True,False,False,False,False
2024-12-11 19:00:00,48.43,1015.2,21.66,0.0,0.0,0.0,266.15,-33.2,,,21.6,19,1,12,3,-0.8878852184023756,0.4600650377311516,False,True,False,False,False,False
2024-12-11 20:00:00,47.62,1015.4,21.03,0.0,0.0,0.0,275.93,-44.75,,,21.7,20,1,12,3,-0.730835964278124,0.6825531432186542,False,True,False,False,False,False
2024-12-11 21:00:00,46.06,1015.47,19.96,0.0,0.0,0.0,288.58,-56.03,,,22.1,21,1,12,3,-0.5195839500354336,0.8544194045464886,False,True,False,False,False,False
2024-12-12 07:00:00,47.03,1015.85,18.93,0.0,0.0,0.0,123.03,2.67,,,19.7,7,3,12,2,0.9422609221188205,-0.33487961217098616,False,False,True,False,False,False
2024-12-12 08:00:00,49.44,1016.1,20.41,0.0,0.0,0.0,132.02,10.43,,,19.6,8,3,12,2,0.8169698930104421,-0.5766803221148671,False,False,True,False,False,False
2024-12-12 09:00:00,42.79,1016.1,19.92,0.0,0.0,0.0,144.76,18.65,,,20.9,9,3,12,3,0.631087944326053,-0.7757112907044197,False,False,True,False,False,False
2024-12-12 10:00:00,43.21,1015.9,19.61,0.0,0.0,0.0,158.33,24.15,,,21.4,10,3,12,3,0.3984010898462414,-0.917211301505453,False,False,True,False,False,False
2024-12-12 11:00:00,47.15,1015.75,20.39,0.0,0.0,0.0,173.71,27.01,,,21.5,11,3,12,3,0.1361666490962471,-0.9906859460363306,False,False,True,False,False,False
2024-12-12 12:00:00,50.86,1014.9,21.05,0.0,0.0,0.0,189.18,26.73,,,21.6,12,2,12,0,-0.1361666490962464,-0.9906859460363308,False,False,True,False,False,False
2024-12-12 13:00:00,51.78,1014.75,20.97,0.0,0.0,0.0,203.94,23.43,,,21.8,13,2,12,3,-0.39840108984624156,-0.9172113015054529,False,False,True,False,False,False
2024-12-12 14:00:00,49.7,1014.75,20.3,0.0,0.0,0.0,217.24,17.56,,,21.8,14,2,12,3,-0.6310879443260528,-0.7757112907044198,False,False,True,False,False,False
2024-12-12 15:00:00,49.08,1014.4,20.14,0.0,0.0,0.0,229.66,9.08,,,21.1,15,2,12,3,-0.816969893010442,-0.5766803221148672,False,False,True,False,False,False
2024-12-12 16:00:00,48.86,1014.4,20.2,0.0,0.0,0.0,238.19,1.42,,,21.8,16,2,12,3,-0.9422609221188204,-0.3348796121709864,False,False,True,False,False,False
2024-12-12 17:00:00,51.21,1015.33,20.54,0.0,0.0,0.0,247.52,-9.25,,,22.3,17,2,12,3,-0.9976687691905393,-0.06824241336467046,False,False,True,False,False,False
2024-12-12 18:00:00,50.67,1015.33,20.84,0.0,0.0,0.0,256.3,-20.42,,,22.1,18,1,12,3,-0.979084087682323,0.2034560130526333,False,False,True,False,False,False
2024-12-12 19:00:00,49.41,1015.33,21.1,0.0,0.0,0.0,266.04,-33.19,,,22.3,19,1,12,3,-0.8878852184023756,0.4600650377311516,False,False,True,False,False,False
2024-12-12 20:00:00,49.64,1015.47,20.3,0.0,0.0,0.0,275.81,-44.74,,,22.7,20,1,12,3,-0.730835964278124,0.6825531432186542,False,False,True,False,False,False
2024-12-12 21:00:00,49.86,1016.03,19.7,0.0,0.0,0.0,288.42,-56.03,,,22.6,21,1,12,3,-0.5195839500354336,0.8544194045464886,False,False,True,False,False,False
2024-12-13 07:00:00,49.34,1017.45,19.27,0.0,0.0,0.0,123.12,2.67,,,20.3,7,3,12,2,0.9422609221188205,-0.33487961217098616,False,False,False,True,False,False
2024-12-13 08:00:00,49.29,1018.73,20.25,0.0,0.0,0.0,132.12,10.42,,,20.2,8,3,12,2,0.8169698930104421,-0.5766803221148671,False,False,False,True,False,False
2024-12-13 09:00:00,49.35,1018.8,20.43,0.0,0.0,0.0,144.87,18.63,,,21.4,9,3,12,3,0.631087944326053,-0.7757112907044197,False,False,False,True,False,False
2024-12-13 10:00:00,47.62,1018.8,20.62,0.0,0.0,0.0,158.43,24.11,,,22.1,10,3,12,3,0.3984010898462414,-0.917211301505453,False,False,False,True,False,False
2024-12-13 11:00:00,49.92,1018.5,21.0,0.0,0.0,0.0,173.79,26.95,,,22.0,11,3,12,3,0.1361666490962471,-0.9906859460363306,False,False,False,True,False,False
2024-12-13 12:00:00,51.85,1018.27,20.91,0.0,0.0,0.0,189.17,26.66,,,22.5,12,2,12,0,-0.1361666490962464,-0.9906859460363308,False,False,False,True,False,False
2024-12-13 13:00:00,51.08,1018.27,20.34,0.0,0.0,0.0,203.91,23.37,,,22.9,13,2,12,3,-0.39840108984624156,-0.9172113015054529,False,False,False,True,False,False
2024-12-13 14:00:00,51.2,1018.27,19.82,0.0,0.0,0.0,217.2,17.5,,,22.6,14,2,12,3,-0.6310879443260528,-0.7757112907044198,False,False,False,True,False,False
2024-12-13 15:00:00,50.98,1017.9,19.62,0.0,0.0,0.0,229.58,9.07,,,22.0,15,2,12,3,-0.816969893010442,-0.5766803221148672,False,False,False,True,False,False
2024-12-13 16:00:00,51.14,1018.63,19.4,0.0,0.0,0.0,238.09,1.42,,,22.0,16,2,12,3,-0.9422609221188204,-0.3348796121709864,False,False,False,True,False,False
2024-12-13 17:00:00,51.51,1019.3,19.31,0.0,0.0,0.0,247.44,-9.24,,,22.5,17,2,12,3,-0.9976687691905393,-0.06824241336467046,False,False,False,True,False,False
2024-12-13 18:00:00,52.0,1019.73,19.19,0.0,0.0,0.0,256.21,-20.42,,,22.3,18,1,12,3,-0.979084087682323,0.2034560130526333,False,False,False,True,False,False
2024-12-13 19:00:00,52.07,1019.8,19.18,0.0,0.0,0.0,265.95,-33.19,,,22.3,19,1,12,3,-0.8878852184023756,0.4600650377311516,False,False,False,True,False,False
2024-12-13 20:00:00,52.08,1021.7,19.14,0.0,0.0,0.0,275.7,-44.74,,,22.5,20,1,12,3,-0.730835964278124,0.6825531432186542,False,False,False,True,False,False
2024-12-13 21:00:00,51.96,1021.3,19.04,0.0,0.0,0.0,288.29,-56.03,,,22.5,21,1,12,3,-0.5195839500354336,0.8544194045464886,False,False,False,True,False,False
2024-12-14 07:00:00,45.24,1024.0,17.98,0.0,0.0,0.0,123.03,2.51,,,20.4,7,3,12,2,0.9422609221188205,-0.33487961217098616,False,False,False,False,True,False
2024-12-14 08:00:00,44.12,1024.73,17.86,0.0,0.0,0.0,131.99,10.24,,,20.3,8,3,12,2,0.8169698930104421,-0.5766803221148671,False,False,False,False,True,False
2024-12-14 09:00:00,43.15,1025.4,17.75,0.0,0.0,0.0,144.97,18.62,,,20.2,9,3,12,3,0.631087944326053,-0.7757112907044197,False,False,False,False,True,False
2024-12-14 10:00:00,42.75,1025.6,17.68,0.0,0.0,0.0,158.53,24.08,,,20.1,10,3,12,3,0.3984010898462414,-0.917211301505453,False,False,False,False,True,False
2024-12-14 11:00:00,41.79,1023.93,17.64,0.0,0.0,0.0,173.4,26.88,,,20.0,11,3,12,3,0.1361666490962471,-0.9906859460363306,False,False,False,False,True,False
2024-12-14 12:00:00,41.17,1023.7,17.68,0.0,0.0,0.0,188.15,26.72,,,20.0,12,2,12,0,-0.1361666490962464,-0.9906859460363308,False,False,False,False,True,False
2024-12-14 13:00:00,41.31,1023.4,17.68,0.0,0.0,0.0,202.95,23.62,,,19.9,13,2,12,3,-0.39840108984624156,-0.9172113015054529,False,False,False,False,True,False
2024-12-14 14:00:00,40.9,1023.4,17.67,0.0,0.0,0.0,216.34,17.91,,,19.8,14,2,12,3,-0.6310879443260528,-0.7757112907044198,False,False,False,False,True,False
2024-12-14 15:00:00,40.66,1023.4,17.65,0.0,0.0,0.0,229.23,9.26,,,19.8,15,2,12,3,-0.816969893010442,-0.5766803221148672,False,False,False,False,True,False
2024-12-14 16:00:00,41.22,1023.2,17.65,0.0,0.0,0.0,238.01,1.43,,,19.7,16,2,12,3,-0.9422609221188204,-0.3348796121709864,False,False,False,False,True,False
2024-12-14 17:00:00,41.8,1024.38,17.64,0.0,0.0,0.0,247.36,-9.24,,,19.7,17,2,12,3,-0.9976687691905393,-0.06824241336467046,False,False,False,False,True,False
2024-12-14 18:00:00,42.23,1025.32,17.64,0.0,0.0,0.0,256.14,-20.41,,,19.7,18,1,12,3,-0.979084087682323,0.2034560130526333,False,False,False,False,True,False
2024-12-14 19:00:00,42.77,1025.7,17.59,0.0,0.0,0.0,265.87,-33.18,,,19.6,19,1,12,3,-0.8878852184023756,0.4600650377311516,False,False,False,False,True,False
2024-12-14 20:00:00,43.01,1026.1,17.54,0.0,0.0,0.0,275.6,-44.73,,,19.6,20,1,12,3,-0.730835964278124,0.6825531432186542,False,False,False,False,True,False
2024-12-14 21:00:00,42.58,1026.6,17.43,0.0,0.0,0.0,288.16,-56.03,,,19.5,21,1,12,3,-0.5195839500354336,0.8544194045464886,False,False,False,False,True,False
2024-12-15 07:00:00,39.48,1027.95,16.57,0.0,0.0,0.0,122.91,2.3,,,18.7,7,3,12,2,0.9422609221188205,-0.33487961217098616,False,False,False,False,False,True
2024-12-15 08:00:00,39.77,1028.25,16.55,0.0,0.0,0.0,132.06,10.23,,,18.6,8,3,12,2,0.8169698930104421,-0.5766803221148671,False,False,False,False,False,True
2024-12-15 09:00:00,40.15,1029.13,16.54,0.0,0.0,0.0,145.05,18.6,,,18.6,9,3,12,3,0.631087944326053,-0.7757112907044197,False,False,False,False,False,True
2024-12-15 10:00:00,40.42,1029.65,16.49,0.0,0.0,0.0,158.61,24.05,,,18.5,10,3,12,3,0.3984010898462414,-0.917211301505453,False,False,False,False,False,True
2024-12-15 11:00:00,40.48,1028.77,16.5,0.0,0.0,0.0,173.47,26.83,,,18.5,11,3,12,3,0.1361666490962471,-0.9906859460363306,False,False,False,False,False,True
2024-12-15 12:00:00,40.07,1028.8,16.47,0.0,0.0,0.0,188.14,26.67,,,18.5,12,2,12,0,-0.1361666490962464,-0.9906859460363308,False,False,False,False,False,True
2024-12-15 13:00:00,40.08,1028.8,16.5,0.0,0.0,0.0,202.93,23.57,,,18.5,13,2,12,3,-0.39840108984624156,-0.9172113015054529,False,False,False,False,False,True
2024-12-15 14:00:00,40.58,1028.25,16.54,0.0,0.0,0.0,216.31,17.87,,,18.4,14,2,12,3,-0.6310879443260528,-0.7757112907044198,False,False,False,False,False,True
2024-12-15 15:00:00,41.16,1028.8,16.55,0.0,0.0,0.0,228.98,9.41,,,18.4,15,2,12,3,-0.816969893010442,-0.5766803221148672,False,False,False,False,False,True
2024-12-15 16:00:00,41.59,1029.3,16.56,0.0,0.0,0.0,237.76,1.6,,,18.4,16,2,12,3,-0.9422609221188204,-0.3348796121709864,False,False,False,False,False,True
2024-12-15 17:00:00,41.94,1029.97,16.56,0.0,0.0,0.0,247.3,-9.24,,,18.4,17,2,12,3,-0.9976687691905393,-0.06824241336467046,False,False,False,False,False,True
2024-12-15 18:00:00,42.38,1031.0,16.55,0.0,0.0,0.0,256.08,-20.41,,,18.4,18,1,12,3,-0.979084087682323,0.2034560130526333,False,False,False,False,False,True
2024-12-15 19:00:00,42.72,1031.5,16.54,0.0,0.0,0.0,265.8,-33.18,,,18.4,19,1,12,3,-0.8878852184023756,0.4600650377311516,False,False,False,False,False,True
2024-12-15 20:00:00,43.14,1032.0,16.54,0.0,0.0,0.0,275.52,-44.73,,,18.3,20,1,12,3,-0.730835964278124,0.6825531432186542,False,False,False,False,False,True
2024-12-15 21:00:00,43.42,1032.5,16.53,0.0,0.0,0.0,288.06,-56.03,,,18.3,21,1,12,3,-0.5195839500354336,0.8544194045464886,False,False,False,False,False,True
2024-12-16 07:00:00,44.93,1035.6,17.47,0.0,0.0,0.0,122.97,2.29,,,17.8,7,3,12,2,0.9422609221188205,-0.33487961217098616,False,False,False,False,False,False
2024-12-16 08:00:00,46.93,1036.05,18.88,0.0,0.0,0.0,131.8,9.99,,,18.2,8,3,12,2,0.8169698930104421,-0.5766803221148671,False,False,False,False,False,False
2024-12-16 09:00:00,49.12,1036.2,19.69,0.0,0.0,0.0,144.27,18.15,,,19.2,9,3,12,3,0.631087944326053,-0.7757112907044197,False,False,False,False,False,False
2024-12-16 10:00:00,48.63,1035.7,19.62,0.0,0.0,0.0,157.73,23.74,,,20.3,10,3,12,3,0.3984010898462414,-0.917211301505453,False,False,False,False,False,False
2024-12-16 11:00:00,49.1,1034.7,19.98,0.0,0.0,0.0,172.57,26.7,,,20.4,11,3,12,3,0.1361666490962471,-0.9906859460363306,False,False,False,False,False,False
2024-12-16 12:00:00,50.4,1033.63,18.93,0.0,0.0,0.0,188.13,26.63,,,20.5,12,2,12,0,-0.1361666490962464,-0.9906859460363308,False,False,False,False,False,False
2024-12-16 13:00:00,52.01,1032.7,18.24,0.0,0.0,0.0,202.92,23.54,,,20.5,13,2,12,3,-0.39840108984624156,-0.9172113015054529,False,False,False,False,False,False
2024-12-16 14:00:00,51.24,1032.5,18.06,0.0,0.0,0.0,216.29,17.83,,,20.4,14,2,12,3,-0.6310879443260528,-0.7757112907044198,False,False,False,False,False,False
2024-12-16 15:00:00,51.75,1032.2,19.0,0.0,0.0,0.0,228.92,9.4,,,20.2,15,2,12,3,-0.816969893010442,-0.5766803221148672,False,False,False,False,False,False
2024-12-16 16:00:00,50.44,1032.5,19.37,0.0,0.0,0.0,237.78,1.54,,,19.9,16,2,12,3,-0.9422609221188204,-0.3348796121709864,False,False,False,False,False,False
2024-12-16 17:00:00,50.45,1032.5,19.98,0.0,0.0,0.0,247.25,-9.24,,,21.3,17,2,12,3,-0.9976687691905393,-0.06824241336467046,False,False,False,False,False,False
2024-12-16 18:00:00,51.4,1032.8,20.48,0.0,0.0,0.0,256.02,-20.41,,,21.2,18,1,12,3,-0.979084087682323,0.2034560130526333,False,False,False,False,False,False
2024-12-16 19:00:00,55.2,1032.8,20.48,0.0,0.0,0.0,265.74,-33.18,,,21.6,19,1,12,3,-0.8878852184023756,0.4600650377311516,False,False,False,False,False,False
2024-12-16 20:00:00,55.27,1032.8,19.4,0.0,0.0,0.0,275.45,-44.72,,,22.0,20,1,12,3,-0.730835964278124,0.6825531432186542,False,False,False,False,False,False
2024-12-16 21:00:00,53.92,1032.8,18.56,0.0,0.0,0.0,287.97,-56.03,,,21.9,21,1,12,3,-0.5195839500354336,0.8544194045464886,False,False,False,False,False,False
2024-12-17 07:00:00,47.37,1030.23,18.65,0.0,0.0,0.0,122.85,2.13,,,18.9,7,3,12,2,0.9422609221188205,-0.33487961217098616,True,False,False,False,False,False
2024-12-17 08:00:00,52.45,1030.23,19.95,0.0,0.0,0.0,131.65,9.82,,,19.6,8,3,12,2,0.8169698930104421,-0.5766803221148671,True,False,False,False,False,False
2024-12-17 09:00:00,52.31,1029.65,20.06,0.0,0.0,0.0,144.33,18.14,,,20.2,9,3,12,3,0.631087944326053,-0.7757112907044197,True,False,False,False,False,False
2024-12-17 10:00:00,49.04,1029.3,19.34,0.0,0.0,0.0,157.79,23.72,,,21.1,10,3,12,3,0.3984010898462414,-0.917211301505453,True,False,False,False,False,False
2024-12-17 11:00:00,50.89,1028.78,19.84,0.0,0.0,0.0,172.62,26.68,,,21.1,11,3,12,3,0.1361666490962471,-0.9906859460363306,True,False,False,False,False,False
2024-12-17 12:00:00,49.66,1026.9,19.65,0.0,0.0,0.0,188.13,26.6,,,20.9,12,2,12,0,-0.1361666490962464,-0.9906859460363308,True,False,False,False,False,False
2024-12-17 13:00:00,48.78,1026.6,18.7,0.0,0.0,0.0,202.9,23.5,,,21.4,13,2,12,3,-0.39840108984624156,-0.9172113015054529,True,False,False,False,False,False
2024-12-17 14:00:00,50.2,1026.1,18.44,0.0,0.0,0.0,216.29,17.8,,,21.1,14,2,12,3,-0.6310879443260528,-0.7757112907044198,True,False,False,False,False,False
2024-12-17 15:00:00,49.29,1025.97,19.09,0.0,0.0,0.0,228.92,9.36,,,20.5,15,2,12,3,-0.816969893010442,-0.5766803221148672,True,False,False,False,False,False
2024-12-17 16:00:00,51.16,1025.97,20.11,0.0,0.0,0.0,237.73,1.54,,,20.6,16,2,12,3,-0.9422609221188204,-0.3348796121709864,True,False,False,False,False,False
2024-12-17 17:00:00,51.01,1026.1,20.3,0.0,0.0,0.0,247.2,-9.24,,,21.1,17,2,12,3,-0.9976687691905393,-0.06824241336467046,True,False,False,False,False,False
2024-12-17 18:00:00,50.06,1026.1,20.83,0.0,0.0,0.0,255.98,-20.41,,,21.0,18,1,12,3,-0.979084087682323,0.2034560130526333,True,False,False,False,False,False
2024-12-17 19:00:00,48.48,1026.4,21.08,0.0,0.0,0.0,265.69,-33.17,,,21.3,19,1,12,3,-0.8878852184023756,0.4600650377311516,True,False,False,False,False,False
2024-12-17 20:00:00,48.19,1026.25,20.26,0.0,0.0,0.0,275.4,-44.72,,,21.3,20,1,12,3,-0.730835964278124,0.6825531432186542,True,False,False,False,False,False
2024-12-17 21:00:00,49.63,1026.25,19.18,0.0,0.0,0.0,287.9,-56.03,,,21.5,21,1,12,3,-0.5195839500354336,0.8544194045464886,True,False,False,False,False,False
2024-12-18 07:00:00,47.76,1025.4,18.55,0.0,0.0,0.0,122.88,2.13,,,19.4,7,3,12,2,0.9422609221188205,-0.33487961217098616,False,True,False,False,False,False
2024-12-18 08:00:00,52.26,1025.4,19.83,0.0,0.0,0.0,131.69,9.82,,,19.8,8,3,12,2,0.8169698930104421,-0.5766803221148671,False,True,False,False,False,False
2024-12-18 09:00:00,53.99,1024.7,20.4,0.0,0.0,0.0,144.38,18.13,,,20.7,9,3,12,3,0.631087944326053,-0.7757112907044197,False,True,False,False,False,False
2024-12-18 10:00:00,51.6,1024.03,20.63,0.0,0.0,0.0,157.83,23.71,,,21.7,10,3,12,3,0.3984010898462414,-0.917211301505453,False,True,False,False,False,False
2024-12-18 11:00:00,53.07,1023.2,21.46,0.0,0.0,0.0,172.67,26.65,,,22.2,11,3,12,3,0.1361666490962471,-0.9906859460363306,False,True,False,False,False,False
2024-12-18 12:00:00,48.33,1022.6,21.36,0.0,0.0,0.0,188.12,26.57,,,22.2,12,2,12,0,-0.1361666490962464,-0.9906859460363308,False,True,False,False,False,False
2024-12-18 13:00:00,41.4,1021.67,20.32,0.0,0.0,0.0,202.89,23.48,,,22.3,13,2,12,3,-0.39840108984624156,-0.9172113015054529,False,True,False,False,False,False
2024-12-18 14:00:00,39.66,1021.62,19.79,0.0,0.0,0.0,216.26,17.78,,,22.3,14,2,12,3,-0.6310879443260528,-0.7757112907044198,False,True,False,False,False,False
2024-12-18 15:00:00,47.46,1021.0,20.41,0.0,0.0,0.0,228.89,9.35,,,21.8,15,2,12,3,-0.816969893010442,-0.5766803221148672,False,True,False,False,False,False
2024-12-18 16:00:00,53.94,1021.3,20.74,0.0,0.0,0.0,237.68,1.55,,,21.9,16,2,12,3,-0.9422609221188204,-0.3348796121709864,False,True,False,False,False,False
2024-12-18 17:00:00,53.38,1021.32,20.56,0.0,0.0,0.0,246.2,-8.06,16.3,34.4,22.3,17,2,12,3,-0.9976687691905393,-0.06824241336467046,False,True,False,False,False,False
2024-12-18 18:00:00,52.54,1021.85,20.79,0.0,0.0,0.0,255.11,-19.31,15.4,55.5,22.4,18,1,12,3,-0.979084087682323,0.2034560130526333,False,True,False,False,False,False
2024-12-18 19:00:00,51.0,1021.7,20.84,0.0,0.0,0.0,265.08,-32.44,15.0,53.9,22.4,19,1,12,3,-0.8878852184023756,0.4600650377311516,False,True,False,False,False,False
2024-12-18 20:00:00,50.44,1021.3,20.07,0.0,0.0,0.0,273.99,-43.24,14.7,1.6,22.5,20,1,12,3,-0.730835964278124,0.6825531432186542,False,True,False,False,False,False
2024-12-18 21:00:00,50.37,1021.15,19.57,0.0,0.0,0.0,285.96,-54.62,14.4,8.6,22.4,21,1,12,3,-0.5195839500354336,0.8544194045464886,False,True,False,False,False,False
2024-12-19 07:00:00,37.94,1017.1,19.54,0.0,0.0,0.0,122.91,2.13,13.4,100.0,20.3,7,3,12,2,0.9422609221188205,-0.33487961217098616,False,False,True,False,False,False
2024-12-19 08:00:00,38.2,1017.4,19.81,0.0,0.0,0.0,131.71,9.82,13.1,99.2,20.8,8,3,12,2,0.8169698930104421,-0.5766803221148671,False,False,True,False,False,False
2024-12-19 09:00:00,41.14,1017.66,20.59,0.0,0.0,0.0,144.4,18.13,13.9,100.0,21.8,9,3,12,3,0.631087944326053,-0.7757112907044197,False,False,True,False,False,False
2024-12-19 10:00:00,43.67,1017.05,20.73,0.0,0.0,0.0,157.85,23.71,15.7,100.0,22.7,10,3,12,3,0.3984010898462414,-0.917211301505453,False,False,True,False,False,False
2024-12-19 11:00:00,44.22,1015.57,20.84,0.0,0.0,0.0,172.68,26.65,17.4,100.0,23.2,11,3,12,3,0.1361666490962471,-0.9906859460363306,False,False,True,False,False,False
2024-12-19 12:00:00,43.4,1014.57,20.27,0.0,0.0,0.0,188.12,26.56,18.3,98.4,23.0,12,2,12,0,-0.1361666490962464,-0.9906859460363308,False,False,True,False,False,False
2024-12-19 13:00:00,44.62,1013.35,19.85,0.0,0.0,0.0,202.89,23.47,18.7,99.2,22.8,13,2,12,3,-0.39840108984624156,-0.9172113015054529,False,False,True,False,False,False
2024-12-19 14:00:00,45.44,1014.81,19.72,0.0,0.0,0.0,216.25,17.78,18.7,93.0,22.2,14,2,12,3,-0.6310879443260528,-0.7757112907044198,False,False,True,False,False,False
2024-12-19 15:00:00,44.1,1014.67,20.39,0.0,0.0,0.0,228.87,9.35,18.8,46.1,22.0,15,2,12,3,-0.816969893010442,-0.5766803221148672,False,False,True,False,False,False
2024-12-19 16:00:00,43.9,1014.75,21.27,0.0,0.0,0.0,237.46,1.77,18.1,3.1,22.1,16,2,12,3,-0.9422609221188204,-0.3348796121709864,False,False,True,False,False,False
2024-12-19 17:00:00,42.83,1015.4,21.71,0.0,0.0,0.0,246.16,-8.04,16.9,3.1,22.4,17,2,12,3,-0.9976687691905393,-0.06824241336467046,False,False,True,False,False,False
2024-12-19 18:00:00,46.82,1016.18,21.74,0.0,0.0,0.0,255.09,-19.31,16.2,8.6,23.0,18,1,12,3,-0.979084087682323,0.2034560130526333,False,False,True,False,False,False
2024-12-19 19:00:00,48.82,1017.1,21.86,0.0,0.0,0.0,265.62,-33.17,15.1,7.8,23.7,19,1,12,3,-0.8878852184023756,0.4600650377311516,False,False,True,False,False,False
2024-12-19 20:00:00,49.4,1018.06,21.11,0.0,0.0,0.0,275.32,-44.72,13.8,13.3,23.4,20,1,12,3,-0.730835964278124,0.6825531432186542,False,False,True,False,False,False
2024-12-19 21:00:00,47.79,1019.15,20.47,0.0,0.0,0.0,287.8,-56.04,12.6,3.9,23.3,21,1,12,3,-0.5195839500354336,0.8544194045464886,False,False,True,False,False,False
2024-12-20 07:00:00,35.9,1022.35,20.01,0.0,0.0,0.0,122.75,1.97,6.9,10.2,20.5,7,3,12,2,0.9422609221188205,-0.33487961217098616,False,False,False,True,False,False
2024-12-20 08:00:00,35.61,1022.55,20.95,0.0,0.0,0.0,131.53,9.66,6.8,8.6,20.8,8,3,12,2,0.8169698930104421,-0.5766803221148671,False,False,False,True,False,False
2024-12-20 09:00:00,35.1,1022.7,21.39,0.0,0.0,0.0,144.42,18.13,8.2,8.6,21.3,9,3,12,3,0.631087944326053,-0.7757112907044197,False,False,False,True,False,False
2024-12-20 10:00:00,34.7,1022.4,20.23,0.0,0.0,0.0,157.87,23.7,9.8,4.7,22.0,10,3,12,3,0.3984010898462414,-0.917211301505453,False,False,False,True,False,False
2024-12-20 11:00:00,42.59,1021.9,21.02,0.0,0.0,0.0,172.69,26.64,11.6,2.3,22.8,11,3,12,3,0.1361666490962471,-0.9906859460363306,False,False,False,True,False,False
2024-12-20 12:00:00,40.33,1021.47,20.68,0.0,0.0,0.0,188.12,26.55,13.1,0.8,22.5,12,2,12,0,-0.1361666490962464,-0.9906859460363308,False,False,False,True,False,False
2024-12-20 13:00:00,39.33,1020.5,20.25,0.0,0.0,0.0,202.89,23.46,14.6,0.0,22.5,13,2,12,3,-0.39840108984624156,-0.9172113015054529,False,False,False,True,False,False
2024-12-20 14:00:00,39.38,1020.5,19.88,0.0,0.0,0.0,216.25,17.77,15.1,0.0,22.0,14,2,12,3,-0.6310879443260528,-0.7757112907044198,False,False,False,True,False,False
2024-12-20 15:00:00,39.3,1020.5,19.77,0.0,0.0,0.0,228.66,9.51,15.1,0.0,22.0,15,2,12,3,-0.816969893010442,-0.5766803221148672,False,False,False,True,False,False
2024-12-20 16:00:00,39.0,1021.67,19.67,0.0,0.0,0.0,237.28,1.93,13.6,0.0,22.0,16,2,12,3,-0.9422609221188204,-0.3348796121709864,False,False,False,True,False,False
2024-12-20 17:00:00,38.55,1021.5,19.76,0.0,0.0,0.0,246.15,-8.04,11.8,0.0,21.9,17,2,12,3,-0.9976687691905393,-0.06824241336467046,False,False,False,True,False,False
2024-12-20 18:00:00,38.32,1022.37,19.75,0.0,0.0,0.0,255.08,-19.31,10.8,0.0,21.8,18,1,12,3,-0.979084087682323,0.2034560130526333,False,False,False,True,False,False
2024-12-20 19:00:00,38.39,1022.8,19.57,0.0,0.0,0.0,265.61,-33.17,10.0,0.0,22.5,19,1,12,3,-0.8878852184023756,0.4600650377311516,False,False,False,True,False,False
2024-12-20 20:00:00,38.47,1023.4,19.5,0.0,0.0,0.0,275.3,-44.72,8.9,0.0,23.0,20,1,12,3,-0.730835964278124,0.6825531432186542,False,False,False,True,False,False
2024-12-20 21:00:00,38.59,1023.7,19.34,0.0,0.0,0.0,287.78,-56.04,7.8,0.0,22.6,21,1,12,3,-0.5195839500354336,0.8544194045464886,False,False,False,True,False,False
2024-12-21 07:00:00,37.01,1025.55,18.43,0.0,0.0,0.0,122.76,1.97,3.7,0.0,20.8,7,3,12,2,0.9422609221188205,-0.33487961217098616,False,False,False,False,True,False
2024-12-21 08:00:00,37.02,1026.25,18.34,0.0,0.0,0.0,131.53,9.66,3.9,0.0,20.7,8,3,12,2,0.8169698930104421,-0.5766803221148671,False,False,False,False,True,False
2024-12-21 09:00:00,36.93,1026.8,18.22,0.0,0.0,0.0,144.42,18.13,6.1,0.0,20.5,9,3,12,3,0.631087944326053,-0.7757112907044197,False,False,False,False,True,False
2024-12-21 10:00:00,36.83,1026.4,18.14,0.0,0.0,0.0,157.87,23.7,9.1,0.0,20.4,10,3,12,3,0.3984010898462414,-0.917211301505453,False,False,False,False,True,False
2024-12-21 11:00:00,37.01,1025.73,18.09,0.0,0.0,0.0,172.7,26.63,11.6,0.0,20.4,11,3,12,3,0.1361666490962471,-0.9906859460363306,False,False,False,False,True,False
2024-12-21 12:00:00,37.01,1025.1,18.09,0.0,0.0,0.0,188.12,26.55,13.0,0.0,20.3,12,2,12,0,-0.1361666490962464,-0.9906859460363308,False,False,False,False,True,False
2024-12-21 13:00:00,37.13,1025.4,18.06,0.0,0.0,0.0,202.88,23.46,14.05,0.0,20.3,13,2,12,3,-0.39840108984624156,-0.9172113015054529,False,False,False,False,True,False
2024-12-21 14:00:00,37.16,1024.55,18.05,0.0,0.0,0.0,216.25,17.77,14.7,0.0,20.2,14,2,12,3,-0.6310879443260528,-0.7757112907044198,False,False,False,False,True,False
2024-12-21 15:00:00,37.46,1024.4,18.01,0.0,0.0,0.0,228.65,9.52,14.6,0.0,20.2,15,2,12,3,-0.816969893010442,-0.5766803221148672,False,False,False,False,True,False
2024-12-21 16:00:00,37.74,1024.7,17.98,0.0,0.0,0.0,237.28,1.93,13.6,0.0,20.1,16,2,12,3,-0.9422609221188204,-0.3348796121709864,False,False,False,False,True,False
2024-12-21 17:00:00,38.03,1025.6,17.96,0.0,0.0,0.0,246.15,-8.04,11.5,0.0,20.1,17,2,12,3,-0.9976687691905393,-0.06824241336467046,False,False,False,False,True,False
2024-12-21 18:00:00,38.12,1025.4,17.94,0.0,0.0,0.0,255.08,-19.31,9.7,0.0,20.0,18,1,12,3,-0.979084087682323,0.2034560130526333,False,False,False,False,True,False
2024-12-21 19:00:00,38.66,1025.4,17.87,0.0,0.0,0.0,265.61,-33.17,8.5,0.0,20.0,19,1,12,3,-0.8878852184023756,0.4600650377311516,False,False,False,False,True,False
2024-12-21 20:00:00,38.94,1025.1,17.8,0.0,0.0,0.0,275.3,-44.72,7.7,0.0,19.9,20,1,12,3,-0.730835964278124,0.6825531432186542,False,False,False,False,True,False
2024-12-21 21:00:00,39.1,1025.75,17.72,0.0,0.0,0.0,287.78,-56.04,7.3,0.0,19.9,21,1,12,3,-0.5195839500354336,0.8544194045464886,False,False,False,False,True,False
2024-12-22 07:00:00,39.76,1023.2,17.16,0.0,0.0,0.0,122.55,1.75,6.4,8.6,19.1,7,3,12,2,0.9422609221188205,-0.33487961217098616,False,False,False,False,False,True
2024-12-22 08:00:00,39.81,1023.08,17.05,0.0,0.0,0.0,131.53,9.66,6.8,49.2,19.0,8,3,12,2,0.8169698930104421,-0.5766803221148671,False,False,False,False,False,True
2024-12-22 09:00:00,39.71,1023.4,17.02,0.0,0.0,0.0,144.42,18.13,8.9,65.6,19.0,9,3,12,3,0.631087944326053,-0.7757112907044197,False,False,False,False,False,True
2024-12-22 10:00:00,39.65,1022.7,16.95,0.0,0.0,0.0,157.87,23.7,11.7,15.6,18.9,10,3,12,3,0.3984010898462414,-0.917211301505453,False,False,False,False,False,True
2024-12-22 11:00:00,39.82,1021.68,16.94,0.0,0.0,0.0,172.18,26.6,14.5,81.2,18.9,11,3,12,3,0.1361666490962471,-0.9906859460363306,False,False,False,False,False,True
2024-12-22 12:00:00,40.07,1019.82,16.91,0.0,0.0,0.0,187.1,26.66,16.8,75.8,18.8,12,2,12,0,-0.1361666490962464,-0.9906859460363308,False,False,False,False,False,True
2024-12-22 13:00:00,40.36,1018.27,16.92,0.0,0.0,0.0,201.94,23.76,18.0,50.8,18.9,13,2,12,3,-0.39840108984624156,-0.9172113015054529,False,False,False,False,False,True
2024-12-22 14:00:00,40.88,1017.45,16.97,0.0,0.0,0.0,215.41,18.22,18.6,13.3,18.8,14,2,12,3,-0.6310879443260528,-0.7757112907044198,False,False,False,False,False,True
2024-12-22 15:00:00,41.29,1016.42,17.01,0.0,0.0,0.0,228.36,9.74,18.3,5.5,18.8,15,2,12,3,-0.816969893010442,-0.5766803221148672,False,False,False,False,False,True
2024-12-22 16:00:00,41.52,1015.9,17.01,0.0,0.0,0.0,237.29,1.93,17.4,61.7,18.8,16,2,12,3,-0.9422609221188204,-0.3348796121709864,False,False,False,False,False,True
2024-12-22 17:00:00,41.75,1015.75,17.01,0.0,0.0,0.0,246.16,-8.04,16.0,80.5,18.8,17,2,12,3,-0.9976687691905393,-0.06824241336467046,False,False,False,False,False,True
2024-12-22 18:00:00,41.18,1016.17,17.0,0.0,0.0,0.0,255.09,-19.31,14.9,98.4,18.8,18,1,12,3,-0.979084087682323,0.2034560130526333,False,False,False,False,False,True
2024-12-22 19:00:00,41.12,1016.6,16.97,0.0,0.0,0.0,265.62,-33.17,15.9,78.1,18.8,19,1,12,3,-0.8878852184023756,0.4600650377311516,False,False,False,False,False,True
2024-12-22 20:00:00,40.59,1016.45,16.93,0.0,0.0,0.0,275.32,-44.72,14.2,22.7,18.8,20,1,12,3,-0.730835964278124,0.6825531432186542,False,False,False,False,False,True
2024-12-22 21:00:00,40.18,1016.45,16.9,0.0,0.0,0.0,287.8,-56.04,12.8,27.3,18.7,21,1,12,3,-0.5195839500354336,0.8544194045464886,False,False,False,False,False,True
2024-12-23 07:00:00,35.28,1018.71,16.29,0.0,0.0,0.0,122.53,1.75,11.1,98.4,17.8,7,3,12,2,0.9422609221188205,-0.33487961217098616,False,False,False,False,False,False
2024-12-23 08:00:00,35.34,1019.21,16.24,0.0,0.0,0.0,131.22,9.44,11.3,98.4,17.7,8,3,12,2,0.8169698930104421,-0.5766803221148671,False,False,False,False,False,False
2024-12-23 09:00:00,35.05,1019.52,16.22,0.0,0.0,0.0,143.56,17.68,12.3,97.7,17.6,9,3,12,3,0.631087944326053,-0.7757112907044197,False,False,False,False,False,False
2024-12-23 10:00:00,35.3,1019.5,16.23,0.0,0.0,0.0,156.9,23.41,13.6,95.3,17.6,10,3,12,3,0.3984010898462414,-0.917211301505453,False,False,False,False,False,False
2024-12-23 11:00:00,34.69,1018.51,16.23,0.0,0.0,0.0,171.66,26.54,14.4,93.0,17.6,11,3,12,3,0.1361666490962471,-0.9906859460363306,False,False,False,False,False,False
2024-12-23 12:00:00,34.25,1018.53,16.24,0.0,0.0,0.0,187.1,26.67,14.6,92.2,17.6,12,2,12,0,-0.1361666490962464,-0.9906859460363308,False,False,False,False,False,False
2024-12-23 13:00:00,34.05,1018.29,16.27,0.0,0.0,0.0,201.94,23.77,15.4,62.5,17.5,13,2,12,3,-0.39840108984624156,-0.9172113015054529,False,False,False,False,False,False
2024-12-23 14:00:00,33.74,1018.12,16.3,0.0,0.0,0.0,215.42,18.23,15.4,26.6,17.5,14,2,12,3,-0.6310879443260528,-0.7757112907044198,False,False,False,False,False,False
2024-12-23 15:00:00,33.04,1017.75,16.35,0.0,0.0,0.0,228.38,9.74,15.1,15.6,17.6,15,2,12,3,-0.816969893010442,-0.5766803221148672,False,False,False,False,False,False
2024-12-23 16:00:00,32.73,1018.33,16.34,0.0,0.0,0.0,237.24,1.99,14.1,25.0,17.6,16,2,12,3,-0.9422609221188204,-0.3348796121709864,False,False,False,False,False,False
2024-12-23 17:00:00,31.94,1018.89,16.32,0.0,0.0,0.0,246.18,-8.04,12.5,20.3,17.6,17,2,12,3,-0.9976687691905393,-0.06824241336467046,False,False,False,False,False,False
2024-12-23 18:00:00,32.05,1019.4,16.3,0.0,0.0,0.0,255.11,-19.31,11.6,34.4,17.6,18,1,12,3,-0.979084087682323,0.2034560130526333,False,False,False,False,False,False
2024-12-23 19:00:00,32.43,1019.4,16.28,0.0,0.0,0.0,265.64,-33.17,10.8,49.2,17.6,19,1,12,3,-0.8878852184023756,0.4600650377311516,False,False,False,False,False,False
2024-12-23 20:00:00,33.13,1020.15,16.3,0.0,0.0,0.0,275.34,-44.72,10.0,60.9,17.5,20,1,12,3,-0.730835964278124,0.6825531432186542,False,False,False,False,False,False
2024-12-23 21:00:00,33.33,1020.73,16.29,0.0,0.0,0.0,287.83,-56.04,8.9,77.3,17.5,21,1,12,3,-0.5195839500354336,0.8544194045464886,False,False,False,False,False,False
2024-12-24 07:00:00,36.09,1021.5,15.99,0.0,0.0,0.0,122.34,1.59,5.0,1.6,17.4,7,3,12,2,0.9422609221188205,-0.33487961217098616,True,False,False,False,False,False
2024-12-24 08:00:00,36.28,1022.2,15.95,0.0,0.0,0.0,131.0,9.29,5.5,2.3,17.3,8,3,12,2,0.8169698930104421,-0.5766803221148671,True,False,False,False,False,False
2024-12-24 09:00:00,36.62,1022.0,15.88,0.0,0.0,0.0,143.53,17.69,7.9,5.5,17.3,9,3,12,3,0.631087944326053,-0.7757112907044197,True,False,False,False,False,False
2024-12-24 10:00:00,36.92,1021.33,15.86,0.0,0.0,0.0,156.87,23.42,11.0,8.6,17.2,10,3,12,3,0.3984010898462414,-0.917211301505453,True,False,False,False,False,False
2024-12-24 11:00:00,37.21,1020.1,15.85,0.0,0.0,0.0,171.63,26.56,13.9,1.6,17.3,11,3,12,3,0.1361666490962471,-0.9906859460363306,True,False,False,False,False,False
2024-12-24 12:00:00,37.49,1019.45,15.83,0.0,0.0,0.0,187.11,26.69,16.1,0.0,17.3,12,2,12,0,-0.1361666490962464,-0.9906859460363308,True,False,False,False,False,False
2024-12-24 13:00:00,37.78,1018.8,15.88,0.0,0.0,0.0,201.95,23.79,17.6,0.0,17.3,13,2,12,3,-0.39840108984624156,-0.9172113015054529,True,False,False,False,False,False
2024-12-24 14:00:00,38.12,1018.8,15.92,0.0,0.0,0.0,215.43,18.25,19.0,0.0,17.2,14,2,12,3,-0.6310879443260528,-0.7757112907044198,True,False,False,False,False,False
2024-12-24 15:00:00,38.35,1019.0,15.95,0.0,0.0,0.0,228.2,9.91,19.0,1.6,17.3,15,2,12,3,-0.816969893010442,-0.5766803221148672,True,False,False,False,False,False
2024-12-24 16:00:00,38.85,1019.45,16.0,0.0,0.0,0.0,237.18,2.08,17.5,1.6,17.3,16,2,12,3,-0.9422609221188204,-0.3348796121709864,True,False,False,False,False,False
2024-12-24 17:00:00,39.18,1019.3,15.95,0.0,0.0,0.0,246.21,-8.04,14.9,3.1,17.3,17,2,12,3,-0.9976687691905393,-0.06824241336467046,True,False,False,False,False,False
2024-12-24 18:00:00,39.33,1019.62,15.98,0.0,0.0,0.0,253.96,-17.76,13.9,3.1,17.3,18,1,12,3,-0.979084087682323,0.2034560130526333,True,False,False,False,False,False
2024-12-24 19:00:00,39.49,1020.33,15.98,0.0,0.0,0.0,262.72,-29.34,13.8,0.8,17.3,19,1,12,3,-0.8878852184023756,0.4600650377311516,True,False,False,False,False,False
2024-12-24 20:00:00,39.93,1020.33,15.95,0.0,0.0,0.0,271.95,-40.88,12.9,0.0,17.2,20,1,12,3,-0.730835964278124,0.6825531432186542,True,False,False,False,False,False
2024-12-24 21:00:00,40.34,1022.0,15.96,0.0,0.0,0.0,283.22,-52.33,11.4,0.0,17.3,21,1,12,3,-0.5195839500354336,0.8544194045464886,True,False,False,False,False,False
2024-12-25 07:00:00,43.7,1022.9,15.69,0.0,0.0,0.0,122.3,1.59,6.1,0.0,17.0,7,3,12,2,0.9422609221188205,-0.33487961217098616,False,True,False,False,False,False
2024-12-25 08:00:00,43.85,1023.55,15.64,0.0,0.0,0.0,130.96,9.29,6.9,0.0,16.9,8,3,12,2,0.8169698930104421,-0.5766803221148671,False,True,False,False,False,False
2024-12-25 09:00:00,44.02,1024.2,15.63,0.0,0.0,0.0,143.48,17.69,10.5,0.0,17.0,9,3,12,3,0.631087944326053,-0.7757112907044197,False,True,False,False,False,False
2024-12-25 10:00:00,44.28,1025.15,15.62,0.0,0.0,0.0,156.82,23.44,13.9,0.0,16.9,10,3,12,3,0.3984010898462414,-0.917211301505453,False,True,False,False,False,False
2024-12-25 11:00:00,45.94,1025.15,15.61,0.0,0.0,0.0,171.58,26.58,15.9,18.0,16.9,11,3,12,3,0.1361666490962471,-0.9906859460363306,False,True,False,False,False,False
2024-12-25 12:00:00,47.53,1024.55,15.65,0.0,0.0,0.0,187.11,26.72,16.4,31.2,17.0,12,2,12,0,-0.1361666490962464,-0.9906859460363308,False,True,False,False,False,False
2024-12-25 13:00:00,48.56,1024.0,15.7,0.0,0.0,0.0,201.96,23.82,17.3,86.7,17.1,13,2,12,3,-0.39840108984624156,-0.9172113015054529,False,True,False,False,False,False
2024-12-25 14:00:00,49.15,1024.0,15.73,0.0,0.0,0.0,215.44,18.28,16.5,78.9,17.1,14,2,12,3,-0.6310879443260528,-0.7757112907044198,False,True,False,False,False,False
2024-12-25 15:00:00,49.34,1024.4,15.73,0.0,0.0,0.0,228.22,9.94,15.7,88.3,17.1,15,2,12,3,-0.816969893010442,-0.5766803221148672,False,True,False,False,False,False
2024-12-25 16:00:00,49.45,1024.0,15.74,0.0,0.0,0.0,237.22,2.08,15.1,86.7,17.1,16,2,12,3,-0.9422609221188204,-0.3348796121709864,False,True,False,False,False,False
2024-12-25 17:00:00,49.38,1024.4,15.73,0.0,0.0,0.0,246.25,-8.04,14.6,91.4,17.1,17,2,12,3,-0.9976687691905393,-0.06824241336467046,False,True,False,False,False,False
2024-12-25 18:00:00,49.42,1024.7,15.73,0.0,0.0,0.0,254.0,-17.76,14.1,27.3,17.1,18,1,12,3,-0.979084087682323,0.2034560130526333,False,True,False,False,False,False
2024-12-25 19:00:00,49.58,1024.7,15.78,0.0,0.0,0.0,262.77,-29.34,13.3,73.4,17.1,19,1,12,3,-0.8878852184023756,0.4600650377311516,False,True,False,False,False,False
2024-12-25 20:00:00,49.39,1024.7,15.79,0.0,0.0,0.0,272.01,-40.89,13.4,100.0,17.0,20,1,12,3,-0.730835964278124,0.6825531432186542,False,True,False,False,False,False
2024-12-25 21:00:00,49.43,1025.4,15.77,0.0,0.0,0.0,283.29,-52.33,13.0,96.9,17.0,21,1,12,3,-0.5195839500354336,0.8544194045464886,False,True,False,False,False,False
2024-12-26 07:00:00,52.08,1025.1,15.65,0.0,0.0,0.0,122.25,1.59,8.6,57.05,16.8,7,3,12,2,0.9422609221188205,-0.33487961217098616,False,False,True,False,False,False
2024-12-26 08:00:00,52.3,1025.4,15.58,0.0,0.0,0.0,130.88,9.26,7.8,21.1,16.8,8,3,12,2,0.8169698930104421,-0.5766803221148671,False,False,True,False,False,False
2024-12-26 09:00:00,52.45,1025.7,15.59,0.0,0.0,0.0,143.43,17.7,10.2,13.3,16.8,9,3,12,3,0.631087944326053,-0.7757112907044197,False,False,True,False,False,False
2024-12-26 10:00:00,52.86,1025.4,15.58,0.0,0.0,0.0,156.77,23.46,13.1,5.5,16.7,10,3,12,3,0.3984010898462414,-0.917211301505453,False,False,True,False,False,False
2024-12-26 11:00:00,53.2,1025.6,15.57,0.0,0.0,0.0,171.53,26.62,15.0,5.5,16.8,11,3,12,3,0.1361666490962471,-0.9906859460363306,False,False,True,False,False,False
2024-12-26 12:00:00,53.54,1023.93,15.62,0.0,0.0,0.0,187.12,26.76,15.9,4.7,16.7,12,2,12,0,-0.1361666490962464,-0.9906859460363308,False,False,True,False,False,False
2024-12-26 13:00:00,53.74,1023.85,15.62,0.0,0.0,0.0,201.97,23.85,16.2,3.9,16.8,13,2,12,3,-0.39840108984624156,-0.9172113015054529,False,False,True,False,False,False
2024-12-26 14:00:00,53.71,1023.2,15.63,0.0,0.0,0.0,215.46,18.31,16.2,3.1,16.7,14,2,12,3,-0.6310879443260528,-0.7757112907044198,False,False,True,False,False,False
2024-12-26 15:00:00,53.65,1023.2,15.61,0.0,0.0,0.0,228.27,9.95,15.7,2.3,16.8,15,2,12,3,-0.816969893010442,-0.5766803221148672,False,False,True,False,False,False
2024-12-26 16:00:00,53.54,1023.35,15.64,0.0,0.0,0.0,236.97,2.39,14.8,3.1,16.7,16,2,12,3,-0.9422609221188204,-0.3348796121709864,False,False,True,False,False,False
2024-12-26 17:00:00,53.51,1024.0,15.63,0.0,0.0,0.0,245.9,-7.57,13.2,1.6,16.8,17,2,12,3,-0.9976687691905393,-0.06824241336467046,False,False,True,False,False,False
2024-12-26 18:00:00,53.34,1024.55,15.62,0.0,0.0,0.0,254.05,-17.76,12.7,0.8,16.7,18,1,12,3,-0.979084087682323,0.2034560130526333,False,False,True,False,False,False
2024-12-26 19:00:00,53.29,1025.6,15.64,0.0,0.0,0.0,262.82,-29.34,12.2,2.3,16.8,19,1,12,3,-0.8878852184023756,0.4600650377311516,False,False,True,False,False,False
2024-12-26 20:00:00,53.45,1025.55,15.62,0.0,0.0,0.0,272.07,-40.89,11.4,1.6,16.7,20,1,12,3,-0.730835964278124,0.6825531432186542,False,False,True,False,False,False
2024-12-26 21:00:00,53.52,1025.55,15.59,0.0,0.0,0.0,283.37,-52.33,10.1,4.7,16.8,21,1,12,3,-0.5195839500354336,0.8544194045464886,False,False,True,False,False,False
2024-12-27 07:00:00,53.84,1026.8,15.25,0.0,0.0,0.0,122.19,1.59,6.6,40.6,16.4,7,3,12,2,0.9422609221188205,-0.33487961217098616,False,False,False,True,False,False
2024-12-27 08:00:00,53.75,1027.1,15.2,0.0,0.0,0.0,130.82,9.27,6.6,49.2,16.4,8,3,12,2,0.8169698930104421,-0.5766803221148671,False,False,False,True,False,False
2024-12-27 09:00:00,53.88,1027.6,15.13,0.0,0.0,0.0,143.36,17.71,8.7,45.3,16.4,9,3,12,3,0.631087944326053,-0.7757112907044197,False,False,False,True,False,False
2024-12-27 10:00:00,54.22,1027.25,15.12,0.0,0.0,0.0,156.7,23.48,11.4,51.6,16.4,10,3,12,3,0.3984010898462414,-0.917211301505453,False,False,False,True,False,False
2024-12-27 11:00:00,54.33,1026.6,15.12,0.0,0.0,0.0,171.47,26.65,13.4,52.3,16.4,11,3,12,3,0.1361666490962471,-0.9906859460363306,False,False,False,True,False,False
2024-12-27 12:00:00,54.44,1025.97,15.11,0.0,0.0,0.0,186.65,26.83,14.5,53.9,16.4,12,2,12,0,-0.1361666490962464,-0.9906859460363308,False,False,False,True,False,False
2024-12-27 13:00:00,54.89,1025.4,15.12,0.0,0.0,0.0,201.99,23.9,14.4,65.6,16.4,13,2,12,3,-0.39840108984624156,-0.9172113015054529,False,False,False,True,False,False
2024-12-27 14:00:00,55.01,1025.4,15.19,0.0,0.0,0.0,215.48,18.35,14.7,60.2,16.4,14,2,12,3,-0.6310879443260528,-0.7757112907044198,False,False,False,True,False,False
2024-12-27 15:00:00,54.88,1025.7,15.09,0.0,0.0,0.0,228.12,10.13,14.5,72.7,16.4,15,2,12,3,-0.816969893010442,-0.5766803221148672,False,False,False,True,False,False
2024-12-27 16:00:00,54.77,1025.7,15.12,0.0,0.0,0.0,236.88,2.54,14.0,50.0,16.4,16,2,12,3,-0.9422609221188204,-0.3348796121709864,False,False,False,True,False,False
2024-12-27 17:00:00,54.82,1026.25,15.08,0.0,0.0,0.0,245.97,-7.58,12.9,13.3,16.4,17,2,12,3,-0.9976687691905393,-0.06824241336467046,False,False,False,True,False,False
2024-12-27 18:00:00,54.96,1026.8,15.05,0.0,0.0,0.0,254.11,-17.76,11.9,4.7,16.3,18,1,12,3,-0.979084087682323,0.2034560130526333,False,False,False,True,False,False
2024-12-27 19:00:00,55.05,1026.8,15.06,0.0,0.0,0.0,262.89,-29.35,10.9,6.2,16.4,19,1,12,3,-0.8878852184023756,0.4600650377311516,False,False,False,True,False,False
2024-12-27 20:00:00,55.14,1026.8,15.08,0.0,0.0,0.0,272.15,-40.89,10.3,24.2,16.3,20,1,12,3,-0.730835964278124,0.6825531432186542,False,False,False,True,False,False
2024-12-27 21:00:00,55.16,1026.8,15.03,0.0,0.0,0.0,283.47,-52.33,9.8,21.1,16.3,21,1,12,3,-0.5195839500354336,0.8544194045464886,False,False,False,True,False,False
2024-12-28 07:00:00,54.13,1026.6,14.56,0.0,0.0,0.0,122.13,1.59,5.3,1.6,15.9,7,3,12,2,0.9422609221188205,-0.33487961217098616,False,False,False,False,True,False
2024-12-28 08:00:00,53.17,1026.6,14.38,0.0,0.0,0.0,130.75,9.28,5.5,3.1,15.9,8,3,12,2,0.8169698930104421,-0.5766803221148671,False,False,False,False,True,False
2024-12-28 09:00:00,52.64,1026.6,14.32,0.0,0.0,0.0,143.27,17.73,7.8,4.7,15.9,9,3,12,3,0.631087944326053,-0.7757112907044197,False,False,False,False,True,False
2024-12-28 10:00:00,52.37,1026.4,14.34,0.0,0.0,0.0,156.62,23.51,10.6,3.1,15.7,10,3,12,3,0.3984010898462414,-0.917211301505453,False,False,False,False,True,False
2024-12-28 11:00:00,52.34,1025.73,14.38,0.0,0.0,0.0,171.39,26.7,13.1,2.3,15.7,11,3,12,3,0.1361666490962471,-0.9906859460363306,False,False,False,False,True,False
2024-12-28 12:00:00,52.35,1024.73,14.39,0.0,0.0,0.0,186.66,26.88,14.6,1.6,15.7,12,2,12,0,-0.1361666490962464,-0.9906859460363308,False,False,False,False,True,False
2024-12-28 13:00:00,52.32,1023.85,14.41,0.0,0.0,0.0,202.01,23.95,15.2,0.8,15.7,13,2,12,3,-0.39840108984624156,-0.9172113015054529,False,False,False,False,True,False
2024-12-28 14:00:00,52.32,1023.85,14.46,0.0,0.0,0.0,215.51,18.39,15.6,0.8,15.7,14,2,12,3,-0.6310879443260528,-0.7757112907044198,False,False,False,False,True,False
2024-12-28 15:00:00,52.54,1024.0,14.54,0.0,0.0,0.0,228.18,10.15,15.4,0.0,15.8,15,2,12,3,-0.816969893010442,-0.5766803221148672,False,False,False,False,True,False
2024-12-28 16:00:00,52.82,1024.0,14.53,0.0,0.0,0.0,236.96,2.53,14.6,0.0,15.8,16,2,12,3,-0.9422609221188204,-0.3348796121709864,False,False,False,False,True,False
2024-12-28 17:00:00,52.86,1024.0,14.56,0.0,0.0,0.0,246.04,-7.58,12.8,0.0,15.8,17,2,12,3,-0.9976687691905393,-0.06824241336467046,False,False,False,False,True,False
2024-12-28 18:00:00,52.92,1024.55,14.55,0.0,0.0,0.0,254.18,-17.76,12.0,0.0,15.8,18,1,12,3,-0.979084087682323,0.2034560130526333,False,False,False,False,True,False
2024-12-28 19:00:00,53.1,1025.1,14.57,0.0,0.0,0.0,262.97,-29.35,11.1,0.0,15.8,19,1,12,3,-0.8878852184023756,0.4600650377311516,False,False,False,False,True,False
2024-12-28 20:00:00,53.26,1024.9,14.55,0.0,0.0,0.0,272.23,-40.89,10.1,0.0,15.7,20,1,12,3,-0.730835964278124,0.6825531432186542,False,False,False,False,True,False
2024-12-28 21:00:00,53.53,1024.9,14.52,0.0,0.0,0.0,283.58,-52.33,8.9,0.0,15.8,21,1,12,3,-0.5195839500354336,0.8544194045464886,False,False,False,False,True,False
2024-12-29 07:00:00,51.56,1025.4,14.16,0.0,0.0,0.0,122.05,1.6,4.9,0.0,15.4,7,3,12,2,0.9422609221188205,-0.33487961217098616,False,False,False,False,False,True
2024-12-29 08:00:00,51.16,1025.4,14.1,0.0,0.0,0.0,130.66,9.28,5.4,0.8,15.3,8,3,12,2,0.8169698930104421,-0.5766803221148671,False,False,False,False,False,True
2024-12-29 09:00:00,50.42,1025.4,14.02,0.0,0.0,0.0,143.18,17.74,7.4,1.6,15.3,9,3,12,3,0.631087944326053,-0.7757112907044197,False,False,False,False,False,True
2024-12-29 10:00:00,50.14,1025.4,13.96,0.0,0.0,0.0,156.52,23.54,10.2,1.6,15.3,10,3,12,3,0.3984010898462414,-0.917211301505453,False,False,False,False,False,True
2024-12-29 11:00:00,50.15,1025.32,13.96,0.0,0.0,0.0,171.3,26.75,12.5,1.6,15.3,11,3,12,3,0.1361666490962471,-0.9906859460363306,False,False,False,False,False,True
2024-12-29 12:00:00,50.26,1023.7,13.99,0.0,0.0,0.0,186.66,26.94,14.0,0.0,15.2,12,2,12,0,-0.1361666490962464,-0.9906859460363308,False,False,False,False,False,True
2024-12-29 13:00:00,50.35,1023.7,14.0,0.0,0.0,0.0,202.03,24.0,14.5,0.0,15.3,13,2,12,3,-0.39840108984624156,-0.9172113015054529,False,False,False,False,False,True
2024-12-29 14:00:00,50.4,1023.4,14.0,0.0,0.0,0.0,215.55,18.45,14.7,0.0,15.3,14,2,12,3,-0.6310879443260528,-0.7757112907044198,False,False,False,False,False,True
2024-12-29 15:00:00,50.5,1023.7,14.02,0.0,0.0,0.0,228.25,10.17,14.4,0.0,15.3,15,2,12,3,-0.816969893010442,-0.5766803221148672,False,False,False,False,False,True
2024-12-29 16:00:00,50.64,1024.0,14.07,0.0,0.0,0.0,237.05,2.53,13.4,0.0,15.2,16,2,12,3,-0.9422609221188204,-0.3348796121709864,False,False,False,False,False,True
2024-12-29 17:00:00,50.78,1024.4,14.04,0.0,0.0,0.0,246.12,-7.58,11.5,0.0,15.3,17,2,12,3,-0.9976687691905393,-0.06824241336467046,False,False,False,False,False,True
2024-12-29 18:00:00,51.02,1024.7,14.03,0.0,0.0,0.0,254.26,-17.76,10.8,0.0,15.2,18,1,12,3,-0.979084087682323,0.2034560130526333,False,False,False,False,False,True
2024-12-29 19:00:00,51.36,1025.6,14.04,0.0,0.0,0.0,263.05,-29.36,10.4,0.0,15.2,19,1,12,3,-0.8878852184023756,0.4600650377311516,False,False,False,False,False,True
2024-12-29 20:00:00,51.72,1025.4,14.02,0.0,0.0,0.0,272.34,-40.9,9.3,0.0,15.2,20,1,12,3,-0.730835964278124,0.6825531432186542,False,False,False,False,False,True
2024-12-29 21:00:00,52.05,1025.55,14.0,0.0,0.0,0.0,283.7,-52.33,7.6,3.1,15.2,21,1,12,3,-0.5195839500354336,0.8544194045464886,False,False,False,False,False,True
2024-12-30 07:00:00,50.75,1026.2,13.61,0.0,0.0,0.0,121.79,1.44,5.1,4.7,14.8,7,3,12,2,0.9422609221188205,-0.33487961217098616,False,False,False,False,False,False
2024-12-30 08:00:00,50.69,1026.67,13.54,0.0,0.0,0.0,130.37,9.13,5.3,3.1,14.8,8,3,12,2,0.8169698930104421,-0.5766803221148671,False,False,False,False,False,False
2024-12-30 09:00:00,50.54,1027.1,13.5,0.0,0.0,0.0,143.07,17.76,7.2,2.3,14.8,9,3,12,3,0.631087944326053,-0.7757112907044197,False,False,False,False,False,False
2024-12-30 10:00:00,50.45,1026.45,13.46,0.0,0.0,0.0,156.41,23.58,10.1,2.3,14.7,10,3,12,3,0.3984010898462414,-0.917211301505453,False,False,False,False,False,False
2024-12-30 11:00:00,50.5,1026.07,13.49,0.0,0.0,0.0,171.21,26.8,12.6,3.9,14.7,11,3,12,3,0.1361666490962471,-0.9906859460363306,False,False,False,False,False,False
2024-12-30 12:00:00,50.65,1025.07,13.48,0.0,0.0,0.0,186.15,27.06,13.8,2.3,14.7,12,2,12,0,-0.1361666490962464,-0.9906859460363308,False,False,False,False,False,False
2024-12-30 13:00:00,51.03,1024.2,13.5,0.0,0.0,0.0,201.1,24.35,14.3,0.8,14.7,13,2,12,3,-0.39840108984624156,-0.9172113015054529,False,False,False,False,False,False
2024-12-30 14:00:00,51.06,1022.7,13.57,0.0,0.0,0.0,214.73,18.95,14.4,1.6,14.7,14,2,12,3,-0.6310879443260528,-0.7757112907044198,False,False,False,False,False,False
2024-12-30 15:00:00,51.12,1024.0,13.61,0.0,0.0,0.0,227.8,10.59,14.2,0.0,14.7,15,2,12,3,-0.816969893010442,-0.5766803221148672,False,False,False,False,False,False
2024-12-30 16:00:00,51.36,1024.4,13.64,0.0,0.0,0.0,236.99,2.67,13.4,0.0,14.7,16,2,12,3,-0.9422609221188204,-0.3348796121709864,False,False,False,False,False,False
2024-12-30 17:00:00,51.48,1024.7,13.61,0.0,0.0,0.0,246.22,-7.58,11.6,0.0,14.8,17,2,12,3,-0.9976687691905393,-0.06824241336467046,False,False,False,False,False,False
2024-12-30 18:00:00,51.6,1025.1,13.64,0.0,0.0,0.0,254.36,-17.76,10.9,0.0,14.7,18,1,12,3,-0.979084087682323,0.2034560130526333,False,False,False,False,False,False
2024-12-30 19:00:00,51.82,1025.4,13.62,0.0,0.0,0.0,263.15,-29.36,10.5,0.8,14.8,19,1,12,3,-0.8878852184023756,0.4600650377311516,False,False,False,False,False,False
2024-12-30 20:00:00,52.23,1025.7,13.63,0.0,0.0,0.0,272.45,-40.9,9.6,10.2,14.7,20,1,12,3,-0.730835964278124,0.6825531432186542,False,False,False,False,False,False
2024-12-30 21:00:00,52.8,1025.7,13.56,0.0,0.0,0.0,283.84,-52.33,7.9,14.8,14.7,21,1,12,3,-0.5195839500354336,0.8544194045464886,False,False,False,False,False,False
2024-12-31 07:00:00,54.8,1026.1,13.28,0.0,0.0,0.0,121.69,1.44,8.1,98.4,14.4,7,3,12,2,0.9422609221188205,-0.33487961217098616,True,False,False,False,False,False
2024-12-31 08:00:00,55.1,1026.6,13.24,0.0,0.0,0.0,130.26,9.13,8.1,82.8,14.4,8,3,12,2,0.8169698930104421,-0.5766803221148671,True,False,False,False,False,False
2024-12-31 09:00:00,55.17,1027.0,13.26,0.0,0.0,0.0,142.94,17.77,9.3,96.1,14.4,9,3,12,3,0.631087944326053,-0.7757112907044197,True,False,False,False,False,False
2024-12-31 10:00:00,55.12,1027.0,13.19,0.0,0.0,0.0,156.29,23.61,10.7,99.2,14.4,10,3,12,3,0.3984010898462414,-0.917211301505453,True,False,False,False,False,False
2024-12-31 11:00:00,55.34,1026.6,13.23,0.0,0.0,0.0,171.09,26.86,12.2,98.4,14.4,11,3,12,3,0.1361666490962471,-0.9906859460363306,True,False,False,False,False,False
2024-12-31 12:00:00,56.35,1025.9,13.19,0.0,0.0,0.0,186.15,27.14,13.2,100.0,14.4,12,2,12,0,-0.1361666490962464,-0.9906859460363308,True,False,False,False,False,False
2024-12-31 13:00:00,56.78,1025.4,13.21,0.0,0.0,0.0,201.12,24.42,11.6,100.0,14.4,13,2,12,3,-0.39840108984624156,-0.9172113015054529,True,False,False,False,False,False
2024-12-31 14:00:00,57.06,1025.4,13.2,0.0,0.0,0.0,214.77,19.01,12.5,96.1,14.3,14,2,12,3,-0.6310879443260528,-0.7757112907044198,True,False,False,False,False,False
2024-12-31 15:00:00,56.98,1025.4,13.24,0.0,0.0,0.0,227.89,10.62,12.8,86.7,14.4,15,2,12,3,-0.816969893010442,-0.5766803221148672,True,False,False,False,False,False
2024-12-31 16:00:00,56.88,1025.4,13.21,0.0,0.0,0.0,237.11,2.67,12.4,51.6,14.4,16,2,12,3,-0.9422609221188204,-0.3348796121709864,True,False,False,False,False,False
2024-12-31 17:00:00,56.87,1025.7,13.25,0.0,0.0,0.0,245.78,-6.93,11.6,85.9,14.4,17,2,12,3,-0.9976687691905393,-0.06824241336467046,True,False,False,False,False,False
2024-12-31 18:00:00,57.28,1026.1,13.19,0.0,0.0,0.0,253.79,-16.91,10.7,94.5,14.3,18,1,12,3,-0.979084087682323,0.2034560130526333,True,False,False,False,False,False
2024-12-31 19:00:00,57.39,1026.6,13.2,0.0,0.0,0.0,263.26,-29.36,10.2,100.0,14.4,19,1,12,3,-0.8878852184023756,0.4600650377311516,True,False,False,False,False,False
2024-12-31 20:00:00,57.46,1026.6,13.21,0.0,0.0,0.0,272.58,-40.9,9.7,99.2,14.4,20,1,12,3,-0.730835964278124,0.6825531432186542,True,False,False,False,False,False
2024-12-31 21:00:00,58.32,1026.6,13.22,0.0,0.0,0.0,284.0,-52.33,8.8,47.7,14.4,21,1,12,3,-0.5195839500354336,0.8544194045464886,True,False,False,False,False,False
2025-01-01 07:00:00,60.3,1026.4,13.02,0.0,0.0,0.0,121.57,1.44,6.4,61.7,14.2,7,3,1,2,0.9422609221188205,-0.33487961217098616,False,True,False,False,False,False
2025-01-01 08:00:00,60.42,1026.8,13.04,0.0,0.0,0.0,130.14,9.14,6.5,58.6,14.2,8,3,1,2,0.8169698930104421,-0.5766803221148671,False,True,False,False,False,False
2025-01-01 09:00:00,61.07,1027.1,12.99,0.0,0.0,0.0,142.81,17.79,8.2,60.9,14.2,9,3,1,3,0.631087944326053,-0.7757112907044197,False,True,False,False,False,False
2025-01-01 10:00:00,61.73,1026.9,12.98,0.0,0.0,0.0,156.16,23.66,10.4,82.8,14.2,10,3,1,3,0.3984010898462414,-0.917211301505453,False,True,False,False,False,False
2025-01-01 11:00:00,62.6,1026.25,12.99,0.0,0.0,0.0,170.97,26.93,11.9,65.6,14.2,11,3,1,3,0.1361666490962471,-0.9906859460363306,False,True,False,False,False,False
2025-01-01 12:00:00,63.23,1025.4,12.98,0.0,0.0,0.0,186.16,27.22,12.9,78.9,14.2,12,2,1,0,-0.1361666490962464,-0.9906859460363308,False,True,False,False,False,False
2025-01-01 13:00:00,63.1,1024.6,13.0,0.0,0.0,0.0,201.15,24.5,13.0,53.9,14.2,13,2,1,3,-0.39840108984624156,-0.9172113015054529,False,True,False,False,False,False
2025-01-01 14:00:00,63.45,1024.2,13.0,0.0,0.0,0.0,214.81,19.08,13.9,43.0,14.2,14,2,1,3,-0.6310879443260528,-0.7757112907044198,False,True,False,False,False,False
2025-01-01 15:00:00,63.76,1024.2,13.05,0.0,0.0,0.0,227.76,10.83,13.6,54.7,14.2,15,2,1,3,-0.816969893010442,-0.5766803221148672,False,True,False,False,False,False
2025-01-01 16:00:00,63.58,1024.7,13.06,0.0,0.0,0.0,236.88,3.02,13.0,39.1,14.2,16,2,1,3,-0.9422609221188204,-0.3348796121709864,False,True,False,False,False,False
2025-01-01 17:00:00,63.81,1026.1,13.08,0.0,0.0,0.0,245.54,-6.51,11.7,26.6,14.2,17,2,1,3,-0.9976687691905393,-0.06824241336467046,False,True,False,False,False,False
2025-01-01 18:00:00,63.34,1025.1,13.08,0.0,0.0,0.0,253.9,-16.91,10.9,32.0,14.2,18,1,1,3,-0.979084087682323,0.2034560130526333,False,True,False,False,False,False
2025-01-01 19:00:00,63.06,1025.1,13.04,0.0,0.0,0.0,263.38,-29.37,9.9,28.9,14.2,19,1,1,3,-0.8878852184023756,0.4600650377311516,False,True,False,False,False,False
2025-01-01 20:00:00,62.82,1025.6,13.08,0.0,0.0,0.0,272.72,-40.91,9.0,32.0,14.2,20,1,1,3,-0.730835964278124,0.6825531432186542,False,True,False,False,False,False
2025-01-01 21:00:00,62.49,1025.6,13.05,0.0,0.0,0.0,284.17,-52.33,8.4,28.9,14.2,21,1,1,3,-0.5195839500354336,0.8544194045464886,False,True,False,False,False,False
2025-01-02 07:00:00,61.26,1023.85,12.89,0.0,0.0,0.0,121.46,1.45,4.6,42.2,14.0,7,3,1,2,0.9422609221188205,-0.33487961217098616,False,False,True,False,False,False
2025-01-02 08:00:00,60.89,1024.0,12.83,0.0,0.0,0.0,130.01,9.15,5.6,29.7,14.0,8,3,1,2,0.8169698930104421,-0.5766803221148671,False,False,True,False,False,False
2025-01-02 09:00:00,60.66,1024.27,12.83,0.0,0.0,0.0,142.66,17.82,7.4,21.9,14.0,9,3,1,3,0.631087944326053,-0.7757112907044197,False,False,True,False,False,False
2025-01-02 10:00:00,60.39,1024.0,12.81,0.0,0.0,0.0,156.01,23.7,9.6,2.3,14.0,10,3,1,3,0.3984010898462414,-0.917211301505453,False,False,True,False,False,False
2025-01-02 11:00:00,60.26,1023.04,12.83,0.0,0.0,0.0,170.83,27.01,12.2,0.0,14.0,11,3,1,3,0.1361666490962471,-0.9906859460363306,False,False,True,False,False,False
2025-01-02 12:00:00,60.17,1021.68,12.84,0.0,0.0,0.0,186.16,27.31,14.1,0.0,14.1,12,2,1,0,-0.1361666490962464,-0.9906859460363308,False,False,True,False,False,False
2025-01-02 13:00:00,60.16,1021.18,12.88,0.0,0.0,0.0,201.18,24.59,15.2,0.0,14.0,13,2,1,3,-0.39840108984624156,-0.9172113015054529,False,False,True,False,False,False
2025-01-02 14:00:00,60.02,1019.63,12.94,0.0,0.0,0.0,214.86,19.16,15.5,0.0,14.1,14,2,1,3,-0.6310879443260528,-0.7757112907044198,False,False,True,False,False,False
2025-01-02 15:00:00,59.92,1020.0,13.02,0.0,0.0,0.0,227.86,10.86,15.4,1.6,14.1,15,2,1,3,-0.816969893010442,-0.5766803221148672,False,False,True,False,False,False
2025-01-02 16:00:00,59.87,1019.6,13.01,0.0,0.0,0.0,237.02,3.01,14.6,60.2,14.1,16,2,1,3,-0.9422609221188204,-0.3348796121709864,False,False,True,False,False,False
2025-01-02 17:00:00,59.87,1019.65,13.03,0.0,0.0,0.0,245.66,-6.51,12.5,100.0,14.2,17,2,1,3,-0.9976687691905393,-0.06824241336467046,False,False,True,False,False,False
2025-01-02 18:00:00,59.82,1020.3,13.02,0.0,0.0,0.0,254.02,-16.91,11.3,91.4,14.1,18,1,1,3,-0.979084087682323,0.2034560130526333,False,False,True,False,False,False
2025-01-02 19:00:00,59.76,1020.7,13.0,0.0,0.0,0.0,263.52,-29.37,10.7,9.4,14.2,19,1,1,3,-0.8878852184023756,0.4600650377311516,False,False,True,False,False,False
2025-01-02 20:00:00,59.68,1022.7,13.0,0.0,0.0,0.0,272.87,-40.91,9.8,18.7,14.1,20,1,1,3,-0.730835964278124,0.6825531432186542,False,False,True,False,False,False
2025-01-02 21:00:00,59.52,1021.3,12.98,0.0,0.0,0.0,284.36,-52.33,8.7,37.5,14.1,21,1,1,3,-0.5195839500354336,0.8544194045464886,False,False,True,False,False,False
2025-01-03 07:00:00,57.4,1019.0,12.78,0.0,0.0,0.0,121.32,1.45,9.7,60.2,13.8,7,3,1,2,0.9422609221188205,-0.33487961217098616,False,False,False,True,False,False
2025-01-03 08:00:00,57.17,1019.3,12.74,0.0,0.0,0.0,129.87,9.16,10.1,57.8,13.8,8,3,1,2,0.8169698930104421,-0.5766803221148671,False,False,False,True,False,False
2025-01-03 09:00:00,57.04,1019.6,12.7,0.0,0.0,0.0,142.51,17.84,11.8,34.4,13.8,9,3,1,3,0.631087944326053,-0.7757112907044197,False,False,False,True,False,False
2025-01-03 10:00:00,56.91,1018.8,12.73,0.0,0.0,0.0,155.86,23.76,13.7,58.6,13.8,10,3,1,3,0.3984010898462414,-0.917211301505453,False,False,False,True,False,False
2025-01-03 11:00:00,56.7,1018.45,12.7,0.0,0.0,0.0,170.69,27.09,15.2,32.0,13.8,11,3,1,3,0.1361666490962471,-0.9906859460363306,False,False,False,True,False,False
2025-01-03 12:00:00,56.38,1016.78,12.7,0.0,0.0,0.0,186.16,27.41,16.5,25.8,13.8,12,2,1,0,-0.1361666490962464,-0.9906859460363308,False,False,False,True,False,False
2025-01-03 13:00:00,56.32,1015.4,12.76,0.0,0.0,0.0,201.22,24.68,17.4,50.0,13.8,13,2,1,3,-0.39840108984624156,-0.9172113015054529,False,False,False,True,False,False
2025-01-03 14:00:00,55.44,1015.4,12.89,0.0,0.0,0.0,214.91,19.25,18.0,44.5,13.8,14,2,1,3,-0.6310879443260528,-0.7757112907044198,False,False,False,True,False,False
2025-01-03 15:00:00,52.05,1015.4,12.99,0.0,0.0,0.0,227.73,11.09,17.9,22.7,13.9,15,2,1,3,-0.816969893010442,-0.5766803221148672,False,False,False,True,False,False
2025-01-03 16:00:00,53.06,1015.4,12.96,0.0,0.0,0.0,237.0,3.15,16.8,39.1,14.0,16,2,1,3,-0.9422609221188204,-0.3348796121709864,False,False,False,True,False,False
2025-01-03 17:00:00,53.48,1015.92,13.0,0.0,0.0,0.0,245.79,-6.52,15.1,61.7,14.0,17,2,1,3,-0.9976687691905393,-0.06824241336467046,False,False,False,True,False,False
2025-01-03 18:00:00,53.12,1016.45,13.0,0.0,0.0,0.0,254.16,-16.91,14.3,73.4,13.9,18,1,1,3,-0.979084087682323,0.2034560130526333,False,False,False,True,False,False
2025-01-03 19:00:00,52.62,1016.47,12.99,0.0,0.0,0.0,263.66,-29.37,14.1,100.0,14.0,19,1,1,3,-0.8878852184023756,0.4600650377311516,False,False,False,True,False,False
2025-01-03 20:00:00,52.75,1016.9,13.02,0.0,0.0,0.0,273.04,-40.92,13.8,91.4,14.0,20,1,1,3,-0.730835964278124,0.6825531432186542,False,False,False,True,False,False
2025-01-03 21:00:00,53.05,1017.3,13.05,0.0,0.0,0.0,284.57,-52.33,13.4,82.0,14.0,21,1,1,3,-0.5195839500354336,0.8544194045464886,False,False,False,True,False,False
2025-01-04 07:00:00,54.94,1016.75,12.98,0.0,0.0,0.0,121.18,1.46,10.1,98.4,13.9,7,3,1,2,0.9422609221188205,-0.33487961217098616,False,False,False,False,True,False
2025-01-04 08:00:00,54.86,1017.3,13.01,0.0,0.0,0.0,129.72,9.17,10.1,100.0,13.9,8,3,1,2,0.8169698930104421,-0.5766803221148671,False,False,False,False,True,False
2025-01-04 09:00:00,54.93,1017.6,13.01,0.0,0.0,0.0,142.34,17.86,11.5,100.0,13.9,9,3,1,3,0.631087944326053,-0.7757112907044197,False,False,False,False,True,False
2025-01-04 10:00:00,55.02,1017.3,13.01,0.0,0.0,0.0,155.69,23.81,13.6,100.0,13.9,10,3,1,3,0.3984010898462414,-0.917211301505453,False,False,False,False,True,False
2025-01-04 11:00:00,55.12,1016.75,13.03,0.0,0.0,0.0,170.53,27.17,15.1,88.3,13.9,11,3,1,3,0.1361666490962471,-0.9906859460363306,False,False,False,False,True,False
2025-01-04 12:00:00,55.04,1015.93,13.06,0.0,0.0,0.0,186.16,27.51,16.4,42.2,13.9,12,2,1,0,-0.1361666490962464,-0.9906859460363308,False,False,False,False,True,False
2025-01-04 13:00:00,54.9,1014.9,13.16,0.0,0.0,0.0,201.25,24.78,17.4,28.9,14.0,13,2,1,3,-0.39840108984624156,-0.9172113015054529,False,False,False,False,True,False
2025-01-04 14:00:00,54.81,1014.05,13.28,0.0,0.0,0.0,214.96,19.34,17.9,6.2,14.0,14,2,1,3,-0.6310879443260528,-0.7757112907044198,False,False,False,False,True,False
2025-01-04 15:00:00,54.89,1012.5,13.37,0.0,0.0,0.0,227.91,11.08,17.8,2.3,14.1,15,2,1,3,-0.816969893010442,-0.5766803221148672,False,False,False,False,True,False
2025-01-04 16:00:00,54.85,1014.2,13.38,0.0,0.0,0.0,237.17,3.14,16.6,10.2,14.1,16,2,1,3,-0.9422609221188204,-0.3348796121709864,False,False,False,False,True,False
2025-01-04 17:00:00,54.89,1014.2,13.4,0.0,0.0,0.0,245.94,-6.52,14.6,20.3,14.2,17,2,1,3,-0.9976687691905393,-0.06824241336467046,False,False,False,False,True,False
2025-01-04 18:00:00,54.92,1014.75,13.43,0.0,0.0,0.0,254.3,-16.91,13.3,59.4,14.2,18,1,1,3,-0.979084087682323,0.2034560130526333,False,False,False,False,True,False
2025-01-04 19:00:00,54.86,1014.6,13.39,0.0,0.0,0.0,263.81,-29.38,12.75,96.1,14.2,19,1,1,3,-0.8878852184023756,0.4600650377311516,False,False,False,False,True,False
2025-01-04 20:00:00,54.74,1014.4,13.42,0.0,0.0,0.0,273.21,-40.92,12.1,64.8,14.2,20,1,1,3,-0.730835964278124,0.6825531432186542,False,False,False,False,True,False
2025-01-04 21:00:00,54.73,1014.2,13.42,0.0,0.0,0.0,284.79,-52.33,11.6,50.0,14.2,21,1,1,3,-0.5195839500354336,0.8544194045464886,False,False,False,False,True,False
2025-01-05 07:00:00,54.05,1011.2,13.36,0.0,0.0,0.0,121.03,1.46,10.3,99.2,14.1,7,3,1,2,0.9422609221188205,-0.33487961217098616,False,False,False,False,False,True
2025-01-05 08:00:00,54.21,1011.85,13.37,0.0,0.0,0.0,129.56,9.18,10.5,92.2,14.1,8,3,1,2,0.8169698930104421,-0.5766803221148671,False,False,False,False,False,True
2025-01-05 09:00:00,54.31,1011.85,13.33,0.0,0.0,0.0,142.15,17.89,11.5,92.2,14.1,9,3,1,3,0.631087944326053,-0.7757112907044197,False,False,False,False,False,True
2025-01-05 10:00:00,54.42,1010.65,13.38,0.0,0.0,0.0,155.51,23.87,14.0,96.1,14.1,10,3,1,3,0.3984010898462414,-0.917211301505453,False,False,False,False,False,True
2025-01-05 11:00:00,54.62,1009.68,13.37,0.0,0.0,0.0,170.44,27.27,15.1,94.5,14.2,11,3,1,3,0.1361666490962471,-0.9906859460363306,False,False,False,False,False,True
2025-01-05 12:00:00,55.27,1008.57,13.43,0.0,0.0,0.0,186.17,27.62,16.2,94.5,14.2,12,2,1,0,-0.1361666490962464,-0.9906859460363308,False,False,False,False,False,True
2025-01-05 13:00:00,55.93,1006.8,13.48,0.0,0.0,0.0,201.29,24.88,16.7,93.0,14.2,13,2,1,3,-0.39840108984624156,-0.9172113015054529,False,False,False,False,False,True
2025-01-05 14:00:00,56.41,1006.4,13.56,0.0,0.0,0.0,215.02,19.44,17.5,98.4,14.3,14,2,1,3,-0.6310879443260528,-0.7757112907044198,False,False,False,False,False,True
2025-01-05 15:00:00,56.62,1006.4,13.56,0.0,0.0,0.0,227.8,11.32,18.0,96.9,14.3,15,2,1,3,-0.816969893010442,-0.5766803221148672,False,False,False,False,False,True
2025-01-05 16:00:00,56.58,1005.8,13.56,0.0,0.0,0.0,237.0,3.47,16.8,100.0,14.3,16,2,1,3,-0.9422609221188204,-0.3348796121709864,False,False,False,False,False,True
2025-01-05 17:00:00,56.65,1006.25,13.62,0.0,0.0,0.0,245.74,-6.11,14.8,99.2,14.4,17,2,1,3,-0.9976687691905393,-0.06824241336467046,False,False,False,False,False,True
2025-01-05 18:00:00,56.8,1006.3,13.63,0.0,0.0,0.0,254.45,-16.92,13.6,98.4,14.4,18,1,1,3,-0.979084087682323,0.2034560130526333,False,False,False,False,False,True
2025-01-05 19:00:00,56.88,1006.1,13.6,0.0,0.0,0.0,263.97,-29.38,13.5,97.7,14.4,19,1,1,3,-0.8878852184023756,0.4600650377311516,False,False,False,False,False,True
2025-01-05 20:00:00,56.72,1006.1,13.64,0.0,0.0,0.0,273.4,-40.93,12.8,95.3,14.4,20,1,1,3,-0.730835964278124,0.6825531432186542,False,False,False,False,False,True
2025-01-05 21:00:00,56.52,1005.4,13.64,0.0,0.0,0.0,285.03,-52.33,12.3,99.2,14.4,21,1,1,3,-0.5195839500354336,0.8544194045464886,False,False,False,False,False,True
2025-01-06 07:00:00,54.12,1002.4,14.57,0.0,0.0,0.0,120.87,1.47,11.0,100.0,14.4,7,3,1,2,0.9422609221188205,-0.33487961217098616,False,False,False,False,False,False
2025-01-06 08:00:00,52.93,1002.6,15.32,0.0,0.0,0.0,129.38,9.2,11.3,79.7,14.8,8,3,1,2,0.8169698930104421,-0.5766803221148671,False,False,False,False,False,False
2025-01-06 09:00:00,52.72,1002.9,15.58,0.0,0.0,0.0,141.96,17.92,12.5,100.0,15.9,9,3,1,3,0.631087944326053,-0.7757112907044197,False,False,False,False,False,False
2025-01-06 10:00:00,52.43,1002.8,15.86,0.0,0.0,0.0,155.32,23.93,15.0,100.0,16.5,10,3,1,3,0.3984010898462414,-0.917211301505453,False,False,False,False,False,False
2025-01-06 11:00:00,52.22,1002.5,16.1,0.0,0.0,0.0,170.18,27.36,16.8,100.0,17.0,11,3,1,3,0.1361666490962471,-0.9906859460363306,False,False,False,False,False,False
2025-01-06 12:00:00,52.2,1001.7,16.34,0.0,0.0,0.0,185.75,27.77,17.9,100.0,17.4,12,2,1,0,-0.1361666490962464,-0.9906859460363308,False,False,False,False,False,False
2025-01-06 13:00:00,52.22,1001.03,16.5,0.0,0.0,0.0,201.33,25.0,17.1,100.0,17.7,13,2,1,3,-0.39840108984624156,-0.9172113015054529,False,False,False,False,False,False
2025-01-06 14:00:00,52.2,1001.0,16.72,0.0,0.0,0.0,215.08,19.55,17.5,100.0,18.0,14,2,1,3,-0.6310879443260528,-0.7757112907044198,False,False,False,False,False,False
2025-01-06 15:00:00,51.96,1001.4,16.9,0.0,0.0,0.0,227.93,11.37,17.5,88.3,18.3,15,2,1,3,-0.816969893010442,-0.5766803221148672,False,False,False,False,False,False
2025-01-06 16:00:00,51.81,1001.85,17.02,0.0,0.0,0.0,237.19,3.46,16.6,98.4,18.5,16,2,1,3,-0.9422609221188204,-0.3348796121709864,False,False,False,False,False,False
2025-01-06 17:00:00,51.69,1002.78,17.16,0.0,0.0,0.0,245.91,-6.11,15.1,91.4,18.8,17,2,1,3,-0.9976687691905393,-0.06824241336467046,False,False,False,False,False,False
2025-01-06 18:00:00,50.4,1003.9,17.24,0.0,0.0,0.0,254.61,-16.92,14.4,37.5,19.0,18,1,1,3,-0.979084087682323,0.2034560130526333,False,False,False,False,False,False
2025-01-06 19:00:00,49.19,1005.08,17.32,0.0,0.0,0.0,264.15,-29.39,13.7,56.2,19.2,19,1,1,3,-0.8878852184023756,0.4600650377311516,False,False,False,False,False,False
2025-01-06 20:00:00,49.02,1006.02,16.91,0.0,0.0,0.0,273.6,-40.94,13.3,20.3,19.3,20,1,1,3,-0.730835964278124,0.6825531432186542,False,False,False,False,False,False
2025-01-06 21:00:00,50.23,1006.8,16.22,0.0,0.0,0.0,285.28,-52.32,12.3,7.8,19.4,21,1,1,3,-0.5195839500354336,0.8544194045464886,False,False,False,False,False,False
2025-01-07 07:00:00,51.83,1014.2,17.16,0.0,0.0,0.0,120.7,1.47,8.5,1.6,17.0,7,3,1,2,0.9422609221188205,-0.33487961217098616,True,False,False,False,False,False
2025-01-07 08:00:00,57.83,1014.96,18.8,0.0,0.0,0.0,129.2,9.21,8.2,3.1,17.8,8,3,1,2,0.8169698930104421,-0.5766803221148671,True,False,False,False,False,False
2025-01-07 09:00:00,59.34,1015.6,19.62,0.0,0.0,0.0,141.75,17.95,9.7,13.3,19.1,9,3,1,3,0.631087944326053,-0.7757112907044197,True,False,False,False,False,False
2025-01-07 10:00:00,51.36,1015.8,19.07,0.0,0.0,0.0,155.11,24.0,11.7,17.2,20.2,10,3,1,3,0.3984010898462414,-0.917211301505453,True,False,False,False,False,False
2025-01-07 11:00:00,48.56,1015.38,19.61,0.0,0.0,0.0,169.99,27.47,13.3,62.5,20.7,11,3,1,3,0.1361666490962471,-0.9906859460363306,True,False,False,False,False,False
2025-01-07 12:00:00,49.63,1014.53,20.37,0.0,0.0,0.0,185.75,27.89,14.8,36.7,20.4,12,2,1,0,-0.1361666490962464,-0.9906859460363308,True,False,False,False,False,False
2025-01-07 13:00:00,44.56,1013.73,19.68,0.0,0.0,0.0,201.39,25.12,15.9,0.8,20.8,13,2,1,3,-0.39840108984624156,-0.9172113015054529,True,False,False,False,False,False
2025-01-07 14:00:00,43.19,1013.41,18.79,0.0,0.0,0.0,215.16,19.65,16.3,0.8,21.4,14,2,1,3,-0.6310879443260528,-0.7757112907044198,True,False,False,False,False,False
2025-01-07 15:00:00,48.48,1013.88,19.72,0.0,0.0,0.0,227.82,11.62,15.9,6.2,20.5,15,2,1,3,-0.816969893010442,-0.5766803221148672,True,False,False,False,False,False
2025-01-07 16:00:00,51.97,1014.3,20.37,0.0,0.0,0.0,237.22,3.6,15.6,58.6,20.4,16,2,1,3,-0.9422609221188204,-0.3348796121709864,True,False,False,False,False,False
2025-01-07 17:00:00,51.08,1014.56,19.92,0.0,0.0,0.0,246.08,-6.12,14.2,29.7,20.6,17,2,1,3,-0.9976687691905393,-0.06824241336467046,True,False,False,False,False,False
2025-01-07 18:00:00,52.85,1015.6,20.68,0.0,0.0,0.0,254.78,-16.92,13.4,32.0,21.0,18,1,1,3,-0.979084087682323,0.2034560130526333,True,False,False,False,False,False
2025-01-07 19:00:00,53.71,1015.8,20.71,0.0,0.0,0.0,264.34,-29.4,13.0,37.5,21.5,19,1,1,3,-0.8878852184023756,0.4600650377311516,True,False,False,False,False,False
2025-01-07 20:00:00,48.34,1016.17,19.51,0.0,0.0,0.0,273.82,-40.94,12.4,39.1,22.0,20,1,1,3,-0.730835964278124,0.6825531432186542,True,False,False,False,False,False
2025-01-07 21:00:00,47.48,1016.6,18.47,0.0,0.0,0.0,285.54,-52.32,12.5,34.4,21.5,21,1,1,3,-0.5195839500354336,0.8544194045464886,True,False,False,False,False,False
2025-01-08 07:00:00,52.33,1015.0,18.13,0.0,0.0,0.0,120.52,1.48,12.1,23.4,18.6,7,3,1,2,0.9422609221188205,-0.33487961217098616,False,True,False,False,False,False
2025-01-08 08:00:00,58.59,1015.13,19.64,0.0,0.0,0.0,129.0,9.22,12.0,62.5,18.9,8,3,1,2,0.8169698930104421,-0.5766803221148671,False,True,False,False,False,False
2025-01-08 09:00:00,63.13,1015.13,20.01,0.0,0.0,0.0,141.53,17.98,13.3,88.3,20.3,9,3,1,3,0.631087944326053,-0.7757112907044197,False,True,False,False,False,False
2025-01-08 10:00:00,57.19,1014.4,19.26,0.0,0.0,0.0,154.89,24.06,14.9,85.9,21.0,10,3,1,3,0.3984010898462414,-0.917211301505453,False,True,False,False,False,False
2025-01-08 11:00:00,56.0,1013.26,19.41,0.0,0.0,0.0,169.8,27.58,16.0,96.9,21.2,11,3,1,3,0.1361666490962471,-0.9906859460363306,False,True,False,False,False,False
2025-01-08 12:00:00,54.45,1012.52,19.68,0.0,0.0,0.0,185.21,28.08,16.4,97.7,20.7,12,2,1,0,-0.1361666490962464,-0.9906859460363308,False,True,False,False,False,False
2025-01-08 13:00:00,49.62,1012.23,18.9,0.0,0.0,0.0,200.44,25.52,18.3,90.6,21.0,13,2,1,3,-0.39840108984624156,-0.9172113015054529,False,True,False,False,False,False
2025-01-08 14:00:00,44.18,1011.77,18.99,0.0,0.0,0.0,214.35,20.22,19.4,96.9,21.1,14,2,1,3,-0.6310879443260528,-0.7757112907044198,False,True,False,False,False,False
2025-01-08 15:00:00,45.91,1011.7,19.72,0.0,0.0,0.0,227.59,11.94,19.9,100.0,20.3,15,2,1,3,-0.816969893010442,-0.5766803221148672,False,True,False,False,False,False
2025-01-08 16:00:00,51.94,1011.2,20.55,0.0,0.0,0.0,237.43,3.58,19.0,100.0,20.8,16,2,1,3,-0.9422609221188204,-0.3348796121709864,False,True,False,False,False,False
2025-01-08 17:00:00,47.42,1011.2,20.39,0.0,0.0,0.0,246.27,-6.12,17.4,100.0,21.2,17,2,1,3,-0.9976687691905393,-0.06824241336467046,False,True,False,False,False,False
2025-01-08 18:00:00,48.56,1011.7,21.0,0.0,0.0,0.0,254.96,-16.92,16.7,100.0,21.3,18,1,1,3,-0.979084087682323,0.2034560130526333,False,True,False,False,False,False
2025-01-08 19:00:00,52.92,1012.2,21.11,0.0,0.0,0.0,264.53,-29.4,16.9,84.4,22.1,19,1,1,3,-0.8878852184023756,0.4600650377311516,False,True,False,False,False,False
2025-01-08 20:00:00,47.17,1012.42,19.87,0.0,0.0,0.0,274.04,-40.95,15.7,93.7,22.3,20,1,1,3,-0.730835964278124,0.6825531432186542,False,True,False,False,False,False
2025-01-08 21:00:00,43.17,1012.76,19.18,0.0,0.0,0.0,285.82,-52.32,15.3,96.9,21.9,21,1,1,3,-0.5195839500354336,0.8544194045464886,False,True,False,False,False,False
2025-01-09 07:00:00,50.77,1013.66,19.1,0.0,0.0,0.0,120.33,1.48,,,19.6,7,3,1,2,0.9422609221188205,-0.33487961217098616,False,False,True,False,False,False
2025-01-09 08:00:00,51.85,1014.75,20.3,0.0,0.0,0.0,128.8,9.24,14.1,86.7,20.0,8,3,1,2,0.8169698930104421,-0.5766803221148671,False,False,True,False,False,False
2025-01-09 09:00:00,50.58,1015.1,20.99,0.0,0.0,0.0,141.31,18.01,15.1,96.1,21.3,9,3,1,3,0.631087944326053,-0.7757112907044197,False,False,True,False,False,False
2025-01-09 10:00:00,50.73,1015.4,21.06,0.0,0.0,0.0,154.67,24.14,16.4,36.7,21.9,10,3,1,3,0.3984010898462414,-0.917211301505453,False,False,True,False,False,False
2025-01-09 11:00:00,47.72,1015.02,21.35,0.0,0.0,0.0,169.58,27.69,17.7,22.7,22.1,11,3,1,3,0.1361666490962471,-0.9906859460363306,False,False,True,False,False,False
2025-01-09 12:00:00,47.01,1014.97,21.66,0.0,0.0,0.0,185.2,28.22,18.6,12.5,22.3,12,2,1,0,-0.1361666490962464,-0.9906859460363308,False,False,True,False,False,False
2025-01-09 13:00:00,44.8,1014.37,21.36,0.0,0.0,0.0,200.49,25.66,19.55,9.35,22.2,13,2,1,3,-0.39840108984624156,-0.9172113015054529,False,False,True,False,False,False
2025-01-09 14:00:00,43.77,1014.67,20.72,0.0,0.0,0.0,214.43,20.34,20.5,5.5,22.1,14,2,1,3,-0.6310879443260528,-0.7757112907044198,False,False,True,False,False,False
2025-01-09 15:00:00,45.19,1015.36,20.96,0.0,0.0,0.0,227.46,12.23,20.6,27.3,22.1,15,2,1,3,-0.816969893010442,-0.5766803221148672,False,False,True,False,False,False
2025-01-09 16:00:00,45.27,1015.55,21.16,0.0,0.0,0.0,237.48,3.72,19.9,26.6,22.4,16,2,1,3,-0.9422609221188204,-0.3348796121709864,False,False,True,False,False,False
2025-01-09 17:00:00,45.7,1016.17,21.03,0.0,0.0,0.0,246.46,-6.13,18.6,8.6,22.7,17,2,1,3,-0.9976687691905393,-0.06824241336467046,False,False,True,False,False,False
2025-01-09 18:00:00,46.87,1016.74,20.89,0.0,0.0,0.0,255.15,-16.92,17.9,11.7,22.4,18,1,1,3,-0.979084087682323,0.2034560130526333,False,False,True,False,False,False
2025-01-09 19:00:00,49.95,1017.27,21.13,0.0,0.0,0.0,264.73,-29.41,16.3,2.3,22.5,19,1,1,3,-0.8878852184023756,0.4600650377311516,False,False,True,False,False,False
2025-01-09 20:00:00,51.01,1017.9,20.52,0.0,0.0,0.0,274.28,-40.96,15.6,0.0,22.9,20,1,1,3,-0.730835964278124,0.6825531432186542,False,False,True,False,False,False
2025-01-09 21:00:00,51.04,1017.9,20.25,0.0,0.0,0.0,286.11,-52.32,15.2,0.0,22.9,21,1,1,3,-0.5195839500354336,0.8544194045464886,False,False,True,False,False,False
2025-01-10 07:00:00,51.78,1019.45,19.92,0.0,0.0,0.0,120.29,1.65,12.3,18.7,20.6,7,3,1,2,0.9422609221188205,-0.33487961217098616,False,False,False,True,False,False
2025-01-10 08:00:00,53.91,1019.48,20.71,0.0,0.0,0.0,128.78,9.42,12.7,28.9,21.0,8,3,1,2,0.8169698930104421,-0.5766803221148671,False,False,False,True,False,False
2025-01-10 09:00:00,54.62,1019.45,21.26,0.0,0.0,0.0,141.07,18.05,14.4,59.4,21.8,9,3,1,3,0.631087944326053,-0.7757112907044197,False,False,False,True,False,False
2025-01-10 10:00:00,54.93,1020.0,21.04,0.0,0.0,0.0,154.42,24.21,16.1,40.6,22.3,10,3,1,3,0.3984010898462414,-0.917211301505453,False,False,False,True,False,False
2025-01-10 11:00:00,58.3,1019.3,21.83,0.0,0.0,0.0,169.36,27.81,17.9,25.0,22.0,11,3,1,3,0.1361666490962471,-0.9906859460363306,False,False,False,True,False,False
2025-01-10 12:00:00,57.09,1018.14,22.07,0.0,0.0,0.0,185.19,28.37,19.5,47.7,21.9,12,2,1,0,-0.1361666490962464,-0.9906859460363308,False,False,False,True,False,False
2025-01-10 13:00:00,52.27,1016.7,21.21,0.0,0.0,0.0,200.54,25.8,21.1,35.2,22.1,13,2,1,3,-0.39840108984624156,-0.9172113015054529,False,False,False,True,False,False
2025-01-10 14:00:00,51.62,1016.75,20.65,0.0,0.0,0.0,214.5,20.47,21.5,30.5,22.2,14,2,1,3,-0.6310879443260528,-0.7757112907044198,False,False,False,True,False,False
2025-01-10 15:00:00,50.9,1016.75,20.36,0.0,0.0,0.0,227.49,12.4,21.1,35.2,21.9,15,2,1,3,-0.816969893010442,-0.5766803221148672,False,False,False,True,False,False
2025-01-10 16:00:00,50.64,1016.75,20.24,0.0,0.0,0.0,237.38,4.03,20.1,30.5,22.2,16,2,1,3,-0.9422609221188204,-0.3348796121709864,False,False,False,True,False,False
2025-01-10 17:00:00,49.67,1017.45,20.03,0.0,0.0,0.0,245.85,-5.15,18.3,2.3,22.5,17,2,1,3,-0.9976687691905393,-0.06824241336467046,False,False,False,True,False,False
2025-01-10 18:00:00,48.59,1017.78,19.84,0.0,0.0,0.0,254.71,-16.1,17.1,0.0,22.3,18,1,1,3,-0.979084087682323,0.2034560130526333,False,False,False,True,False,False
2025-01-10 19:00:00,48.26,1018.6,19.84,0.0,0.0,0.0,264.95,-29.41,16.1,0.8,22.5,19,1,1,3,-0.8878852184023756,0.4600650377311516,False,False,False,True,False,False
2025-01-10 20:00:00,47.29,1018.45,19.96,0.0,0.0,0.0,274.53,-40.96,15.4,0.8,22.0,20,1,1,3,-0.730835964278124,0.6825531432186542,False,False,False,True,False,False
2025-01-10 21:00:00,47.36,1018.4,19.82,0.0,0.0,0.0,286.42,-52.31,14.9,6.2,21.9,21,1,1,3,-0.5195839500354336,0.8544194045464886,False,False,False,True,False,False
2025-01-11 07:00:00,49.64,1016.5,19.31,0.0,0.0,0.0,119.98,1.55,16.2,100.0,20.9,7,3,1,2,0.9422609221188205,-0.33487961217098616,False,False,False,False,True,False
2025-01-11 08:00:00,50.15,1016.6,19.26,0.0,0.0,0.0,128.4,9.3,16.5,100.0,20.9,8,3,1,2,0.8169698930104421,-0.5766803221148671,False,False,False,False,True,False
2025-01-11 09:00:00,50.96,1015.9,19.22,0.0,0.0,0.0,140.81,18.08,17.1,100.0,20.9,9,3,1,3,0.631087944326053,-0.7757112907044197,False,False,False,False,True,False
2025-01-11 10:00:00,51.61,1017.6,19.18,0.0,0.0,0.0,154.17,24.29,18.6,13.3,20.8,10,3,1,3,0.3984010898462414,-0.917211301505453,False,False,False,False,True,False
2025-01-11 11:00:00,52.28,1017.1,19.26,0.0,0.0,0.0,169.12,27.94,20.5,24.2,20.8,11,3,1,3,0.1361666490962471,-0.9906859460363306,False,False,False,False,True,False
2025-01-11 12:00:00,52.61,1015.72,19.26,0.0,0.0,0.0,184.83,28.55,21.7,3.9,20.8,12,2,1,0,-0.1361666490962464,-0.9906859460363308,False,False,False,False,True,False
2025-01-11 13:00:00,51.63,1015.49,19.33,0.0,0.0,0.0,200.59,25.95,22.7,17.2,20.9,13,2,1,3,-0.39840108984624156,-0.9172113015054529,False,False,False,False,True,False
2025-01-11 14:00:00,50.11,1015.49,19.33,0.0,0.0,0.0,214.58,20.61,23.4,13.3,20.9,14,2,1,3,-0.6310879443260528,-0.7757112907044198,False,False,False,False,True,False
2025-01-11 15:00:00,47.49,1016.31,19.42,0.0,0.0,0.0,227.63,12.48,22.6,5.5,21.0,15,2,1,3,-0.816969893010442,-0.5766803221148672,False,False,False,False,True,False
2025-01-11 16:00:00,46.43,1017.65,19.45,0.0,0.0,0.0,237.62,4.01,22.1,7.8,20.9,16,2,1,3,-0.9422609221188204,-0.3348796121709864,False,False,False,False,True,False
2025-01-11 17:00:00,45.92,1018.45,19.43,0.0,0.0,0.0,246.06,-5.16,20.7,3.1,21.0,17,2,1,3,-0.9976687691905393,-0.06824241336467046,False,False,False,False,True,False
2025-01-11 18:00:00,45.15,1018.62,19.42,0.0,0.0,0.0,254.92,-16.1,19.5,1.6,21.0,18,1,1,3,-0.979084087682323,0.2034560130526333,False,False,False,False,True,False
2025-01-11 19:00:00,44.58,1019.15,19.41,0.0,0.0,0.0,265.18,-29.42,18.2,3.9,20.9,19,1,1,3,-0.8878852184023756,0.4600650377311516,False,False,False,False,True,False
2025-01-11 20:00:00,45.03,1019.3,19.39,0.0,0.0,0.0,274.79,-40.97,17.5,41.4,20.8,20,1,1,3,-0.730835964278124,0.6825531432186542,False,False,False,False,True,False
2025-01-11 21:00:00,45.3,1019.63,19.36,0.0,0.0,0.0,286.75,-52.31,16.5,39.8,20.8,21,1,1,3,-0.5195839500354336,0.8544194045464886,False,False,False,False,True,False
2025-01-12 07:00:00,34.83,1019.85,18.39,0.0,0.0,0.0,119.87,1.67,11.7,3.1,19.6,7,3,1,2,0.9422609221188205,-0.33487961217098616,False,False,False,False,False,True
2025-01-12 08:00:00,35.12,1020.22,18.33,0.0,0.0,0.0,128.59,9.66,11.5,4.7,19.4,8,3,1,2,0.8169698930104421,-0.5766803221148671,False,False,False,False,False,True
2025-01-12 09:00:00,35.33,1019.74,18.39,0.0,0.0,0.0,141.39,18.6,13.4,25.8,19.3,9,3,1,3,0.631087944326053,-0.7757112907044197,False,False,False,False,False,True
2025-01-12 10:00:00,34.97,1020.46,18.44,0.0,0.0,0.0,154.87,24.71,15.0,16.4,19.3,10,3,1,3,0.3984010898462414,-0.917211301505453,False,False,False,False,False,True
2025-01-12 11:00:00,34.52,1019.97,18.46,0.0,0.0,0.0,169.92,28.21,15.6,6.2,19.4,11,3,1,3,0.1361666490962471,-0.9906859460363306,False,False,False,False,False,True
2025-01-12 12:00:00,34.77,1018.97,18.54,0.0,0.0,0.0,185.3,28.69,16.5,0.8,19.4,12,2,1,0,-0.1361666490962464,-0.9906859460363308,False,False,False,False,False,True
2025-01-12 13:00:00,35.26,1018.63,18.6,0.0,0.0,0.0,200.64,26.11,18.4,0.0,19.4,13,2,1,3,-0.39840108984624156,-0.9172113015054529,False,False,False,False,False,True
2025-01-12 14:00:00,36.36,1018.73,18.65,0.0,0.0,0.0,214.66,20.75,18.1,0.0,19.5,14,2,1,3,-0.6310879443260528,-0.7757112907044198,False,False,False,False,False,True
2025-01-12 15:00:00,36.97,1019.15,18.68,0.0,0.0,0.0,227.49,12.8,16.1,0.0,19.7,15,2,1,3,-0.816969893010442,-0.5766803221148672,False,False,False,False,False,True
2025-01-12 16:00:00,37.48,1019.8,18.75,0.0,0.0,0.0,237.55,4.3,15.1,0.0,19.7,16,2,1,3,-0.9422609221188204,-0.3348796121709864,False,False,False,False,False,True
2025-01-12 17:00:00,38.06,1021.23,18.73,0.0,0.0,0.0,246.28,-5.16,14.2,0.0,19.8,17,2,1,3,-0.9976687691905393,-0.06824241336467046,False,False,False,False,False,True
2025-01-12 18:00:00,38.8,1021.68,18.71,0.0,0.0,0.0,255.13,-16.11,13.6,1.6,19.7,18,1,1,3,-0.979084087682323,0.2034560130526333,False,False,False,False,False,True
2025-01-12 19:00:00,39.33,1022.55,18.74,0.0,0.0,0.0,265.41,-29.43,12.4,14.8,19.8,19,1,1,3,-0.8878852184023756,0.4600650377311516,False,False,False,False,False,True
2025-01-12 20:00:00,40.18,1022.92,18.72,0.0,0.0,0.0,275.07,-40.97,12.0,7.8,19.8,20,1,1,3,-0.730835964278124,0.6825531432186542,False,False,False,False,False,True
2025-01-12 21:00:00,40.69,1023.4,18.74,0.0,0.0,0.0,287.09,-52.3,11.2,10.2,19.9,21,1,1,3,-0.5195839500354336,0.8544194045464886,False,False,False,False,False,True
2025-01-13 07:00:00,38.9,1023.27,19.0,0.0,0.0,0.0,119.64,1.67,5.0,2.3,19.1,7,3,1,2,0.9422609221188205,-0.33487961217098616,False,False,False,False,False,False
2025-01-13 08:00:00,43.09,1023.65,20.72,0.0,0.0,0.0,128.34,9.68,5.2,0.8,19.2,8,3,1,2,0.8169698930104421,-0.5766803221148671,False,False,False,False,False,False
2025-01-13 09:00:00,40.44,1023.65,21.26,0.0,0.0,0.0,141.12,18.65,7.0,0.0,20.1,9,3,1,3,0.631087944326053,-0.7757112907044197,False,False,False,False,False,False
2025-01-13 10:00:00,39.47,1024.03,20.95,0.0,0.0,0.0,154.6,24.8,9.9,0.0,20.7,10,3,1,3,0.3984010898462414,-0.917211301505453,False,False,False,False,False,False
2025-01-13 11:00:00,36.66,1023.2,20.97,0.0,0.0,0.0,169.67,28.35,12.1,0.0,20.9,11,3,1,3,0.1361666490962471,-0.9906859460363306,False,False,False,False,False,False
2025-01-13 12:00:00,34.73,1022.55,20.6,0.0,0.0,0.0,185.29,28.86,13.2,0.0,20.9,12,2,1,0,-0.1361666490962464,-0.9906859460363308,False,False,False,False,False,False
2025-01-13 13:00:00,34.26,1022.13,20.2,0.0,0.0,0.0,200.7,26.27,13.8,0.0,21.2,13,2,1,3,-0.39840108984624156,-0.9172113015054529,False,False,False,False,False,False
2025-01-13 14:00:00,33.73,1021.3,19.5,0.0,0.0,0.0,214.75,20.9,13.9,0.0,20.7,14,2,1,3,-0.6310879443260528,-0.7757112907044198,False,False,False,False,False,False
2025-01-13 15:00:00,35.32,1021.85,19.9,0.0,0.0,0.0,227.63,12.91,13.3,0.0,21.0,15,2,1,3,-0.816969893010442,-0.5766803221148672,False,False,False,False,False,False
2025-01-13 16:00:00,33.62,1022.55,20.3,0.0,0.0,0.0,237.66,4.44,12.2,0.0,21.5,16,2,1,3,-0.9422609221188204,-0.3348796121709864,False,False,False,False,False,False
2025-01-13 17:00:00,33.73,1023.2,20.49,0.0,0.0,0.0,246.19,-4.76,10.7,0.0,21.6,17,2,1,3,-0.9976687691905393,-0.06824241336467046,False,False,False,False,False,False
2025-01-13 18:00:00,33.96,1023.85,21.04,0.0,0.0,0.0,255.36,-16.11,10.0,0.0,20.9,18,1,1,3,-0.979084087682323,0.2034560130526333,False,False,False,False,False,False
2025-01-13 19:00:00,34.03,1024.4,21.27,0.0,0.0,0.0,265.66,-29.43,9.8,0.0,21.1,19,1,1,3,-0.8878852184023756,0.4600650377311516,False,False,False,False,False,False
2025-01-13 20:00:00,34.62,1025.3,20.5,0.0,0.0,0.0,275.35,-40.98,9.0,0.0,21.4,20,1,1,3,-0.730835964278124,0.6825531432186542,False,False,False,False,False,False
2025-01-13 21:00:00,35.14,1025.55,19.83,0.0,0.0,0.0,287.44,-52.3,8.1,0.0,21.4,21,1,1,3,-0.5195839500354336,0.8544194045464886,False,False,False,False,False,False
2025-01-14 07:00:00,35.34,1026.25,19.29,0.0,0.0,0.0,119.4,1.68,2.1,0.0,19.1,7,3,1,2,0.9422609221188205,-0.33487961217098616,True,False,False,False,False,False
2025-01-14 08:00:00,39.62,1026.8,20.56,0.0,0.0,0.0,128.09,9.69,2.4,0.0,19.5,8,3,1,2,0.8169698930104421,-0.5766803221148671,True,False,False,False,False,False
2025-01-14 09:00:00,35.86,1027.1,20.68,0.0,0.0,0.0,140.83,18.69,5.1,0.0,20.6,9,3,1,3,0.631087944326053,-0.7757112907044197,True,False,False,False,False,False
2025-01-14 10:00:00,34.84,1026.8,20.52,0.0,0.0,0.0,154.32,24.89,8.7,0.0,21.2,10,3,1,3,0.3984010898462414,-0.917211301505453,True,False,False,False,False,False
2025-01-14 11:00:00,39.06,1026.25,21.38,0.0,0.0,0.0,169.41,28.49,11.2,0.0,21.5,11,3,1,3,0.1361666490962471,-0.9906859460363306,True,False,False,False,False,False
2025-01-14 12:00:00,34.27,1025.4,21.35,0.0,0.0,0.0,185.27,29.04,12.5,0.0,21.7,12,2,1,0,-0.1361666490962464,-0.9906859460363308,True,False,False,False,False,False
2025-01-14 13:00:00,29.51,1024.37,20.4,0.0,0.0,0.0,200.76,26.44,12.8,0.0,21.7,13,2,1,3,-0.39840108984624156,-0.9172113015054529,True,False,False,False,False,False
2025-01-14 14:00:00,29.28,1023.7,19.5,0.0,0.0,0.0,214.84,21.06,13.0,0.0,21.4,14,2,1,3,-0.6310879443260528,-0.7757112907044198,True,False,False,False,False,False
2025-01-14 15:00:00,32.64,1024.0,20.04,0.0,0.0,0.0,227.47,13.26,,,21.0,15,2,1,3,-0.816969893010442,-0.5766803221148672,True,False,False,False,False,False
2025-01-14 16:00:00,30.78,1024.0,20.45,0.0,0.0,0.0,237.76,4.58,12.1,0.0,21.4,16,2,1,3,-0.9422609221188204,-0.3348796121709864,True,False,False,False,False,False
2025-01-14 17:00:00,33.47,1024.27,20.23,0.0,0.0,0.0,246.43,-4.77,9.9,0.0,21.6,17,2,1,3,-0.9976687691905393,-0.06824241336467046,True,False,False,False,False,False
2025-01-14 18:00:00,38.26,1024.9,20.93,0.0,0.0,0.0,255.59,-16.11,9.0,0.0,21.6,18,1,1,3,-0.979084087682323,0.2034560130526333,True,False,False,False,False,False
2025-01-14 19:00:00,40.52,1025.1,21.03,0.0,0.0,0.0,265.91,-29.44,8.4,0.0,22.2,19,1,1,3,-0.8878852184023756,0.4600650377311516,True,False,False,False,False,False
2025-01-14 20:00:00,37.85,1025.4,20.15,0.0,0.0,0.0,275.65,-40.99,7.5,0.0,21.8,20,1,1,3,-0.730835964278124,0.6825531432186542,True,False,False,False,False,False
2025-01-14 21:00:00,36.98,1025.7,19.6,0.0,0.0,0.0,287.81,-52.29,6.6,5.5,21.8,21,1,1,3,-0.5195839500354336,0.8544194045464886,True,False,False,False,False,False
2025-01-15 07:00:00,34.51,1023.6,18.46,0.0,0.0,0.0,119.15,1.69,1.3,0.0,19.2,7,3,1,2,0.9422609221188205,-0.33487961217098616,False,True,False,False,False,False
2025-01-15 08:00:00,39.42,1024.0,19.59,0.0,0.0,0.0,127.83,9.71,1.9,0.0,19.4,8,3,1,2,0.8169698930104421,-0.5766803221148671,False,True,False,False,False,False
2025-01-15 09:00:00,41.71,1023.35,20.14,0.0,0.0,0.0,140.54,18.73,4.3,0.0,20.6,9,3,1,3,0.631087944326053,-0.7757112907044197,False,True,False,False,False,False
2025-01-15 10:00:00,35.6,1023.7,19.89,0.0,0.0,0.0,154.02,24.98,7.5,0.0,21.4,10,3,1,3,0.3984010898462414,-0.917211301505453,False,True,False,False,False,False
2025-01-15 11:00:00,32.69,1022.88,20.21,0.0,0.0,0.0,169.14,28.64,10.4,0.0,21.9,11,3,1,3,0.1361666490962471,-0.9906859460363306,False,True,False,False,False,False
2025-01-15 12:00:00,30.05,1021.68,20.42,0.0,0.0,0.0,185.26,29.22,12.1,0.0,22.1,12,2,1,0,-0.1361666490962464,-0.9906859460363308,False,True,False,False,False,False
2025-01-15 13:00:00,27.11,1020.18,19.96,0.0,0.0,0.0,200.82,26.62,13.0,29.7,22.8,13,2,1,3,-0.39840108984624156,-0.9172113015054529,False,True,False,False,False,False
2025-01-15 14:00:00,26.44,1019.3,19.18,0.0,0.0,0.0,214.94,21.22,13.6,0.0,22.7,14,2,1,3,-0.6310879443260528,-0.7757112907044198,False,True,False,False,False,False
2025-01-15 15:00:00,27.3,1018.8,19.4,0.0,0.0,0.0,227.56,13.43,13.6,7.0,21.8,15,2,1,3,-0.816969893010442,-0.5766803221148672,False,True,False,False,False,False
2025-01-15 16:00:00,29.71,1018.8,19.62,0.0,0.0,0.0,237.71,4.87,13.2,62.5,21.8,16,2,1,3,-0.9422609221188204,-0.3348796121709864,False,True,False,False,False,False
2025-01-15 17:00:00,35.16,1018.45,19.83,0.0,0.0,0.0,246.38,-4.4,10.7,96.9,21.7,17,2,1,3,-0.9976687691905393,-0.06824241336467046,False,True,False,False,False,False
2025-01-15 18:00:00,38.07,1018.45,20.26,0.0,0.0,0.0,255.84,-16.12,9.7,85.9,21.8,18,1,1,3,-0.979084087682323,0.2034560130526333,False,True,False,False,False,False
2025-01-15 19:00:00,41.01,1018.55,20.47,0.0,0.0,0.0,266.18,-29.45,8.8,57.8,22.6,19,1,1,3,-0.8878852184023756,0.4600650377311516,False,True,False,False,False,False
2025-01-15 20:00:00,40.94,1018.27,19.98,0.0,0.0,0.0,275.96,-41.0,7.5,0.8,22.1,20,1,1,3,-0.730835964278124,0.6825531432186542,False,True,False,False,False,False
2025-01-15 21:00:00,40.05,1017.75,19.1,0.0,0.0,0.0,288.19,-52.29,5.4,9.4,22.0,21,1,1,3,-0.5195839500354336,0.8544194045464886,False,True,False,False,False,False
2025-01-16 07:00:00,33.08,1019.6,17.88,0.0,0.0,0.0,118.9,1.7,4.6,21.1,19.5,7,3,1,2,0.9422609221188205,-0.33487961217098616,False,False,True,False,False,False
2025-01-16 08:00:00,36.47,1020.04,19.4,0.0,0.0,0.0,127.55,9.73,6.6,1.6,19.7,8,3,1,2,0.8169698930104421,-0.5766803221148671,False,False,True,False,False,False
2025-01-16 09:00:00,39.12,1020.7,20.23,0.0,0.0,0.0,140.24,18.78,9.3,2.3,20.8,9,3,1,3,0.631087944326053,-0.7757112907044197,False,False,True,False,False,False
2025-01-16 10:00:00,39.57,1020.7,19.46,0.0,0.0,0.0,153.72,25.08,11.6,2.3,21.7,10,3,1,3,0.3984010898462414,-0.917211301505453,False,False,True,False,False,False
2025-01-16 11:00:00,44.37,1019.97,20.44,0.0,0.0,0.0,168.86,28.79,12.7,22.7,21.8,11,3,1,3,0.1361666490962471,-0.9906859460363306,False,False,True,False,False,False
2025-01-16 12:00:00,44.57,1019.2,20.71,0.0,0.0,0.0,184.88,29.43,12.9,26.6,21.8,12,2,1,0,-0.1361666490962464,-0.9906859460363308,False,False,True,False,False,False
2025-01-16 13:00:00,42.41,1018.55,20.4,0.0,0.0,0.0,200.89,26.8,12.9,59.4,22.2,13,2,1,3,-0.39840108984624156,-0.9172113015054529,False,False,True,False,False,False
2025-01-16 14:00:00,38.23,1018.1,19.59,0.0,0.0,0.0,215.04,21.39,12.0,26.6,22.3,14,2,1,3,-0.6310879443260528,-0.7757112907044198,False,False,True,False,False,False
2025-01-16 15:00:00,44.23,1018.7,19.77,0.0,0.0,0.0,227.7,13.56,11.4,96.1,22.0,15,2,1,3,-0.816969893010442,-0.5766803221148672,False,False,True,False,False,False
2025-01-16 16:00:00,46.22,1019.8,20.18,0.0,0.0,0.0,238.01,4.85,10.0,86.7,22.5,16,2,1,3,-0.9422609221188204,-0.3348796121709864,False,False,True,False,False,False
2025-01-16 17:00:00,46.66,1021.7,20.31,0.0,0.0,0.0,246.64,-4.41,9.0,53.1,23.0,17,2,1,3,-0.9976687691905393,-0.06824241336467046,False,False,True,False,False,False
2025-01-16 18:00:00,45.71,1021.68,20.9,0.0,0.0,0.0,256.09,-16.12,8.6,100.0,23.1,18,1,1,3,-0.979084087682323,0.2034560130526333,False,False,True,False,False,False
2025-01-16 19:00:00,45.22,1022.44,20.49,0.0,0.0,0.0,266.45,-29.46,8.5,100.0,23.3,19,1,1,3,-0.8878852184023756,0.4600650377311516,False,False,True,False,False,False
2025-01-16 20:00:00,44.46,1021.85,19.54,0.0,0.0,0.0,276.27,-41.0,8.3,97.7,23.5,20,1,1,3,-0.730835964278124,0.6825531432186542,False,False,True,False,False,False
2025-01-16 21:00:00,44.32,1022.2,19.01,0.0,0.0,0.0,288.58,-52.27,8.1,93.0,23.0,21,1,1,3,-0.5195839500354336,0.8544194045464886,False,False,True,False,False,False
2025-01-17 07:00:00,47.79,1022.96,18.29,0.0,0.0,0.0,118.8,1.87,8.7,36.7,19.9,7,3,1,2,0.9422609221188205,-0.33487961217098616,False,False,False,True,False,False
2025-01-17 08:00:00,49.98,1023.7,19.18,0.0,0.0,0.0,127.47,9.92,9.4,81.2,20.1,8,3,1,2,0.8169698930104421,-0.5766803221148671,False,False,False,True,False,False
2025-01-17 09:00:00,51.43,1024.0,19.94,0.0,0.0,0.0,139.93,18.83,9.6,89.8,21.3,9,3,1,3,0.631087944326053,-0.7757112907044197,False,False,False,True,False,False
2025-01-17 10:00:00,51.22,1024.23,20.07,0.0,0.0,0.0,153.41,25.18,10.0,99.2,22.1,10,3,1,3,0.3984010898462414,-0.917211301505453,False,False,False,True,False,False
2025-01-17 11:00:00,54.65,1023.45,20.87,0.0,0.0,0.0,168.57,28.95,10.2,100.0,22.0,11,3,1,3,0.1361666490962471,-0.9906859460363306,False,False,False,True,False,False
2025-01-17 12:00:00,56.42,1023.13,21.27,0.0,0.0,0.0,184.85,29.62,10.6,91.4,21.6,12,2,1,0,-0.1361666490962464,-0.9906859460363308,False,False,False,True,False,False
2025-01-17 13:00:00,70.1,1022.61,21.12,0.0,0.0,0.0,200.96,26.98,11.9,98.4,22.3,13,2,1,3,-0.39840108984624156,-0.9172113015054529,False,False,False,True,False,False
2025-01-17 14:00:00,48.92,1022.4,20.07,1403.0,22.5,90.0,215.14,21.56,11.9,99.2,22.8,14,2,1,3,-0.6310879443260528,-0.7757112907044198,False,False,False,True,False,False
2025-01-17 15:00:00,46.09,1022.7,19.89,2404.0,0.0,0.0,227.51,13.96,11.8,100.0,22.4,15,2,1,3,-0.816969893010442,-0.5766803221148672,False,False,False,True,False,False
2025-01-17 16:00:00,44.95,1022.8,19.96,0.0,0.0,0.0,237.97,5.15,11.7,97.7,22.1,16,2,1,3,-0.9422609221188204,-0.3348796121709864,False,False,False,True,False,False
2025-01-17 17:00:00,44.56,1023.05,19.96,0.0,0.0,0.0,246.64,-4.08,11.8,68.0,22.3,17,2,1,3,-0.9976687691905393,-0.06824241336467046,False,False,False,True,False,False
2025-01-17 18:00:00,44.2,1023.55,19.93,0.0,0.0,0.0,256.35,-16.12,11.5,84.4,22.4,18,1,1,3,-0.979084087682323,0.2034560130526333,False,False,False,True,False,False
2025-01-17 19:00:00,43.63,1023.55,19.97,85.0,0.0,0.0,266.74,-29.46,10.9,57.8,23.1,19,1,1,3,-0.8878852184023756,0.4600650377311516,False,False,False,True,False,False
2025-01-17 20:00:00,44.1,1023.55,19.42,0.0,0.0,0.0,276.6,-41.0,9.8,72.7,23.3,20,1,1,3,-0.730835964278124,0.6825531432186542,False,False,False,True,False,False
2025-01-17 21:00:00,44.57,1023.55,18.96,0.0,0.0,0.0,288.99,-52.26,9.4,22.7,23.2,21,1,1,3,-0.5195839500354336,0.8544194045464886,False,False,False,True,False,False
2025-01-18 07:00:00,40.47,1021.3,17.3,0.0,0.0,0.0,118.53,1.88,5.1,0.0,20.3,7,3,1,2,0.9422609221188205,-0.33487961217098616,False,False,False,False,True,False
2025-01-18 08:00:00,39.8,1021.3,17.19,0.0,0.0,0.0,127.17,9.94,5.3,0.0,20.1,8,3,1,2,0.8169698930104421,-0.5766803221148671,False,False,False,False,True,False
2025-01-18 09:00:00,38.78,1021.7,16.91,0.0,0.0,0.0,139.6,18.87,7.6,10.9,20.0,9,3,1,3,0.631087944326053,-0.7757112907044197,False,False,False,False,True,False
2025-01-18 10:00:00,39.02,1021.15,16.75,0.0,0.0,0.0,153.08,25.28,10.8,59.4,19.9,10,3,1,3,0.3984010898462414,-0.917211301505453,False,False,False,False,True,False
2025-01-18 11:00:00,39.2,1020.33,16.77,0.0,0.0,0.0,168.26,29.11,13.5,95.3,19.7,11,3,1,3,0.1361666490962471,-0.9906859460363306,False,False,False,False,True,False
2025-01-18 12:00:00,39.28,1019.4,16.8,0.0,0.0,0.0,184.28,29.87,15.0,98.4,19.6,12,2,1,0,-0.1361666490962464,-0.9906859460363308,False,False,False,False,True,False
2025-01-18 13:00:00,39.44,1018.45,16.82,0.0,0.0,0.0,200.02,27.45,15.1,96.9,19.6,13,2,1,3,-0.39840108984624156,-0.9172113015054529,False,False,False,False,True,False
2025-01-18 14:00:00,39.73,1019.3,16.82,0.0,0.0,0.0,214.36,22.18,15.0,100.0,19.5,14,2,1,3,-0.6310879443260528,-0.7757112907044198,False,False,False,False,True,False
2025-01-18 15:00:00,39.89,1018.6,16.88,0.0,0.0,0.0,226.87,14.68,14.4,100.0,19.5,15,2,1,3,-0.816969893010442,-0.5766803221148672,False,False,False,False,True,False
2025-01-18 16:00:00,40.18,1018.3,16.88,0.0,0.0,0.0,237.95,5.45,13.4,100.0,19.4,16,2,1,3,-0.9422609221188204,-0.3348796121709864,False,False,False,False,True,False
2025-01-18 17:00:00,40.42,1018.6,16.84,0.0,0.0,0.0,246.66,-3.78,11.3,100.0,19.4,17,2,1,3,-0.9976687691905393,-0.06824241336467046,False,False,False,False,True,False
2025-01-18 18:00:00,40.84,1018.8,16.82,0.0,0.0,0.0,255.74,-14.99,10.2,68.0,19.3,18,1,1,3,-0.979084087682323,0.2034560130526333,False,False,False,False,True,False
2025-01-18 19:00:00,41.52,1019.0,16.8,0.0,0.0,0.0,264.0,-25.62,9.6,84.4,19.3,19,1,1,3,-0.8878852184023756,0.4600650377311516,False,False,False,False,True,False
2025-01-18 20:00:00,41.97,1018.6,16.76,0.0,0.0,0.0,273.46,-37.17,8.9,60.9,19.2,20,1,1,3,-0.730835964278124,0.6825531432186542,False,False,False,False,True,False
2025-01-18 21:00:00,42.3,1018.97,16.73,0.0,0.0,0.0,284.81,-48.57,8.5,48.4,19.2,21,1,1,3,-0.5195839500354336,0.8544194045464886,False,False,False,False,True,False
2025-01-19 07:00:00,40.62,1016.9,16.13,0.0,0.0,0.0,118.25,1.89,3.5,100.0,18.5,7,3,1,2,0.9422609221188205,-0.33487961217098616,False,False,False,False,False,True
2025-01-19 08:00:00,40.47,1017.3,16.05,0.0,0.0,0.0,127.18,10.2,3.3,86.7,18.4,8,3,1,2,0.8169698930104421,-0.5766803221148671,False,False,False,False,False,True
2025-01-19 09:00:00,40.39,1017.6,16.01,0.0,0.0,0.0,140.11,19.42,5.6,33.6,18.3,9,3,1,3,0.631087944326053,-0.7757112907044197,False,False,False,False,False,True
2025-01-19 10:00:00,40.13,1017.45,15.97,0.0,0.0,0.0,153.72,25.73,9.0,83.6,18.2,10,3,1,3,0.3984010898462414,-0.917211301505453,False,False,False,False,False,True
2025-01-19 11:00:00,40.0,1016.57,15.91,0.0,0.0,0.0,169.01,29.43,11.6,27.3,18.1,11,3,1,3,0.1361666490962471,-0.9906859460363306,False,False,False,False,False,True
2025-01-19 12:00:00,39.79,1016.1,15.89,0.0,0.0,0.0,184.8,30.07,13.1,6.2,18.1,12,2,1,0,-0.1361666490962464,-0.9906859460363308,False,False,False,False,False,True
2025-01-19 13:00:00,39.85,1014.9,15.87,0.0,0.0,0.0,200.08,27.65,13.8,0.0,18.1,13,2,1,3,-0.39840108984624156,-0.9172113015054529,False,False,False,False,False,True
2025-01-19 14:00:00,39.98,1014.2,15.85,0.0,0.0,0.0,214.46,22.36,14.0,0.0,18.0,14,2,1,3,-0.6310879443260528,-0.7757112907044198,False,False,False,False,False,True
2025-01-19 15:00:00,40.05,1014.6,15.9,0.0,0.0,0.0,227.0,14.85,14.0,0.0,18.0,15,2,1,3,-0.816969893010442,-0.5766803221148672,False,False,False,False,False,True
2025-01-19 16:00:00,40.24,1014.9,15.87,0.0,0.0,0.0,238.1,5.59,13.4,0.0,18.0,16,2,1,3,-0.9422609221188204,-0.3348796121709864,False,False,False,False,False,True
2025-01-19 17:00:00,40.55,1015.9,15.87,0.0,0.0,0.0,246.57,-3.32,11.2,24.2,18.0,17,2,1,3,-0.9976687691905393,-0.06824241336467046,False,False,False,False,False,True
2025-01-19 18:00:00,40.88,1015.4,15.85,0.0,0.0,0.0,255.41,-14.22,9.8,64.1,17.9,18,1,1,3,-0.979084087682323,0.2034560130526333,False,False,False,False,False,True
2025-01-19 19:00:00,41.39,1015.4,15.81,0.0,0.0,0.0,264.29,-25.63,9.1,96.9,17.9,19,1,1,3,-0.8878852184023756,0.4600650377311516,False,False,False,False,False,True
2025-01-19 20:00:00,41.93,1015.4,15.81,0.0,0.0,0.0,273.79,-37.18,8.4,4.7,17.8,20,1,1,3,-0.730835964278124,0.6825531432186542,False,False,False,False,False,True
2025-01-19 21:00:00,42.39,1015.4,15.75,0.0,0.0,0.0,285.22,-48.56,7.0,98.4,17.8,21,1,1,3,-0.5195839500354336,0.8544194045464886,False,False,False,False,False,True
2025-01-20 07:00:00,48.28,1013.7,16.86,2129.0,2564.25,10257.0,117.96,1.9,6.1,68.0,17.3,7,3,1,2,0.9422609221188205,-0.33487961217098616,False,False,False,False,False,False
2025-01-20 08:00:00,51.17,1013.4,18.56,65.0,4500.0,18000.0,126.86,10.22,6.4,97.7,17.6,8,3,1,2,0.8169698930104421,-0.5766803221148671,False,False,False,False,False,False
2025-01-20 09:00:00,49.2,1013.63,19.05,759.0,4500.0,18000.0,139.77,19.47,7.8,96.1,19.1,9,3,1,3,0.631087944326053,-0.7757112907044197,False,False,False,False,False,False
2025-01-20 10:00:00,48.05,1014.47,19.08,1838.0,4500.0,18000.0,153.38,25.84,9.8,96.9,20.0,10,3,1,3,0.3984010898462414,-0.917211301505453,False,False,False,False,False,False
2025-01-20 11:00:00,51.62,1013.53,19.95,215.0,4500.0,18000.0,168.69,29.61,12.1,75.8,20.1,11,3,1,3,0.1361666490962471,-0.9906859460363306,False,False,False,False,False,False
2025-01-20 12:00:00,51.29,1013.02,20.09,576.0,4500.0,18000.0,184.42,30.3,14.1,100.0,20.5,12,2,1,0,-0.1361666490962464,-0.9906859460363308,False,False,False,False,False,False
2025-01-20 13:00:00,48.14,1012.05,19.74,182.0,4500.0,18000.0,200.16,27.85,13.4,88.3,20.4,13,2,1,3,-0.39840108984624156,-0.9172113015054529,False,False,False,False,False,False
2025-01-20 14:00:00,47.24,1011.5,19.0,167.0,4500.0,18000.0,214.57,22.55,13.7,51.6,20.6,14,2,1,3,-0.6310879443260528,-0.7757112907044198,False,False,False,False,False,False
2025-01-20 15:00:00,49.55,1011.7,19.3,3277.0,4500.0,18000.0,227.14,15.02,13.7,61.7,20.7,15,2,1,3,-0.816969893010442,-0.5766803221148672,False,False,False,False,False,False
2025-01-20 16:00:00,49.3,1011.35,19.77,3600.0,4500.0,18000.0,238.26,5.73,13.5,73.4,20.6,16,2,1,3,-0.9422609221188204,-0.3348796121709864,False,False,False,False,False,False
2025-01-20 17:00:00,50.1,1011.9,19.71,3600.0,4500.0,18000.0,246.64,-3.05,12.4,100.0,20.9,17,2,1,3,-0.9976687691905393,-0.06824241336467046,False,False,False,False,False,False
2025-01-20 18:00:00,50.16,1012.2,20.19,3178.0,4500.0,18000.0,255.7,-14.23,12.0,100.0,20.9,18,1,1,3,-0.979084087682323,0.2034560130526333,False,False,False,False,False,False
2025-01-20 19:00:00,51.02,1012.5,20.55,176.0,4500.0,18000.0,264.59,-25.64,12.0,100.0,21.2,19,1,1,3,-0.8878852184023756,0.4600650377311516,False,False,False,False,False,False
2025-01-20 20:00:00,52.55,1012.5,19.74,0.0,4500.0,18000.0,274.14,-37.19,11.4,100.0,21.3,20,1,1,3,-0.730835964278124,0.6825531432186542,False,False,False,False,False,False
2025-01-20 21:00:00,52.72,1012.4,18.79,0.0,4500.0,18000.0,285.63,-48.56,,,21.4,21,1,1,3,-0.5195839500354336,0.8544194045464886,False,False,False,False,False,False
2025-01-21 07:00:00,60.5,1010.18,18.16,1381.0,4500.0,18000.0,118.03,2.3,9.3,100.0,19.2,7,3,1,2,0.9422609221188205,-0.33487961217098616,True,False,False,False,False,False
2025-01-21 08:00:00,61.88,1010.32,19.3,959.0,4500.0,18000.0,126.75,10.42,9.8,97.7,19.6,8,3,1,2,0.8169698930104421,-0.5766803221148671,True,False,False,False,False,False
2025-01-21 09:00:00,61.34,1011.93,19.6,454.0,4500.0,18000.0,139.42,19.53,11.1,85.9,20.8,9,3,1,3,0.631087944326053,-0.7757112907044197,True,False,False,False,False,False
2025-01-21 10:00:00,61.2,1011.85,19.66,2267.0,4500.0,18000.0,153.03,25.95,12.9,100.0,21.3,10,3,1,3,0.3984010898462414,-0.917211301505453,True,False,False,False,False,False
2025-01-21 11:00:00,60.3,1010.5,20.39,3600.0,4500.0,18000.0,168.37,29.79,14.5,100.0,21.6,11,3,1,3,0.1361666490962471,-0.9906859460363306,True,False,False,False,False,False
2025-01-21 12:00:00,59.37,1009.48,20.8,3600.0,4500.0,18000.0,184.38,30.52,14.4,78.1,21.5,12,2,1,0,-0.1361666490962464,-0.9906859460363308,True,False,False,False,False,False
2025-01-21 13:00:00,59.37,1008.65,20.13,1256.0,4500.0,18000.0,200.23,28.07,16.0,100.0,21.7,13,2,1,3,-0.39840108984624156,-0.9172113015054529,True,False,False,False,False,False
2025-01-21 14:00:00,60.9,1007.95,19.37,1016.0,4500.0,18000.0,214.69,22.75,16.9,96.1,22.0,14,2,1,3,-0.6310879443260528,-0.7757112907044198,True,False,False,False,False,False
2025-01-21 15:00:00,64.52,1008.8,20.02,147.0,4500.0,18000.0,227.28,15.19,17.0,95.3,22.3,15,2,1,3,-0.816969893010442,-0.5766803221148672,True,False,False,False,False,False
2025-01-21 16:00:00,63.7,1008.38,21.18,243.0,4500.0,18000.0,238.45,5.87,15.8,88.3,22.4,16,2,1,3,-0.9422609221188204,-0.3348796121709864,True,False,False,False,False,False
2025-01-21 17:00:00,61.0,1008.62,20.95,2238.0,2356.75,9427.0,246.89,-3.01,14.2,69.5,22.8,17,2,1,3,-0.9976687691905393,-0.06824241336467046,True,False,False,False,False,False
2025-01-21 18:00:00,59.82,1008.5,20.83,483.0,1800.0,7200.0,255.99,-14.23,13.3,89.1,23.0,18,1,1,3,-0.979084087682323,0.2034560130526333,True,False,False,False,False,False
2025-01-21 19:00:00,59.95,1008.8,20.75,341.0,380.0,1520.0,266.21,-27.26,12.4,71.9,23.0,19,1,1,3,-0.8878852184023756,0.4600650377311516,True,False,False,False,False,False
2025-01-21 20:00:00,60.43,1008.97,19.92,0.0,0.0,0.0,276.69,-39.61,11.7,53.1,22.9,20,1,1,3,-0.730835964278124,0.6825531432186542,True,False,False,False,False,False
2025-01-21 21:00:00,60.32,1009.0,19.4,0.0,0.0,0.0,288.95,-50.86,10.6,78.1,22.4,21,1,1,3,-0.5195839500354336,0.8544194045464886,True,False,False,False,False,False
2025-01-22 07:00:00,54.34,1007.37,19.2,3600.0,0.0,0.0,117.73,2.31,8.4,88.3,20.3,7,3,1,2,0.9422609221188205,-0.33487961217098616,False,True,False,False,False,False
2025-01-22 08:00:00,55.28,1007.48,19.94,3286.0,0.0,0.0,126.45,10.47,8.7,65.6,20.6,8,3,1,2,0.8169698930104421,-0.5766803221148671,False,True,False,False,False,False
2025-01-22 09:00:00,56.74,1008.45,20.33,46.0,0.0,0.0,139.06,19.58,10.6,14.8,21.2,9,3,1,3,0.631087944326053,-0.7757112907044197,False,True,False,False,False,False
2025-01-22 10:00:00,57.07,1007.65,20.05,967.0,0.0,0.0,152.67,26.07,13.9,48.4,22.0,10,3,1,3,0.3984010898462414,-0.917211301505453,False,True,False,False,False,False
2025-01-22 11:00:00,58.46,1006.52,21.09,835.0,0.0,0.0,168.03,29.97,16.9,55.5,22.3,11,3,1,3,0.1361666490962471,-0.9906859460363306,False,True,False,False,False,False
2025-01-22 12:00:00,59.26,1005.77,21.66,414.0,0.0,0.0,184.34,30.75,19.0,24.2,21.8,12,2,1,0,-0.1361666490962464,-0.9906859460363308,False,True,False,False,False,False
2025-01-22 13:00:00,58.13,1004.9,21.54,73.0,0.0,0.0,200.3,28.29,20.3,33.6,22.3,13,2,1,3,-0.39840108984624156,-0.9172113015054529,False,True,False,False,False,False
2025-01-22 14:00:00,57.92,1004.4,20.55,453.0,0.0,0.0,214.81,22.95,19.7,99.2,22.6,14,2,1,3,-0.6310879443260528,-0.7757112907044198,False,True,False,False,False,False
2025-01-22 15:00:00,50.56,1004.7,20.46,3600.0,0.0,0.0,227.43,15.38,19.0,79.7,22.7,15,2,1,3,-0.816969893010442,-0.5766803221148672,False,True,False,False,False,False
2025-01-22 16:00:00,44.84,1005.8,20.52,3326.0,0.0,0.0,238.77,5.87,18.6,76.6,22.7,16,2,1,3,-0.9422609221188204,-0.3348796121709864,False,True,False,False,False,False
2025-01-22 17:00:00,44.64,1005.6,21.13,3510.0,0.0,0.0,247.18,-2.99,17.1,43.0,22.6,17,2,1,3,-0.9976687691905393,-0.06824241336467046,False,True,False,False,False,False
2025-01-22 18:00:00,45.71,1006.3,21.74,3600.0,0.0,0.0,256.3,-14.23,17.1,58.6,22.9,18,1,1,3,-0.979084087682323,0.2034560130526333,False,True,False,False,False,False
2025-01-22 19:00:00,47.34,1006.4,21.73,2800.0,0.0,0.0,265.95,-26.55,14.1,92.2,23.4,19,1,1,3,-0.8878852184023756,0.4600650377311516,False,True,False,False,False,False
2025-01-22 20:00:00,47.94,1006.57,20.84,0.0,0.0,0.0,275.66,-38.1,13.3,89.1,24.0,20,1,1,3,-0.730835964278124,0.6825531432186542,False,True,False,False,False,False
2025-01-22 21:00:00,48.77,1007.5,20.31,0.0,0.0,0.0,287.56,-49.41,12.1,100.0,23.7,21,1,1,3,-0.5195839500354336,0.8544194045464886,False,True,False,False,False,False
2025-01-23 07:00:00,51.67,1010.2,19.76,2638.0,0.0,0.0,117.41,2.32,11.0,90.6,21.2,7,3,1,2,0.9422609221188205,-0.33487961217098616,False,False,True,False,False,False
2025-01-23 08:00:00,52.5,1010.65,21.02,3600.0,0.0,0.0,126.11,10.49,11.7,100.0,21.2,8,3,1,2,0.8169698930104421,-0.5766803221148671,False,False,True,False,False,False
2025-01-23 09:00:00,51.74,1010.83,21.77,3485.0,0.0,0.0,138.69,19.64,14.1,100.0,22.0,9,3,1,3,0.631087944326053,-0.7757112907044197,False,False,True,False,False,False
2025-01-23 10:00:00,49.57,1011.7,22.01,616.0,0.0,0.0,152.3,26.19,16.3,86.7,22.4,10,3,1,3,0.3984010898462414,-0.917211301505453,False,False,True,False,False,False
2025-01-23 11:00:00,47.45,1011.7,22.05,216.0,0.0,0.0,167.69,30.15,18.5,1.6,22.6,11,3,1,3,0.1361666490962471,-0.9906859460363306,False,False,True,False,False,False
2025-01-23 12:00:00,48.24,1010.82,22.59,1115.0,0.0,0.0,184.01,30.99,20.0,1.6,22.5,12,2,1,0,-0.1361666490962464,-0.9906859460363308,False,False,True,False,False,False
2025-01-23 13:00:00,47.6,1009.65,22.83,762.0,0.0,0.0,200.38,28.51,21.0,0.8,23.5,13,2,1,3,-0.39840108984624156,-0.9172113015054529,False,False,True,False,False,False
2025-01-23 14:00:00,46.38,1010.2,21.73,857.0,0.0,0.0,214.93,23.16,21.6,3.1,24.1,14,2,1,3,-0.6310879443260528,-0.7757112907044198,False,False,True,False,False,False
2025-01-23 15:00:00,44.53,1010.65,21.76,1860.0,0.0,0.0,227.58,15.56,21.7,18.7,23.5,15,2,1,3,-0.816969893010442,-0.5766803221148672,False,False,True,False,False,False
2025-01-23 16:00:00,42.86,1011.85,21.76,3153.0,0.0,0.0,238.8,6.17,20.7,8.6,23.3,16,2,1,3,-0.9422609221188204,-0.3348796121709864,False,False,True,False,False,False
2025-01-23 17:00:00,45.83,1011.5,21.88,2974.0,0.0,0.0,247.28,-2.73,18.8,3.1,23.3,17,2,1,3,-0.9976687691905393,-0.06824241336467046,False,False,True,False,False,False
2025-01-23 18:00:00,47.63,1012.0,21.89,3600.0,0.0,0.0,256.61,-14.24,17.5,2.3,23.7,18,1,1,3,-0.979084087682323,0.2034560130526333,False,False,True,False,False,False
2025-01-23 19:00:00,47.86,1012.7,22.05,3177.0,0.0,0.0,265.55,-25.65,16.9,0.8,23.9,19,1,1,3,-0.8878852184023756,0.4600650377311516,False,False,True,False,False,False
2025-01-23 20:00:00,48.06,1013.35,21.84,0.0,0.0,0.0,275.22,-37.2,15.8,0.0,24.0,20,1,1,3,-0.730835964278124,0.6825531432186542,False,False,True,False,False,False
2025-01-23 21:00:00,48.76,1014.05,21.4,0.0,0.0,0.0,286.94,-48.53,14.8,0.0,24.1,21,1,1,3,-0.5195839500354336,0.8544194045464886,False,False,True,False,False,False
2025-01-24 07:00:00,53.69,1015.8,21.12,517.0,0.0,0.0,117.26,2.5,12.9,8.6,21.9,7,3,1,2,0.9422609221188205,-0.33487961217098616,False,False,False,True,False,False
2025-01-24 08:00:00,55.71,1016.45,21.93,148.0,0.0,0.0,126.32,10.97,13.6,22.7,22.0,8,3,1,2,0.8169698930104421,-0.5766803221148671,False,False,False,True,False,False
2025-01-24 09:00:00,55.39,1016.45,22.42,425.0,0.0,0.0,139.16,20.2,15.4,27.3,22.4,9,3,1,3,0.631087944326053,-0.7757112907044197,False,False,False,True,False,False
2025-01-24 10:00:00,51.31,1016.75,21.66,864.0,0.0,0.0,152.9,26.66,16.5,6.2,22.7,10,3,1,3,0.3984010898462414,-0.917211301505453,False,False,False,True,False,False
2025-01-24 11:00:00,48.65,1015.85,21.99,941.0,0.0,0.0,168.41,30.5,17.6,1.6,23.0,11,3,1,3,0.1361666490962471,-0.9906859460363306,False,False,False,True,False,False
2025-01-24 12:00:00,47.72,1015.05,21.74,3600.0,0.0,0.0,184.47,31.22,18.5,2.3,23.0,12,2,1,0,-0.1361666490962464,-0.9906859460363308,False,False,False,True,False,False
2025-01-24 13:00:00,48.84,1013.44,21.56,638.0,0.0,0.0,200.46,28.74,18.9,0.8,23.2,13,2,1,3,-0.39840108984624156,-0.9172113015054529,False,False,False,True,False,False
2025-01-24 14:00:00,48.17,1013.7,21.33,0.0,0.0,0.0,215.05,23.37,19.6,0.8,22.9,14,2,1,3,-0.6310879443260528,-0.7757112907044198,False,False,False,True,False,False
2025-01-24 15:00:00,47.37,1013.33,21.13,0.0,0.0,0.0,227.73,15.75,20.1,0.8,22.7,15,2,1,3,-0.816969893010442,-0.5766803221148672,False,False,False,True,False,False
2025-01-24 16:00:00,46.52,1013.2,20.99,0.0,0.0,0.0,238.98,6.33,20.0,0.0,23.0,16,2,1,3,-0.9422609221188204,-0.3348796121709864,False,False,False,True,False,False
2025-01-24 17:00:00,46.53,1013.2,20.91,0.0,0.0,0.0,247.39,-2.49,17.0,0.0,23.5,17,2,1,3,-0.9976687691905393,-0.06824241336467046,False,False,False,True,False,False
2025-01-24 18:00:00,46.6,1013.2,20.87,0.0,0.0,0.0,256.92,-14.24,15.1,0.0,23.5,18,1,1,3,-0.979084087682323,0.2034560130526333,False,False,False,True,False,False
2025-01-24 19:00:00,46.64,1012.5,20.82,68.0,0.0,0.0,265.89,-25.66,14.8,0.0,23.5,19,1,1,3,-0.8878852184023756,0.4600650377311516,False,False,False,True,False,False
2025-01-24 20:00:00,46.78,1013.2,20.76,0.0,0.0,0.0,275.6,-37.2,14.0,0.0,23.6,20,1,1,3,-0.730835964278124,0.6825531432186542,False,False,False,True,False,False
2025-01-24 21:00:00,46.99,1012.9,20.77,0.0,0.0,0.0,287.4,-48.52,13.2,0.0,23.5,21,1,1,3,-0.5195839500354336,0.8544194045464886,False,False,False,True,False,False
2025-01-25 07:00:00,48.02,1011.9,20.32,0.0,0.0,0.0,116.93,2.51,11.7,55.5,22.1,7,3,1,2,0.9422609221188205,-0.33487961217098616,False,False,False,False,True,False
2025-01-25 08:00:00,48.08,1012.35,20.22,0.0,0.0,0.0,125.96,10.99,12.6,100.0,22.1,8,3,1,2,0.8169698930104421,-0.5766803221148671,False,False,False,False,True,False
2025-01-25 09:00:00,48.19,1012.35,20.2,0.0,0.0,0.0,138.77,20.26,14.4,100.0,22.0,9,3,1,3,0.631087944326053,-0.7757112907044197,False,False,False,False,True,False
2025-01-25 10:00:00,48.33,1012.35,20.18,0.0,0.0,0.0,152.51,26.79,16.1,100.0,21.9,10,3,1,3,0.3984010898462414,-0.917211301505453,False,False,False,False,True,False
2025-01-25 11:00:00,48.58,1011.53,20.11,0.0,0.0,0.0,168.06,30.7,16.6,69.5,21.9,11,3,1,3,0.1361666490962471,-0.9906859460363306,False,False,False,False,True,False
2025-01-25 12:00:00,48.45,1010.93,20.06,0.0,0.0,0.0,184.43,31.47,18.3,88.3,21.8,12,2,1,0,-0.1361666490962464,-0.9906859460363308,False,False,False,False,True,False
2025-01-25 13:00:00,47.4,1010.5,20.02,0.0,0.0,0.0,200.54,28.98,19.1,100.0,21.8,13,2,1,3,-0.39840108984624156,-0.9172113015054529,False,False,False,False,True,False
2025-01-25 14:00:00,46.65,1010.5,19.96,0.0,0.0,0.0,215.18,23.59,18.0,99.2,21.7,14,2,1,3,-0.6310879443260528,-0.7757112907044198,False,False,False,False,True,False
2025-01-25 15:00:00,46.79,1011.15,19.92,0.0,0.0,0.0,227.89,15.95,17.2,100.0,21.7,15,2,1,3,-0.816969893010442,-0.5766803221148672,False,False,False,False,True,False
2025-01-25 16:00:00,47.12,1011.5,19.9,0.0,0.0,0.0,239.34,6.33,17.2,100.0,21.6,16,2,1,3,-0.9422609221188204,-0.3348796121709864,False,False,False,False,True,False
2025-01-25 17:00:00,47.57,1011.7,19.89,0.0,0.0,0.0,247.74,-2.5,16.7,100.0,21.6,17,2,1,3,-0.9976687691905393,-0.06824241336467046,False,False,False,False,True,False
2025-01-25 18:00:00,47.8,1012.53,19.9,0.0,0.0,0.0,257.25,-14.24,15.8,100.0,21.6,18,1,1,3,-0.979084087682323,0.2034560130526333,False,False,False,False,True,False
2025-01-25 19:00:00,47.84,1013.3,19.86,0.0,0.0,0.0,266.23,-25.66,15.1,70.3,21.5,19,1,1,3,-0.8878852184023756,0.4600650377311516,False,False,False,False,True,False
2025-01-25 20:00:00,47.7,1013.4,19.82,0.0,0.0,0.0,275.99,-37.21,14.1,14.8,21.5,20,1,1,3,-0.730835964278124,0.6825531432186542,False,False,False,False,True,False
2025-01-25 21:00:00,47.54,1014.9,19.79,0.0,0.0,0.0,287.87,-48.51,13.8,4.7,21.5,21,1,1,3,-0.5195839500354336,0.8544194045464886,False,False,False,False,True,False
2025-01-26 07:00:00,47.22,1016.5,19.37,0.0,0.0,0.0,116.59,2.52,9.9,22.7,21.0,7,3,1,2,0.9422609221188205,-0.33487961217098616,False,False,False,False,False,True
2025-01-26 08:00:00,47.18,1016.68,19.31,0.0,0.0,0.0,125.6,11.01,10.6,48.4,20.9,8,3,1,2,0.8169698930104421,-0.5766803221148671,False,False,False,False,False,True
2025-01-26 09:00:00,47.25,1016.03,19.25,0.0,0.0,0.0,138.38,20.33,12.5,82.0,20.9,9,3,1,3,0.631087944326053,-0.7757112907044197,False,False,False,False,False,True
2025-01-26 10:00:00,47.05,1016.17,19.21,0.0,0.0,0.0,152.12,26.92,13.6,76.6,20.8,10,3,1,3,0.3984010898462414,-0.917211301505453,False,False,False,False,False,True
2025-01-26 11:00:00,46.81,1015.65,19.16,0.0,0.0,0.0,167.69,30.9,15.1,98.4,20.8,11,3,1,3,0.1361666490962471,-0.9906859460363306,False,False,False,False,False,True
2025-01-26 12:00:00,46.23,1014.9,19.12,0.0,0.0,0.0,184.38,31.72,16.5,100.0,20.7,12,2,1,0,-0.1361666490962464,-0.9906859460363308,False,False,False,False,False,True
2025-01-26 13:00:00,45.95,1013.26,19.1,0.0,0.0,0.0,200.62,29.22,17.8,100.0,20.7,13,2,1,3,-0.39840108984624156,-0.9172113015054529,False,False,False,False,False,True
2025-01-26 14:00:00,45.86,1012.34,19.12,0.0,0.0,0.0,215.31,23.81,18.8,100.0,20.7,14,2,1,3,-0.6310879443260528,-0.7757112907044198,False,False,False,False,False,True
2025-01-26 15:00:00,46.3,1011.7,19.11,0.0,0.0,0.0,228.05,16.15,19.2,100.0,20.6,15,2,1,3,-0.816969893010442,-0.5766803221148672,False,False,False,False,False,True
2025-01-26 16:00:00,46.64,1011.9,19.08,0.0,0.0,0.0,239.4,6.62,19.0,95.3,20.6,16,2,1,3,-0.9422609221188204,-0.3348796121709864,False,False,False,False,False,True
2025-01-26 17:00:00,47.3,1011.9,19.17,0.0,0.0,0.0,247.55,-1.88,17.2,98.4,20.6,17,2,1,3,-0.9976687691905393,-0.06824241336467046,False,False,False,False,False,True
2025-01-26 18:00:00,47.43,1011.52,19.12,0.0,0.0,0.0,256.98,-13.49,15.9,99.2,20.6,18,1,1,3,-0.979084087682323,0.2034560130526333,False,False,False,False,False,True
2025-01-26 19:00:00,47.64,1011.7,19.1,0.0,0.0,0.0,266.58,-25.67,14.8,25.0,20.6,19,1,1,3,-0.8878852184023756,0.4600650377311516,False,False,False,False,False,True
2025-01-26 20:00:00,47.82,1011.5,19.1,0.0,0.0,0.0,276.39,-37.21,14.4,60.2,20.6,20,1,1,3,-0.730835964278124,0.6825531432186542,False,False,False,False,False,True
2025-01-26 21:00:00,48.04,1011.25,19.1,0.0,0.0,0.0,288.35,-48.49,15.0,96.1,20.5,21,1,1,3,-0.5195839500354336,0.8544194045464886,False,False,False,False,False,True
2025-01-27 07:00:00,57.63,1006.6,20.17,858.0,0.0,0.0,116.42,2.7,18.1,43.0,20.4,7,3,1,2,0.9422609221188205,-0.33487961217098616,False,False,False,False,False,False
2025-01-27 08:00:00,56.43,1006.6,21.04,136.0,0.0,0.0,125.45,11.24,18.7,65.6,20.8,8,3,1,2,0.8169698930104421,-0.5766803221148671,False,False,False,False,False,False
2025-01-27 09:00:00,54.1,1006.51,21.61,277.0,0.0,0.0,137.98,20.39,19.7,43.0,21.4,9,3,1,3,0.631087944326053,-0.7757112907044197,False,False,False,False,False,False
2025-01-27 10:00:00,53.7,1006.3,21.72,172.0,0.0,0.0,151.72,27.05,21.3,25.8,21.7,10,3,1,3,0.3984010898462414,-0.917211301505453,False,False,False,False,False,False
2025-01-27 11:00:00,50.31,1005.08,22.83,356.0,0.0,0.0,167.31,31.11,22.8,95.3,21.7,11,3,1,3,0.1361666490962471,-0.9906859460363306,False,False,False,False,False,False
2025-01-27 12:00:00,47.85,1003.55,23.13,140.0,0.0,0.0,184.04,31.99,23.2,68.0,22.1,12,2,1,0,-0.1361666490962464,-0.9906859460363308,False,False,False,False,False,False
2025-01-27 13:00:00,49.76,1002.89,22.22,758.0,0.0,0.0,200.71,29.47,23.6,22.7,22.4,13,2,1,3,-0.39840108984624156,-0.9172113015054529,False,False,False,False,False,False
2025-01-27 14:00:00,48.57,1003.78,21.61,361.0,0.0,0.0,215.45,24.04,24.0,67.2,22.4,14,2,1,3,-0.6310879443260528,-0.7757112907044198,False,False,False,False,False,False
2025-01-27 15:00:00,51.22,1003.32,21.9,3600.0,0.0,0.0,228.21,16.35,23.8,46.9,22.2,15,2,1,3,-0.816969893010442,-0.5766803221148672,False,False,False,False,False,False
2025-01-27 16:00:00,52.65,1002.8,22.27,2286.0,0.0,0.0,239.59,6.79,22.8,35.9,22.8,16,2,1,3,-0.9422609221188204,-0.3348796121709864,False,False,False,False,False,False
2025-01-27 17:00:00,53.58,1003.5,22.11,3600.0,0.0,0.0,247.72,-1.67,21.4,10.2,23.0,17,2,1,3,-0.9976687691905393,-0.06824241336467046,False,False,False,False,False,False
2025-01-27 18:00:00,54.62,1003.7,22.56,3600.0,0.0,0.0,257.32,-13.49,20.4,13.3,23.1,18,1,1,3,-0.979084087682323,0.2034560130526333,False,False,False,False,False,False
2025-01-27 19:00:00,53.58,1003.99,22.61,3159.0,0.0,0.0,266.95,-25.67,19.9,28.1,23.4,19,1,1,3,-0.8878852184023756,0.4600650377311516,False,False,False,False,False,False
2025-01-27 20:00:00,49.64,1004.41,21.79,0.0,0.0,0.0,276.8,-37.22,19.1,5.5,23.5,20,1,1,3,-0.730835964278124,0.6825531432186542,False,False,False,False,False,False
2025-01-27 21:00:00,46.55,1005.03,21.24,0.0,0.0,0.0,288.86,-48.49,18.0,5.5,23.4,21,1,1,3,-0.5195839500354336,0.8544194045464886,False,False,False,False,False,False
2025-01-28 07:00:00,42.01,1011.24,20.44,1484.0,0.0,0.0,116.26,2.92,12.4,33.6,19.3,7,3,1,2,0.9422609221188205,-0.33487961217098616,True,False,False,False,False,False
2025-01-28 08:00:00,43.73,1012.78,21.77,106.0,0.0,0.0,125.41,11.53,12.4,75.0,20.0,8,3,1,2,0.8169698930104421,-0.5766803221148671,True,False,False,False,False,False
2025-01-28 09:00:00,40.86,1012.68,21.87,320.0,0.0,0.0,138.44,20.98,13.1,82.0,20.3,9,3,1,3,0.631087944326053,-0.7757112907044197,True,False,False,False,False,False
2025-01-28 10:00:00,37.02,1012.52,20.9,1539.0,0.0,0.0,152.32,27.55,13.7,68.0,20.9,10,3,1,3,0.3984010898462414,-0.917211301505453,True,False,False,False,False,False
2025-01-28 11:00:00,38.75,1012.83,21.62,22.0,0.0,0.0,168.05,31.49,14.9,96.9,21.6,11,3,1,3,0.1361666490962471,-0.9906859460363306,True,False,False,False,False,False
2025-01-28 12:00:00,37.29,1012.34,21.73,333.0,0.0,0.0,184.53,32.24,15.1,45.3,21.4,12,2,1,0,-0.1361666490962464,-0.9906859460363308,True,False,False,False,False,False
2025-01-28 13:00:00,30.69,1012.05,20.55,436.0,0.0,0.0,200.8,29.72,16.0,3.1,21.3,13,2,1,3,-0.39840108984624156,-0.9172113015054529,True,False,False,False,False,False
2025-01-28 14:00:00,30.24,1012.65,20.0,2041.0,0.0,0.0,215.59,24.27,16.5,3.9,20.9,14,2,1,3,-0.6310879443260528,-0.7757112907044198,True,False,False,False,False,False
2025-01-28 15:00:00,31.96,1013.1,20.3,3089.0,0.0,0.0,228.38,16.56,16.5,85.2,20.7,15,2,1,3,-0.816969893010442,-0.5766803221148672,True,False,False,False,False,False
2025-01-28 16:00:00,34.34,1013.28,20.93,187.0,0.0,0.0,239.79,6.97,16.2,9.4,21.2,16,2,1,3,-0.9422609221188204,-0.3348796121709864,True,False,False,False,False,False
2025-01-28 17:00:00,33.96,1015.0,21.15,3325.0,0.0,0.0,247.89,-1.47,15.5,13.3,20.9,17,2,1,3,-0.9976687691905393,-0.06824241336467046,True,False,False,False,False,False
2025-01-28 18:00:00,34.0,1016.6,21.49,3600.0,0.0,0.0,257.67,-13.5,14.6,0.8,21.0,18,1,1,3,-0.979084087682323,0.2034560130526333,True,False,False,False,False,False
2025-01-28 19:00:00,35.14,1017.3,21.99,3175.0,0.0,0.0,267.31,-25.68,14.0,3.1,21.3,19,1,1,3,-0.8878852184023756,0.4600650377311516,True,False,False,False,False,False
2025-01-28 20:00:00,35.65,1017.6,21.35,0.0,0.0,0.0,277.22,-37.21,13.5,0.8,21.5,20,1,1,3,-0.730835964278124,0.6825531432186542,True,False,False,False,False,False
2025-01-28 21:00:00,35.49,1018.76,20.63,0.0,0.0,0.0,289.34,-48.45,12.9,21.9,21.7,21,1,1,3,-0.5195839500354336,0.8544194045464886,True,False,False,False,False,False
2025-01-29 07:00:00,44.73,1017.45,20.39,792.0,0.0,0.0,116.07,3.1,9.9,71.1,20.6,7,3,1,2,0.9422609221188205,-0.33487961217098616,False,True,False,False,False,False
2025-01-29 08:00:00,51.0,1017.45,21.22,137.0,0.0,0.0,125.25,11.76,10.1,65.6,21.0,8,3,1,2,0.8169698930104421,-0.5766803221148671,False,True,False,False,False,False
2025-01-29 09:00:00,50.11,1017.75,21.34,349.0,0.0,0.0,138.0,21.04,11.1,99.2,21.1,9,3,1,3,0.631087944326053,-0.7757112907044197,False,True,False,False,False,False
2025-01-29 10:00:00,44.69,1016.81,20.83,1504.0,0.0,0.0,151.87,27.68,11.4,100.0,21.1,10,3,1,3,0.3984010898462414,-0.917211301505453,False,True,False,False,False,False
2025-01-29 11:00:00,44.0,1015.8,21.05,2539.0,46.5,186.0,167.63,31.69,12.5,100.0,20.9,11,3,1,3,0.1361666490962471,-0.9906859460363306,False,True,False,False,False,False
2025-01-29 12:00:00,37.85,1014.05,20.36,3598.0,3600.0,14400.0,184.47,32.5,13.0,100.0,20.7,12,2,1,0,-0.1361666490962464,-0.9906859460363308,False,True,False,False,False,False
2025-01-29 13:00:00,37.6,1012.7,20.29,0.0,3600.0,14400.0,200.89,29.97,14.7,96.9,20.9,13,2,1,3,-0.39840108984624156,-0.9172113015054529,False,True,False,False,False,False
2025-01-29 14:00:00,37.46,1011.78,20.18,2127.0,3600.0,14400.0,215.73,24.5,16.4,100.0,21.1,14,2,1,3,-0.6310879443260528,-0.7757112907044198,False,True,False,False,False,False
2025-01-29 15:00:00,39.62,1010.08,20.67,3600.0,3600.0,14400.0,228.56,16.77,17.3,100.0,21.3,15,2,1,3,-0.816969893010442,-0.5766803221148672,False,True,False,False,False,False
2025-01-29 16:00:00,43.24,1009.3,21.1,920.0,3600.0,14400.0,240.16,6.98,16.6,95.3,21.9,16,2,1,3,-0.9422609221188204,-0.3348796121709864,False,True,False,False,False,False
2025-01-29 17:00:00,43.96,1008.47,21.34,78.0,3600.0,14400.0,248.27,-1.49,15.4,100.0,22.3,17,2,1,3,-0.9976687691905393,-0.06824241336467046,False,True,False,False,False,False
2025-01-29 18:00:00,45.34,1007.8,21.55,32.0,3600.0,14400.0,258.03,-13.5,14.2,100.0,22.5,18,1,1,3,-0.979084087682323,0.2034560130526333,False,True,False,False,False,False
2025-01-29 19:00:00,46.6,1007.8,21.66,275.0,3600.0,14400.0,267.69,-25.68,13.3,99.2,22.3,19,1,1,3,-0.8878852184023756,0.4600650377311516,False,True,False,False,False,False
2025-01-29 20:00:00,45.1,1006.65,21.2,0.0,3600.0,14400.0,277.64,-37.22,13.6,99.2,21.9,20,1,1,3,-0.730835964278124,0.6825531432186542,False,True,False,False,False,False
2025-01-29 21:00:00,43.42,1006.3,20.68,0.0,3600.0,14400.0,289.86,-48.43,13.9,100.0,21.8,21,1,1,3,-0.5195839500354336,0.8544194045464886,False,True,False,False,False,False
2025-01-30 07:00:00,40.73,1009.47,19.97,669.0,3600.0,14400.0,115.7,3.11,9.4,0.8,20.3,7,3,1,2,0.9422609221188205,-0.33487961217098616,False,False,True,False,False,False
2025-01-30 08:00:00,42.3,1010.0,20.62,57.0,3600.0,14400.0,124.85,11.78,9.9,4.7,20.7,8,3,1,2,0.8169698930104421,-0.5766803221148671,False,False,True,False,False,False
2025-01-30 09:00:00,42.49,1011.5,21.55,794.0,3600.0,14400.0,137.58,21.11,11.7,70.3,21.1,9,3,1,3,0.631087944326053,-0.7757112907044197,False,False,True,False,False,False
2025-01-30 10:00:00,38.79,1011.37,21.4,81.0,3600.0,14400.0,151.45,27.82,14.0,67.2,21.3,10,3,1,3,0.3984010898462414,-0.917211301505453,False,False,True,False,False,False
2025-01-30 11:00:00,34.33,1011.32,20.89,103.0,3600.0,14400.0,167.24,31.91,15.9,32.8,21.5,11,3,1,3,0.1361666490962471,-0.9906859460363306,False,False,True,False,False,False
2025-01-30 12:00:00,34.4,1011.21,21.2,167.0,3600.0,14400.0,184.12,32.79,16.9,26.6,21.1,12,2,1,0,-0.1361666490962464,-0.9906859460363308,False,False,True,False,False,False
2025-01-30 13:00:00,32.31,1011.56,20.71,1233.0,3600.0,14400.0,200.99,30.24,17.7,75.0,20.6,13,2,1,3,-0.39840108984624156,-0.9172113015054529,False,False,True,False,False,False
2025-01-30 14:00:00,32.71,1011.35,20.51,2061.0,3600.0,14400.0,215.87,24.75,16.4,100.0,21.3,14,2,1,3,-0.6310879443260528,-0.7757112907044198,False,False,True,False,False,False
2025-01-30 15:00:00,38.18,1011.9,21.11,3600.0,3600.0,14400.0,228.73,16.99,13.6,90.6,21.0,15,2,1,3,-0.816969893010442,-0.5766803221148672,False,False,True,False,False,False
2025-01-30 16:00:00,38.33,1012.2,21.49,3376.0,3600.0,14400.0,240.25,7.28,14.6,100.0,22.2,16,2,1,3,-0.9422609221188204,-0.3348796121709864,False,False,True,False,False,False
2025-01-30 17:00:00,37.19,1012.87,21.22,2995.0,3600.0,14400.0,248.46,-1.3,14.6,78.1,22.9,17,2,1,3,-0.9976687691905393,-0.06824241336467046,False,False,True,False,False,False
2025-01-30 18:00:00,33.55,1013.62,20.83,2211.0,3600.0,14400.0,258.39,-13.5,14.3,60.2,22.5,18,1,1,3,-0.979084087682323,0.2034560130526333,False,False,True,False,False,False
2025-01-30 19:00:00,34.92,1014.81,20.97,190.0,2369.25,9477.0,268.07,-25.68,13.7,100.0,22.2,19,1,1,3,-0.8878852184023756,0.4600650377311516,False,False,True,False,False,False
2025-01-30 20:00:00,34.73,1015.93,20.42,0.0,1800.0,7200.0,278.08,-37.22,,,22.0,20,1,1,3,-0.730835964278124,0.6825531432186542,False,False,True,False,False,False
2025-01-30 21:00:00,34.89,1016.92,20.01,0.0,1800.0,7200.0,290.37,-48.4,12.3,69.5,22.0,21,1,1,3,-0.5195839500354336,0.8544194045464886,False,False,True,False,False,False
2025-01-31 07:00:00,37.89,1021.32,19.74,1109.0,1800.0,7200.0,115.46,3.26,9.7,6.2,20.2,7,3,1,2,0.9422609221188205,-0.33487961217098616,False,False,False,True,False,False
2025-01-31 08:00:00,41.7,1022.37,21.21,47.0,1800.0,7200.0,124.57,11.91,9.6,14.1,20.5,8,3,1,2,0.8169698930104421,-0.5766803221148671,False,False,False,True,False,False
2025-01-31 09:00:00,37.62,1022.85,21.18,260.0,1800.0,7200.0,137.15,21.18,11.3,29.7,21.1,9,3,1,3,0.631087944326053,-0.7757112907044197,False,False,False,True,False,False
2025-01-31 10:00:00,36.21,1023.4,20.86,342.0,1800.0,7200.0,151.02,27.96,13.2,34.4,21.4,10,3,1,3,0.3984010898462414,-0.917211301505453,False,False,False,True,False,False
2025-01-31 11:00:00,40.8,1022.7,21.62,57.0,1800.0,7200.0,166.83,32.13,15.3,9.4,21.4,11,3,1,3,0.1361666490962471,-0.9906859460363306,False,False,False,True,False,False
2025-01-31 12:00:00,40.51,1021.85,21.8,565.0,1800.0,7200.0,184.05,33.07,16.3,8.6,21.4,12,2,1,0,-0.1361666490962464,-0.9906859460363308,False,False,False,True,False,False
2025-01-31 13:00:00,38.13,1021.34,20.99,751.0,1800.0,7200.0,201.08,30.5,16.7,0.8,21.8,13,2,1,3,-0.39840108984624156,-0.9172113015054529,False,False,False,True,False,False
2025-01-31 14:00:00,36.37,1020.85,20.34,0.0,1800.0,7200.0,216.02,24.99,16.8,0.0,22.1,14,2,1,3,-0.6310879443260528,-0.7757112907044198,False,False,False,True,False,False
2025-01-31 15:00:00,37.13,1020.38,20.01,0.0,1800.0,7200.0,228.91,17.21,16.7,1.6,21.7,15,2,1,3,-0.816969893010442,-0.5766803221148672,False,False,False,True,False,False
2025-01-31 16:00:00,39.0,1020.5,19.9,0.0,1800.0,7200.0,240.45,7.47,15.8,0.0,22.2,16,2,1,3,-0.9422609221188204,-0.3348796121709864,False,False,False,True,False,False
2025-01-31 17:00:00,41.22,1021.15,19.73,0.0,1800.0,7200.0,248.49,-0.91,14.0,0.8,22.5,17,2,1,3,-0.9976687691905393,-0.06824241336467046,False,False,False,True,False,False
2025-01-31 18:00:00,42.8,1022.2,19.54,0.0,1800.0,7200.0,258.76,-13.51,12.7,0.0,22.8,18,1,1,3,-0.979084087682323,0.2034560130526333,False,False,False,True,False,False
2025-01-31 19:00:00,44.01,1021.85,19.52,80.0,1800.0,7200.0,268.46,-25.69,12.2,0.0,22.5,19,1,1,3,-0.8878852184023756,0.4600650377311516,False,False,False,True,False,False
2025-01-31 20:00:00,43.59,1022.35,19.51,0.0,1800.0,7200.0,278.52,-37.22,11.5,0.0,22.8,20,1,1,3,-0.730835964278124,0.6825531432186542,False,False,False,True,False,False
2025-01-31 21:00:00,43.42,1022.4,19.41,0.0,1800.0,7200.0,290.91,-48.38,10.5,0.0,22.8,21,1,1,3,-0.5195839500354336,0.8544194045464886,False,False,False,True,False,False
2025-02-01 07:00:00,37.53,1018.3,18.58,0.0,1800.0,7200.0,115.25,3.44,5.3,0.8,20.8,7,3,2,2,0.9422609221188205,-0.33487961217098616,False,False,False,False,True,False
2025-02-01 08:00:00,37.1,1018.3,18.49,0.0,1800.0,7200.0,124.78,12.45,5.8,1.6,20.7,8,3,2,2,0.8169698930104421,-0.5766803221148671,False,False,False,False,True,False
2025-02-01 09:00:00,36.76,1018.6,18.46,0.0,1800.0,7200.0,137.57,21.77,8.3,81.2,20.6,9,3,2,3,0.631087944326053,-0.7757112907044197,False,False,False,False,True,False
2025-02-01 10:00:00,36.42,1017.27,18.39,0.0,1800.0,7200.0,151.57,28.48,10.8,93.7,20.5,10,3,2,3,0.3984010898462414,-0.917211301505453,False,False,False,False,True,False
2025-02-01 11:00:00,36.18,1016.27,18.37,0.0,1800.0,7200.0,167.53,32.53,12.0,91.4,20.4,11,3,2,3,0.1361666490962471,-0.9906859460363306,False,False,False,False,True,False
2025-02-01 12:00:00,35.94,1015.08,18.38,0.0,1800.0,7200.0,184.55,33.34,12.0,61.7,20.3,12,2,2,0,-0.1361666490962464,-0.9906859460363308,False,False,False,False,True,False
2025-02-01 13:00:00,35.88,1013.7,18.36,0.0,1800.0,7200.0,201.18,30.77,14.0,77.3,20.3,13,2,2,3,-0.39840108984624156,-0.9172113015054529,False,False,False,False,True,False
2025-02-01 14:00:00,36.04,1013.2,18.35,0.0,1800.0,7200.0,216.17,25.24,12.7,34.4,20.2,14,2,2,3,-0.6310879443260528,-0.7757112907044198,False,False,False,False,True,False
2025-02-01 15:00:00,36.11,1014.22,18.3,0.0,1800.0,7200.0,229.09,17.43,12.4,94.5,20.2,15,2,2,3,-0.816969893010442,-0.5766803221148672,False,False,False,False,True,False
2025-02-01 16:00:00,37.52,1015.1,18.25,0.0,1800.0,7200.0,240.84,7.49,10.1,84.4,20.2,16,2,2,3,-0.9422609221188204,-0.3348796121709864,False,False,False,False,True,False
2025-02-01 17:00:00,38.58,1015.57,18.19,0.0,1800.0,7200.0,248.89,-0.92,9.4,64.8,20.1,17,2,2,3,-0.9976687691905393,-0.06824241336467046,False,False,False,False,True,False
2025-02-01 18:00:00,39.88,1015.72,18.18,0.0,1800.0,7200.0,259.13,-13.51,8.7,37.5,20.1,18,1,2,3,-0.979084087682323,0.2034560130526333,False,False,False,False,True,False
2025-02-01 19:00:00,41.0,1016.6,18.11,0.0,1800.0,7200.0,268.86,-25.69,8.6,99.2,20.0,19,1,2,3,-0.8878852184023756,0.4600650377311516,False,False,False,False,True,False
2025-02-01 20:00:00,42.22,1016.4,18.08,0.0,1800.0,7200.0,278.97,-37.22,9.0,85.2,20.0,20,1,2,3,-0.730835964278124,0.6825531432186542,False,False,False,False,True,False
2025-02-01 21:00:00,42.57,1016.4,18.08,0.0,1800.0,7200.0,291.45,-48.35,8.6,96.1,19.9,21,1,2,3,-0.5195839500354336,0.8544194045464886,False,False,False,False,True,False
2025-02-02 07:00:00,41.44,1015.6,17.12,0.0,1800.0,7200.0,115.05,3.67,5.1,0.0,19.2,7,3,2,2,0.9422609221188205,-0.33487961217098616,False,False,False,False,False,True
2025-02-02 08:00:00,40.93,1015.6,16.93,0.0,1800.0,7200.0,124.36,12.47,5.6,0.0,19.2,8,3,2,2,0.8169698930104421,-0.5766803221148671,False,False,False,False,False,True
2025-02-02 09:00:00,40.66,1015.2,16.9,0.0,1800.0,7200.0,137.12,21.85,7.6,0.0,19.1,9,3,2,3,0.631087944326053,-0.7757112907044197,False,False,False,False,False,True
2025-02-02 10:00:00,40.8,1015.2,16.93,0.0,1800.0,7200.0,151.13,28.62,10.2,0.8,19.0,10,3,2,3,0.3984010898462414,-0.917211301505453,False,False,False,False,False,True
2025-02-02 11:00:00,41.02,1015.4,16.98,0.0,1800.0,7200.0,167.12,32.76,12.1,0.8,18.9,11,3,2,3,0.1361666490962471,-0.9906859460363306,False,False,False,False,False,True
2025-02-02 12:00:00,41.15,1014.6,17.0,0.0,1800.0,7200.0,184.2,33.64,13.2,0.0,18.9,12,2,2,0,-0.1361666490962464,-0.9906859460363308,False,False,False,False,False,True
2025-02-02 13:00:00,41.14,1014.2,16.99,0.0,1800.0,7200.0,201.28,31.05,13.7,0.8,18.9,13,2,2,3,-0.39840108984624156,-0.9172113015054529,False,False,False,False,False,True
2025-02-02 14:00:00,41.06,1014.6,17.0,0.0,1800.0,7200.0,216.32,25.49,13.8,0.8,18.8,14,2,2,3,-0.6310879443260528,-0.7757112907044198,False,False,False,False,False,True
2025-02-02 15:00:00,41.03,1014.4,16.96,0.0,1800.0,7200.0,229.28,17.66,13.5,3.1,18.8,15,2,2,3,-0.816969893010442,-0.5766803221148672,False,False,False,False,False,True
2025-02-02 16:00:00,41.15,1014.4,16.99,0.0,1800.0,7200.0,240.95,7.79,12.8,0.0,18.8,16,2,2,3,-0.9422609221188204,-0.3348796121709864,False,False,False,False,False,True
2025-02-02 17:00:00,41.18,1015.05,17.01,0.0,1800.0,7200.0,249.11,-0.73,11.6,0.0,18.8,17,2,2,3,-0.9976687691905393,-0.06824241336467046,False,False,False,False,False,True
2025-02-02 18:00:00,41.36,1015.93,16.95,0.0,1800.0,7200.0,259.52,-13.52,10.2,0.0,18.7,18,1,2,3,-0.979084087682323,0.2034560130526333,False,False,False,False,False,True
2025-02-02 19:00:00,41.67,1016.6,16.92,0.0,1800.0,7200.0,269.27,-25.7,9.8,0.0,18.7,19,1,2,3,-0.8878852184023756,0.4600650377311516,False,False,False,False,False,True
2025-02-02 20:00:00,42.02,1016.9,16.94,0.0,1800.0,7200.0,279.43,-37.21,8.9,0.8,18.7,20,1,2,3,-0.730835964278124,0.6825531432186542,False,False,False,False,False,True
2025-02-02 21:00:00,42.44,1017.3,16.8,0.0,1800.0,7200.0,292.0,-48.32,7.6,0.8,18.6,21,1,2,3,-0.5195839500354336,0.8544194045464886,False,False,False,False,False,True
2025-02-03 07:00:00,39.06,1019.3,17.01,0.0,1800.0,7200.0,114.83,3.85,4.4,20.3,18.0,7,3,2,2,0.9422609221188205,-0.33487961217098616,False,False,False,False,False,False
2025-02-03 08:00:00,38.16,1019.6,17.27,0.0,1800.0,7200.0,124.2,12.74,5.1,35.2,18.1,8,3,2,2,0.8169698930104421,-0.5766803221148671,False,False,False,False,False,False
2025-02-03 09:00:00,38.77,1019.65,17.74,3086.0,1800.0,7200.0,136.67,21.92,7.9,9.4,19.2,9,3,2,3,0.631087944326053,-0.7757112907044197,False,False,False,False,False,False
2025-02-03 10:00:00,41.49,1020.3,18.41,3600.0,1800.0,7200.0,150.67,28.77,11.2,7.0,20.0,10,3,2,3,0.3984010898462414,-0.917211301505453,False,False,False,False,False,False
2025-02-03 11:00:00,42.02,1019.45,19.39,2941.0,1800.0,7200.0,166.69,32.99,13.7,3.1,20.2,11,3,2,3,0.1361666490962471,-0.9906859460363306,False,False,False,False,False,False
2025-02-03 12:00:00,41.66,1019.15,19.78,87.0,1800.0,7200.0,184.12,33.93,14.8,5.5,20.5,12,2,2,0,-0.1361666490962464,-0.9906859460363308,False,False,False,False,False,False
2025-02-03 13:00:00,37.22,1018.6,19.2,833.0,1800.0,7200.0,201.38,31.33,15.4,12.5,20.7,13,2,2,3,-0.39840108984624156,-0.9172113015054529,False,False,False,False,False,False
2025-02-03 14:00:00,34.78,1018.6,18.69,288.0,1800.0,7200.0,216.48,25.75,15.4,5.5,20.6,14,2,2,3,-0.6310879443260528,-0.7757112907044198,False,False,False,False,False,False
2025-02-03 15:00:00,38.26,1019.0,19.38,3600.0,1800.0,7200.0,229.47,17.89,15.1,1.6,20.6,15,2,2,3,-0.816969893010442,-0.5766803221148672,False,False,False,False,False,False
2025-02-03 16:00:00,37.68,1018.8,19.55,3600.0,1800.0,7200.0,241.15,8.0,14.5,1.6,20.9,16,2,2,3,-0.9422609221188204,-0.3348796121709864,False,False,False,False,False,False
2025-02-03 17:00:00,38.14,1019.3,19.46,3600.0,1800.0,7200.0,249.04,-0.19,13.0,27.3,21.5,17,2,2,3,-0.9976687691905393,-0.06824241336467046,False,False,False,False,False,False
2025-02-03 18:00:00,39.75,1019.63,19.52,3600.0,1800.0,7200.0,259.3,-12.77,11.4,81.2,21.7,18,1,2,3,-0.979084087682323,0.2034560130526333,False,False,False,False,False,False
2025-02-03 19:00:00,40.51,1020.5,19.42,2652.0,1800.0,7200.0,269.68,-25.7,10.8,7.0,22.1,19,1,2,3,-0.8878852184023756,0.4600650377311516,False,False,False,False,False,False
2025-02-03 20:00:00,41.0,1022.7,18.83,0.0,1800.0,7200.0,279.9,-37.21,9.8,0.0,22.2,20,1,2,3,-0.730835964278124,0.6825531432186542,False,False,False,False,False,False
2025-02-03 21:00:00,40.95,1021.5,18.5,0.0,1800.0,7200.0,292.55,-48.29,8.7,0.0,22.1,21,1,2,3,-0.5195839500354336,0.8544194045464886,False,False,False,False,False,False
2025-02-04 07:00:00,42.36,1023.2,18.18,1040.0,1800.0,7200.0,114.43,3.86,4.8,0.0,19.2,7,3,2,2,0.9422609221188205,-0.33487961217098616,True,False,False,False,False,False
2025-02-04 08:00:00,47.2,1023.7,19.44,52.0,1800.0,7200.0,124.13,13.06,5.6,0.0,19.4,8,3,2,2,0.8169698930104421,-0.5766803221148671,True,False,False,False,False,False
2025-02-04 09:00:00,40.13,1023.7,19.62,305.0,1800.0,7200.0,137.08,22.52,8.4,0.0,20.3,9,3,2,3,0.631087944326053,-0.7757112907044197,True,False,False,False,False,False
2025-02-04 10:00:00,39.74,1023.9,19.42,141.0,1800.0,7200.0,151.22,29.3,11.6,0.0,21.1,10,3,2,3,0.3984010898462414,-0.917211301505453,True,False,False,False,False,False
2025-02-04 11:00:00,40.61,1023.55,19.93,569.0,1800.0,7200.0,167.39,33.4,14.5,0.0,21.9,11,3,2,3,0.1361666490962471,-0.9906859460363306,True,False,False,False,False,False
2025-02-04 12:00:00,39.94,1022.6,19.96,248.0,1800.0,7200.0,184.63,34.22,16.6,0.0,21.5,12,2,2,0,-0.1361666490962464,-0.9906859460363308,True,False,False,False,False,False
2025-02-04 13:00:00,35.89,1021.67,19.43,207.0,1800.0,7200.0,201.49,31.61,17.5,0.8,21.3,13,2,2,3,-0.39840108984624156,-0.9172113015054529,True,False,False,False,False,False
2025-02-04 14:00:00,33.99,1021.7,18.87,1655.0,1800.0,7200.0,216.64,26.01,17.9,0.0,20.9,14,2,2,3,-0.6310879443260528,-0.7757112907044198,True,False,False,False,False,False
2025-02-04 15:00:00,41.75,1021.3,19.95,5.0,1800.0,7200.0,229.67,18.13,18.0,0.0,21.1,15,2,2,3,-0.816969893010442,-0.5766803221148672,True,False,False,False,False,False
2025-02-04 16:00:00,45.19,1022.03,20.62,17.0,1800.0,7200.0,241.55,8.04,17.6,0.0,21.4,16,2,2,3,-0.9422609221188204,-0.3348796121709864,True,False,False,False,False,False
2025-02-04 17:00:00,42.71,1022.7,20.61,1974.0,1800.0,7200.0,249.46,-0.21,15.6,0.0,22.0,17,2,2,3,-0.9976687691905393,-0.06824241336467046,True,False,False,False,False,False
2025-02-04 18:00:00,38.07,1023.52,19.69,0.0,1800.0,7200.0,259.69,-12.77,13.8,0.0,21.9,18,1,2,3,-0.979084087682323,0.2034560130526333,True,False,False,False,False,False
2025-02-04 19:00:00,38.9,1024.4,19.25,0.0,1800.0,7200.0,270.1,-25.7,12.0,0.0,22.4,19,1,2,3,-0.8878852184023756,0.4600650377311516,True,False,False,False,False,False
2025-02-04 20:00:00,40.48,1025.3,18.94,0.0,1800.0,7200.0,280.38,-37.2,11.2,0.0,22.3,20,1,2,3,-0.730835964278124,0.6825531432186542,True,False,False,False,False,False
2025-02-04 21:00:00,41.85,1025.55,18.72,0.0,1800.0,7200.0,293.12,-48.26,10.4,0.0,21.8,21,1,2,3,-0.5195839500354336,0.8544194045464886,True,False,False,False,False,False
2025-02-05 07:00:00,42.21,1028.8,18.86,209.0,1800.0,7200.0,114.2,4.05,3.7,0.0,19.4,7,3,2,2,0.9422609221188205,-0.33487961217098616,False,True,False,False,False,False
2025-02-05 08:00:00,41.52,1028.4,19.84,811.0,1800.0,7200.0,123.97,13.33,4.6,0.0,19.7,8,3,2,2,0.8169698930104421,-0.5766803221148671,False,True,False,False,False,False
2025-02-05 09:00:00,43.3,1028.4,20.64,213.0,1800.0,7200.0,136.61,22.6,8.1,0.0,20.5,9,3,2,3,0.631087944326053,-0.7757112907044197,False,True,False,False,False,False
2025-02-05 10:00:00,38.62,1028.6,20.15,553.0,1800.0,7200.0,150.75,29.46,11.8,0.0,21.1,10,3,2,3,0.3984010898462414,-0.917211301505453,False,True,False,False,False,False
2025-02-05 11:00:00,40.53,1028.1,20.5,619.0,1800.0,7200.0,166.95,33.64,,,21.5,11,3,2,3,0.1361666490962471,-0.9906859460363306,False,True,False,False,False,False
2025-02-05 12:00:00,38.85,1027.78,20.46,321.0,1800.0,7200.0,184.27,34.53,15.9,0.0,21.2,12,2,2,0,-0.1361666490962464,-0.9906859460363308,False,True,False,False,False,False
2025-02-05 13:00:00,36.8,1026.6,19.77,519.0,1800.0,7200.0,201.6,31.91,16.7,0.0,21.6,13,2,2,3,-0.39840108984624156,-0.9172113015054529,False,True,False,False,False,False
2025-02-05 14:00:00,35.98,1026.1,19.14,1059.0,1800.0,7200.0,216.81,26.28,16.6,0.0,21.7,14,2,2,3,-0.6310879443260528,-0.7757112907044198,False,True,False,False,False,False
2025-02-05 15:00:00,42.81,1026.1,19.9,999.0,1800.0,7200.0,229.87,18.37,15.9,0.0,21.3,15,2,2,3,-0.816969893010442,-0.5766803221148672,False,True,False,False,False,False
2025-02-05 16:00:00,43.9,1026.4,20.42,3269.0,1800.0,7200.0,241.67,8.34,15.0,0.0,21.6,16,2,2,3,-0.9422609221188204,-0.3348796121709864,False,True,False,False,False,False
2025-02-05 17:00:00,43.48,1026.8,20.44,1320.0,1800.0,7200.0,249.71,-0.03,13.3,0.8,21.8,17,2,2,3,-0.9976687691905393,-0.06824241336467046,False,True,False,False,False,False
2025-02-05 18:00:00,43.66,1026.6,20.52,11.0,1800.0,7200.0,260.1,-12.77,11.4,0.8,21.5,18,1,2,3,-0.979084087682323,0.2034560130526333,False,True,False,False,False,False
2025-02-05 19:00:00,44.59,1027.4,20.16,5.0,1800.0,7200.0,270.53,-25.71,10.6,0.0,21.7,19,1,2,3,-0.8878852184023756,0.4600650377311516,False,True,False,False,False,False
2025-02-05 20:00:00,44.91,1027.8,19.44,0.0,1800.0,7200.0,280.86,-37.19,10.0,0.0,22.4,20,1,2,3,-0.730835964278124,0.6825531432186542,False,True,False,False,False,False
2025-02-05 21:00:00,44.82,1027.8,19.26,0.0,1800.0,7200.0,293.7,-48.22,9.2,0.0,22.2,21,1,2,3,-0.5195839500354336,0.8544194045464886,False,True,False,False,False,False
2025-02-06 07:00:00,39.72,1026.67,18.7,2606.0,1800.0,7200.0,113.97,4.26,4.2,0.0,19.5,7,3,2,2,0.9422609221188205,-0.33487961217098616,False,False,True,False,False,False
2025-02-06 08:00:00,41.66,1026.67,19.92,717.0,1800.0,7200.0,123.52,13.36,5.2,1.6,19.7,8,3,2,2,0.8169698930104421,-0.5766803221148671,False,False,True,False,False,False
2025-02-06 09:00:00,41.63,1026.4,20.75,474.0,1800.0,7200.0,136.14,22.69,8.4,1.6,20.4,9,3,2,3,0.631087944326053,-0.7757112907044197,False,False,True,False,False,False
2025-02-06 10:00:00,38.06,1026.1,20.06,265.0,1800.0,7200.0,150.28,29.61,11.8,1.6,20.9,10,3,2,3,0.3984010898462414,-0.917211301505453,False,False,True,False,False,False
2025-02-06 11:00:00,41.62,1025.55,20.7,137.0,1800.0,7200.0,166.51,33.88,13.8,1.6,21.1,11,3,2,3,0.1361666490962471,-0.9906859460363306,False,False,True,False,False,False
2025-02-06 12:00:00,42.58,1024.73,21.08,20.0,1800.0,7200.0,184.2,34.84,14.7,4.7,21.1,12,2,2,0,-0.1361666490962464,-0.9906859460363308,False,False,True,False,False,False
2025-02-06 13:00:00,41.28,1023.27,20.82,1117.0,1800.0,7200.0,201.7,32.2,15.4,5.5,21.6,13,2,2,3,-0.39840108984624156,-0.9172113015054529,False,False,True,False,False,False
2025-02-06 14:00:00,40.72,1022.7,19.94,2540.0,1800.0,7200.0,216.97,26.55,15.5,7.0,22.2,14,2,2,3,-0.6310879443260528,-0.7757112907044198,False,False,True,False,False,False
2025-02-06 15:00:00,40.52,1022.2,20.39,1924.0,1800.0,7200.0,230.07,18.61,14.9,6.2,21.4,15,2,2,3,-0.816969893010442,-0.5766803221148672,False,False,True,False,False,False
2025-02-06 16:00:00,41.91,1022.2,21.01,42.0,1800.0,7200.0,241.88,8.56,14.0,0.8,21.3,16,2,2,3,-0.9422609221188204,-0.3348796121709864,False,False,True,False,False,False
2025-02-06 17:00:00,41.47,1021.7,20.96,448.0,1800.0,7200.0,249.96,0.14,12.8,0.0,21.4,17,2,2,3,-0.9976687691905393,-0.06824241336467046,False,False,True,False,False,False
2025-02-06 18:00:00,42.6,1021.85,20.12,1165.0,1800.0,7200.0,260.5,-12.77,11.3,0.0,22.2,18,1,2,3,-0.979084087682323,0.2034560130526333,False,False,True,False,False,False
2025-02-06 19:00:00,43.1,1021.85,19.77,0.0,1800.0,7200.0,270.96,-25.71,10.9,0.0,22.0,19,1,2,3,-0.8878852184023756,0.4600650377311516,False,False,True,False,False,False
2025-02-06 20:00:00,43.56,1021.43,19.42,0.0,1800.0,7200.0,281.35,-37.19,9.9,0.0,22.4,20,1,2,3,-0.730835964278124,0.6825531432186542,False,False,True,False,False,False
2025-02-06 21:00:00,43.49,1021.5,19.24,0.0,1800.0,7200.0,294.28,-48.18,8.7,0.0,22.2,21,1,2,3,-0.5195839500354336,0.8544194045464886,False,False,True,False,False,False
2025-02-07 07:00:00,49.95,1016.4,19.67,1014.0,1800.0,7200.0,113.72,4.44,3.3,18.0,20.3,7,3,2,2,0.9422609221188205,-0.33487961217098616,False,False,False,True,False,False
2025-02-07 08:00:00,55.0,1017.3,20.97,214.0,1800.0,7200.0,123.36,13.65,4.4,22.7,20.5,8,3,2,2,0.8169698930104421,-0.5766803221148671,False,False,False,True,False,False
2025-02-07 09:00:00,53.82,1016.75,21.39,209.0,1800.0,7200.0,135.67,22.77,7.3,1.6,21.3,9,3,2,3,0.631087944326053,-0.7757112907044197,False,False,False,True,False,False
2025-02-07 10:00:00,44.66,1016.1,20.85,1183.0,1800.0,7200.0,149.8,29.77,10.4,25.0,21.9,10,3,2,3,0.3984010898462414,-0.917211301505453,False,False,False,True,False,False
2025-02-07 11:00:00,40.77,1015.23,20.71,140.0,1800.0,7200.0,166.06,34.13,13.2,29.7,22.0,11,3,2,3,0.1361666490962471,-0.9906859460363306,False,False,False,True,False,False
2025-02-07 12:00:00,37.91,1014.05,20.67,228.0,1800.0,7200.0,184.13,35.15,15.3,27.3,21.9,12,2,2,0,-0.1361666490962464,-0.9906859460363308,False,False,False,True,False,False
2025-02-07 13:00:00,32.41,1012.87,19.72,342.0,1800.0,7200.0,201.82,32.49,16.4,27.3,21.7,13,2,2,3,-0.39840108984624156,-0.9172113015054529,False,False,False,True,False,False
2025-02-07 14:00:00,34.35,1012.2,19.2,0.0,1800.0,7200.0,217.14,26.82,17.3,95.3,21.5,14,2,2,3,-0.6310879443260528,-0.7757112907044198,False,False,False,True,False,False
2025-02-07 15:00:00,43.34,1011.5,19.0,0.0,1800.0,7200.0,230.27,18.85,17.4,99.2,21.1,15,2,2,3,-0.816969893010442,-0.5766803221148672,False,False,False,True,False,False
2025-02-07 16:00:00,41.8,1011.5,18.77,0.0,1800.0,7200.0,242.09,8.8,15.5,93.7,21.7,16,2,2,3,-0.9422609221188204,-0.3348796121709864,False,False,False,True,False,False
2025-02-07 17:00:00,40.23,1012.28,18.66,0.0,1800.0,7200.0,250.22,0.32,14.1,100.0,22.2,17,2,2,3,-0.9976687691905393,-0.06824241336467046,False,False,False,True,False,False
2025-02-07 18:00:00,41.86,1012.52,18.4,0.0,1800.0,7200.0,260.32,-12.04,13.3,100.0,22.6,18,1,2,3,-0.979084087682323,0.2034560130526333,False,False,False,True,False,False
2025-02-07 19:00:00,43.28,1012.7,18.33,91.0,1800.0,7200.0,268.21,-21.85,12.3,99.2,22.6,19,1,2,3,-0.8878852184023756,0.4600650377311516,False,False,False,True,False,False
2025-02-07 20:00:00,42.6,1012.87,18.52,0.0,1800.0,7200.0,278.16,-33.38,12.6,98.4,23.0,20,1,2,3,-0.730835964278124,0.6825531432186542,False,False,False,True,False,False
2025-02-07 21:00:00,42.12,1012.87,18.5,0.0,1800.0,7200.0,290.11,-44.58,12.5,92.2,22.5,21,1,2,3,-0.5195839500354336,0.8544194045464886,False,False,False,True,False,False
2025-02-08 07:00:00,45.03,1013.77,18.18,0.0,1800.0,7200.0,113.3,4.45,10.5,7.8,20.9,7,3,2,2,0.9422609221188205,-0.33487961217098616,False,False,False,False,True,False
2025-02-08 08:00:00,44.98,1015.4,18.08,0.0,1800.0,7200.0,123.28,13.98,11.6,1.6,20.8,8,3,2,2,0.8169698930104421,-0.5766803221148671,False,False,False,False,True,False
2025-02-08 09:00:00,44.94,1015.4,18.04,0.0,1800.0,7200.0,136.06,23.38,13.5,0.8,20.8,9,3,2,3,0.631087944326053,-0.7757112907044197,False,False,False,False,True,False
2025-02-08 10:00:00,42.38,1015.98,17.92,0.0,1800.0,7200.0,150.33,30.32,15.1,0.8,20.6,10,3,2,3,0.3984010898462414,-0.917211301505453,False,False,False,False,True,False
2025-02-08 11:00:00,37.39,1016.28,17.81,0.0,1800.0,7200.0,166.75,34.56,16.3,0.0,20.7,11,3,2,3,0.1361666490962471,-0.9906859460363306,False,False,False,False,True,False
2025-02-08 12:00:00,34.73,1015.87,17.78,0.0,1800.0,7200.0,184.35,35.47,17.2,1.6,20.4,12,2,2,0,-0.1361666490962464,-0.9906859460363308,False,False,False,False,True,False
2025-02-08 13:00:00,32.72,1015.33,17.8,0.0,1800.0,7200.0,201.93,32.8,17.8,2.3,20.3,13,2,2,3,-0.39840108984624156,-0.9172113015054529,False,False,False,False,True,False
2025-02-08 14:00:00,31.99,1015.58,17.86,0.0,1800.0,7200.0,217.32,27.1,17.9,0.0,20.2,14,2,2,3,-0.6310879443260528,-0.7757112907044198,False,False,False,False,True,False
2025-02-08 15:00:00,33.08,1016.1,17.95,0.0,1800.0,7200.0,230.48,19.11,17.1,0.0,20.2,15,2,2,3,-0.816969893010442,-0.5766803221148672,False,False,False,False,True,False
2025-02-08 16:00:00,34.91,1016.75,18.03,0.0,1800.0,7200.0,242.42,8.92,15.5,0.0,20.1,16,2,2,3,-0.9422609221188204,-0.3348796121709864,False,False,False,False,True,False
2025-02-08 17:00:00,35.99,1017.4,18.03,0.0,1800.0,7200.0,250.66,0.3,13.8,10.9,20.2,17,2,2,3,-0.9976687691905393,-0.06824241336467046,False,False,False,False,True,False
2025-02-08 18:00:00,37.37,1018.97,18.01,0.0,1800.0,7200.0,260.73,-12.04,12.7,29.7,20.2,18,1,2,3,-0.979084087682323,0.2034560130526333,False,False,False,False,True,False
2025-02-08 19:00:00,38.73,1019.63,18.02,0.0,1800.0,7200.0,268.64,-21.85,12.5,78.1,20.3,19,1,2,3,-0.8878852184023756,0.4600650377311516,False,False,False,False,True,False
2025-02-08 20:00:00,39.78,1020.5,18.05,0.0,1800.0,7200.0,278.65,-33.38,12.0,73.4,20.2,20,1,2,3,-0.730835964278124,0.6825531432186542,False,False,False,False,True,False
2025-02-08 21:00:00,40.7,1022.7,18.02,0.0,1800.0,7200.0,290.67,-44.55,11.1,60.9,20.3,21,1,2,3,-0.5195839500354336,0.8544194045464886,False,False,False,False,True,False
2025-02-09 07:00:00,42.55,1021.5,17.55,0.0,1800.0,7200.0,113.05,4.64,5.8,0.0,19.7,7,3,2,2,0.9422609221188205,-0.33487961217098616,False,False,False,False,False,True
2025-02-09 08:00:00,41.64,1022.13,17.39,0.0,1800.0,7200.0,123.44,14.56,6.4,0.0,19.6,8,3,2,2,0.8169698930104421,-0.5766803221148671,False,False,False,False,False,True
2025-02-09 09:00:00,41.01,1022.0,17.34,0.0,1800.0,7200.0,135.57,23.47,9.1,0.0,19.7,9,3,2,3,0.631087944326053,-0.7757112907044197,False,False,False,False,False,True
2025-02-09 10:00:00,40.32,1022.0,17.26,0.0,1800.0,7200.0,149.84,30.48,12.3,0.0,19.6,10,3,2,3,0.3984010898462414,-0.917211301505453,False,False,False,False,False,True
2025-02-09 11:00:00,40.53,1021.9,17.36,0.0,1800.0,7200.0,166.29,34.82,14.4,0.0,19.6,11,3,2,3,0.1361666490962471,-0.9906859460363306,False,False,False,False,False,True
2025-02-09 12:00:00,40.71,1021.7,17.37,0.0,1800.0,7200.0,184.27,35.78,15.5,10.9,19.5,12,2,2,0,-0.1361666490962464,-0.9906859460363308,False,False,False,False,False,True
2025-02-09 13:00:00,40.93,1020.15,17.38,0.0,1800.0,7200.0,202.05,33.1,16.3,15.6,19.5,13,2,2,3,-0.39840108984624156,-0.9172113015054529,False,False,False,False,False,True
2025-02-09 14:00:00,41.17,1019.6,17.4,0.0,1800.0,7200.0,217.49,27.37,16.1,49.2,19.5,14,2,2,3,-0.6310879443260528,-0.7757112907044198,False,False,False,False,False,True
2025-02-09 15:00:00,41.6,1019.8,17.44,0.0,1800.0,7200.0,230.69,19.35,15.4,63.3,19.5,15,2,2,3,-0.816969893010442,-0.5766803221148672,False,False,False,False,False,True
2025-02-09 16:00:00,41.93,1020.15,17.48,0.0,1800.0,7200.0,242.63,9.17,14.7,45.3,19.4,16,2,2,3,-0.9422609221188204,-0.3348796121709864,False,False,False,False,False,True
2025-02-09 17:00:00,42.26,1020.7,17.43,0.0,1800.0,7200.0,250.9,0.5,13.5,100.0,19.5,17,2,2,3,-0.9976687691905393,-0.06824241336467046,False,False,False,False,False,True
2025-02-09 18:00:00,42.69,1020.7,17.42,0.0,1800.0,7200.0,261.16,-12.04,12.4,84.4,19.4,18,1,2,3,-0.979084087682323,0.2034560130526333,False,False,False,False,False,True
2025-02-09 19:00:00,43.24,1021.85,17.46,0.0,1800.0,7200.0,269.08,-21.85,12.0,85.2,19.5,19,1,2,3,-0.8878852184023756,0.4600650377311516,False,False,False,False,False,True
2025-02-09 20:00:00,43.52,1021.3,17.47,0.0,1800.0,7200.0,279.13,-33.37,11.5,82.0,19.4,20,1,2,3,-0.730835964278124,0.6825531432186542,False,False,False,False,False,True
2025-02-09 21:00:00,43.89,1021.85,17.44,0.0,1800.0,7200.0,291.24,-44.51,10.7,18.7,19.4,21,1,2,3,-0.5195839500354336,0.8544194045464886,False,False,False,False,False,True
2025-02-10 07:00:00,47.44,1019.6,18.65,1118.0,1800.0,7200.0,112.78,4.83,7.3,99.2,19.0,7,3,2,2,0.9422609221188205,-0.33487961217098616,False,False,False,False,False,False
2025-02-10 08:00:00,52.95,1019.6,20.16,91.0,1800.0,7200.0,122.96,14.59,8.7,100.0,19.2,8,3,2,2,0.8169698930104421,-0.5766803221148671,False,False,False,False,False,False
2025-02-10 09:00:00,56.69,1019.65,21.12,239.0,1800.0,7200.0,135.07,23.56,10.8,100.0,20.1,9,3,2,3,0.631087944326053,-0.7757112907044197,False,False,False,False,False,False
2025-02-10 10:00:00,50.11,1019.65,20.32,3146.0,1800.0,7200.0,149.34,30.65,12.9,100.0,20.8,10,3,2,3,0.3984010898462414,-0.917211301505453,False,False,False,False,False,False
2025-02-10 11:00:00,48.3,1019.45,20.32,1447.0,1800.0,7200.0,165.82,35.07,14.5,100.0,21.1,11,3,2,3,0.1361666490962471,-0.9906859460363306,False,False,False,False,False,False
2025-02-10 12:00:00,48.57,1018.45,20.44,2797.0,1800.0,7200.0,184.2,36.1,15.2,100.0,20.9,12,2,2,0,-0.1361666490962464,-0.9906859460363308,False,False,False,False,False,False
2025-02-10 13:00:00,48.9,1017.45,19.94,722.0,1800.0,7200.0,202.16,33.41,16.0,100.0,21.4,13,2,2,3,-0.39840108984624156,-0.9172113015054529,False,False,False,False,False,False
2025-02-10 14:00:00,50.21,1017.0,19.29,1620.0,1800.0,7200.0,217.67,27.66,15.9,100.0,21.8,14,2,2,3,-0.6310879443260528,-0.7757112907044198,False,False,False,False,False,False
2025-02-10 15:00:00,53.94,1017.0,19.53,354.0,1800.0,7200.0,230.9,19.61,15.3,85.2,21.5,15,2,2,3,-0.816969893010442,-0.5766803221148672,False,False,False,False,False,False
2025-02-10 16:00:00,56.6,1017.1,20.23,3528.0,1800.0,7200.0,242.83,9.43,14.7,59.4,21.8,16,2,2,3,-0.9422609221188204,-0.3348796121709864,False,False,False,False,False,False
2025-02-10 17:00:00,54.94,1017.1,19.81,3600.0,1800.0,7200.0,250.93,0.97,14.1,100.0,22.2,17,2,2,3,-0.9976687691905393,-0.06824241336467046,False,False,False,False,False,False
2025-02-10 18:00:00,55.81,1017.1,20.35,85.0,1800.0,7200.0,260.98,-11.29,13.2,100.0,22.2,18,1,2,3,-0.979084087682323,0.2034560130526333,False,False,False,False,False,False
2025-02-10 19:00:00,57.56,1017.3,20.76,258.0,1800.0,7200.0,269.52,-21.86,13.0,88.3,22.3,19,1,2,3,-0.8878852184023756,0.4600650377311516,False,False,False,False,False,False
2025-02-10 20:00:00,57.31,1017.6,20.19,0.0,1800.0,7200.0,279.63,-33.37,12.7,90.6,22.4,20,1,2,3,-0.730835964278124,0.6825531432186542,False,False,False,False,False,False
2025-02-10 21:00:00,56.29,1017.3,19.47,0.0,1800.0,7200.0,291.82,-44.48,12.2,96.1,22.3,21,1,2,3,-0.5195839500354336,0.8544194045464886,False,False,False,False,False,False
2025-02-11 07:00:00,53.81,1016.3,19.48,3073.0,1800.0,7200.0,112.51,5.01,,,20.2,7,3,2,2,0.9422609221188205,-0.33487961217098616,True,False,False,False,False,False
2025-02-11 08:00:00,52.79,1016.3,20.74,2892.0,1800.0,7200.0,123.23,15.26,8.7,25.0,20.5,8,3,2,2,0.8169698930104421,-0.5766803221148671,True,False,False,False,False,False
2025-02-11 09:00:00,51.74,1016.3,20.19,182.0,1800.0,7200.0,135.45,24.18,11.7,7.8,21.2,9,3,2,3,0.631087944326053,-0.7757112907044197,True,False,False,False,False,False
2025-02-11 10:00:00,53.78,1015.9,20.21,374.0,1800.0,7200.0,149.87,31.2,13.8,18.7,22.0,10,3,2,3,0.3984010898462414,-0.917211301505453,True,False,False,False,False,False
2025-02-11 11:00:00,52.77,1015.65,20.76,336.0,1800.0,7200.0,166.52,35.51,15.2,3.9,22.2,11,3,2,3,0.1361666490962471,-0.9906859460363306,True,False,False,False,False,False
2025-02-11 12:00:00,50.2,1014.4,20.92,165.0,1800.0,7200.0,184.42,36.44,16.2,3.1,22.2,12,2,2,0,-0.1361666490962464,-0.9906859460363308,True,False,False,False,False,False
2025-02-11 13:00:00,49.97,1013.63,20.61,948.0,1800.0,7200.0,202.28,33.72,16.9,0.0,22.3,13,2,2,3,-0.39840108984624156,-0.9172113015054529,True,False,False,False,False,False
2025-02-11 14:00:00,51.02,1013.05,19.85,1080.0,1800.0,7200.0,217.86,27.94,16.9,10.2,22.1,14,2,2,3,-0.6310879443260528,-0.7757112907044198,True,False,False,False,False,False
2025-02-11 15:00:00,53.19,1012.5,20.51,3600.0,1800.0,7200.0,231.12,19.87,15.9,3.1,22.6,15,2,2,3,-0.816969893010442,-0.5766803221148672,True,False,False,False,False,False
2025-02-11 16:00:00,52.56,1012.5,20.99,3083.0,1800.0,7200.0,243.18,9.54,15.0,0.8,22.7,16,2,2,3,-0.9422609221188204,-0.3348796121709864,True,False,False,False,False,False
2025-02-11 17:00:00,52.44,1012.7,20.72,762.0,1800.0,7200.0,251.39,0.95,13.8,23.4,23.1,17,2,2,3,-0.9976687691905393,-0.06824241336467046,True,False,False,False,False,False
2025-02-11 18:00:00,54.52,1013.35,20.88,0.0,1800.0,7200.0,261.41,-11.29,12.8,91.4,22.9,18,1,2,3,-0.979084087682323,0.2034560130526333,True,False,False,False,False,False
2025-02-11 19:00:00,53.97,1013.35,20.66,771.0,1155.25,4621.0,269.97,-21.86,12.2,79.7,23.3,19,1,2,3,-0.8878852184023756,0.4600650377311516,True,False,False,False,False,False
2025-02-11 20:00:00,53.63,1013.9,20.18,0.0,0.0,0.0,280.13,-33.36,11.6,80.5,23.6,20,1,2,3,-0.730835964278124,0.6825531432186542,True,False,False,False,False,False
2025-02-11 21:00:00,53.72,1013.5,19.84,0.0,0.0,0.0,292.4,-44.44,11.1,100.0,23.4,21,1,2,3,-0.5195839500354336,0.8544194045464886,True,False,False,False,False,False
2025-02-12 07:00:00,53.54,1010.35,19.99,3118.0,0.0,0.0,112.23,5.2,10.1,86.7,21.2,7,3,2,2,0.9422609221188205,-0.33487961217098616,False,True,False,False,False,False
2025-02-12 08:00:00,57.02,1010.2,20.9,856.0,0.0,0.0,122.74,15.28,10.1,47.7,21.5,8,3,2,2,0.8169698930104421,-0.5766803221148671,False,True,False,False,False,False
2025-02-12 09:00:00,61.83,1010.65,21.36,236.0,0.0,0.0,134.95,24.27,11.5,79.7,22.3,9,3,2,3,0.631087944326053,-0.7757112907044197,False,True,False,False,False,False
2025-02-12 10:00:00,57.54,1010.5,20.48,347.0,0.0,0.0,149.36,31.38,13.4,49.2,22.2,10,3,2,3,0.3984010898462414,-0.917211301505453,False,True,False,False,False,False
2025-02-12 11:00:00,56.64,1009.65,20.81,3295.0,0.0,0.0,166.04,35.78,15.6,86.7,22.3,11,3,2,3,0.1361666490962471,-0.9906859460363306,False,True,False,False,False,False
2025-02-12 12:00:00,56.09,1009.65,21.1,3512.0,0.0,0.0,184.34,36.76,16.9,100.0,22.3,12,2,2,0,-0.1361666490962464,-0.9906859460363308,False,True,False,False,False,False
2025-02-12 13:00:00,55.66,1008.8,20.78,0.0,0.0,0.0,202.4,34.04,17.8,22.7,22.6,13,2,2,3,-0.39840108984624156,-0.9172113015054529,False,True,False,False,False,False
2025-02-12 14:00:00,55.91,1008.8,20.26,795.0,0.0,0.0,218.04,28.23,17.7,68.7,22.7,14,2,2,3,-0.6310879443260528,-0.7757112907044198,False,True,False,False,False,False
2025-02-12 15:00:00,57.7,1009.23,20.46,3600.0,0.0,0.0,231.34,20.13,13.8,93.0,22.4,15,2,2,3,-0.816969893010442,-0.5766803221148672,False,True,False,False,False,False
2025-02-12 16:00:00,57.5,1010.0,20.81,3070.0,0.0,0.0,243.38,9.81,14.5,43.7,23.0,16,2,2,3,-0.9422609221188204,-0.3348796121709864,False,True,False,False,False,False
2025-02-12 17:00:00,58.31,1011.25,20.87,3390.0,0.0,0.0,251.68,1.12,14.1,61.7,23.1,17,2,2,3,-0.9976687691905393,-0.06824241336467046,False,True,False,False,False,False
2025-02-12 18:00:00,59.36,1012.02,21.13,910.0,0.0,0.0,261.84,-11.29,13.6,20.3,23.2,18,1,2,3,-0.979084087682323,0.2034560130526333,False,True,False,False,False,False
2025-02-12 19:00:00,61.04,1012.7,21.35,2704.0,0.0,0.0,270.43,-21.86,12.5,13.3,23.1,19,1,2,3,-0.8878852184023756,0.4600650377311516,False,True,False,False,False,False
2025-02-12 20:00:00,60.18,1013.35,20.78,0.0,0.0,0.0,280.63,-33.35,11.3,24.2,23.4,20,1,2,3,-0.730835964278124,0.6825531432186542,False,True,False,False,False,False
2025-02-12 21:00:00,58.11,1013.2,20.35,0.0,0.0,0.0,292.99,-44.4,10.9,43.7,23.2,21,1,2,3,-0.5195839500354336,0.8544194045464886,False,True,False,False,False,False
2025-02-13 07:00:00,46.41,1015.93,19.75,1675.0,2437.0,9748.0,111.97,5.4,7.9,3.1,21.0,7,3,2,2,0.9422609221188205,-0.33487961217098616,False,False,True,False,False,False
2025-02-13 08:00:00,45.52,1016.45,20.33,63.0,3600.0,14400.0,123.01,15.96,8.7,7.0,21.3,8,3,2,2,0.8169698930104421,-0.5766803221148671,False,False,True,False,False,False
2025-02-13 09:00:00,46.71,1016.6,20.88,982.0,3600.0,14400.0,135.32,24.91,11.3,18.7,22.0,9,3,2,3,0.631087944326053,-0.7757112907044197,False,False,True,False,False,False
2025-02-13 10:00:00,45.12,1016.3,20.59,522.0,3600.0,14400.0,149.89,31.94,13.9,37.5,22.5,10,3,2,3,0.3984010898462414,-0.917211301505453,False,False,True,False,False,False
2025-02-13 11:00:00,41.35,1016.35,21.08,122.0,3600.0,14400.0,166.74,36.23,15.9,1.6,22.5,11,3,2,3,0.1361666490962471,-0.9906859460363306,False,False,True,False,False,False
2025-02-13 12:00:00,39.98,1015.57,21.44,51.0,3600.0,14400.0,184.87,37.09,17.2,7.8,22.5,12,2,2,0,-0.1361666490962464,-0.9906859460363308,False,False,True,False,False,False
2025-02-13 13:00:00,39.8,1014.9,21.52,91.0,3600.0,14400.0,202.53,34.36,18.1,67.2,22.5,13,2,2,3,-0.39840108984624156,-0.9172113015054529,False,False,True,False,False,False
2025-02-13 14:00:00,39.7,1014.2,20.92,1260.0,3600.0,14400.0,218.23,28.53,18.3,75.8,23.2,14,2,2,3,-0.6310879443260528,-0.7757112907044198,False,False,True,False,False,False
2025-02-13 15:00:00,40.78,1013.9,21.05,2784.0,3600.0,14400.0,231.57,20.39,18.3,99.2,23.0,15,2,2,3,-0.816969893010442,-0.5766803221148672,False,False,True,False,False,False
2025-02-13 16:00:00,43.02,1014.2,21.16,102.0,3600.0,14400.0,243.56,10.1,17.3,100.0,23.0,16,2,2,3,-0.9422609221188204,-0.3348796121709864,False,False,True,False,False,False
2025-02-13 17:00:00,44.19,1014.4,21.06,2769.0,3600.0,14400.0,251.97,1.29,15.5,98.4,22.8,17,2,2,3,-0.9976687691905393,-0.06824241336467046,False,False,True,False,False,False
2025-02-13 18:00:00,45.28,1014.9,21.16,3600.0,3600.0,14400.0,262.29,-11.3,14.1,97.7,23.0,18,1,2,3,-0.979084087682323,0.2034560130526333,False,False,True,False,False,False
2025-02-13 19:00:00,44.63,1015.2,21.17,2212.0,3600.0,14400.0,270.89,-21.86,13.1,95.3,23.0,19,1,2,3,-0.8878852184023756,0.4600650377311516,False,False,True,False,False,False
2025-02-13 20:00:00,45.04,1015.05,20.66,0.0,3600.0,14400.0,281.15,-33.34,12.1,91.4,23.2,20,1,2,3,-0.730835964278124,0.6825531432186542,False,False,True,False,False,False
2025-02-13 21:00:00,45.69,1015.05,20.36,0.0,3600.0,14400.0,293.59,-44.36,11.4,53.1,23.2,21,1,2,3,-0.5195839500354336,0.8544194045464886,False,False,True,False,False,False
2025-02-14 07:00:00,46.96,1013.9,20.28,706.0,3600.0,14400.0,111.68,5.58,8.9,0.0,21.4,7,3,2,2,0.9422609221188205,-0.33487961217098616,False,False,False,True,False,False
2025-02-14 08:00:00,54.14,1012.5,21.42,208.0,3600.0,14400.0,122.51,15.99,10.1,0.0,21.6,8,3,2,2,0.8169698930104421,-0.5766803221148671,False,False,False,True,False,False
2025-02-14 09:00:00,55.2,1013.7,21.84,231.0,3600.0,14400.0,134.81,25.0,12.8,0.0,22.2,9,3,2,3,0.631087944326053,-0.7757112907044197,False,False,False,True,False,False
2025-02-14 10:00:00,50.48,1013.7,21.68,599.0,3600.0,14400.0,149.36,32.12,16.1,0.0,22.4,10,3,2,3,0.3984010898462414,-0.917211301505453,False,False,False,True,False,False
2025-02-14 11:00:00,50.45,1012.78,22.47,45.0,3600.0,14400.0,166.25,36.5,18.5,1.6,22.1,11,3,2,3,0.1361666490962471,-0.9906859460363306,False,False,False,True,False,False
2025-02-14 12:00:00,49.81,1011.7,22.49,445.0,3600.0,14400.0,184.49,37.44,19.9,8.6,22.4,12,2,2,0,-0.1361666490962464,-0.9906859460363308,False,False,False,True,False,False
2025-02-14 13:00:00,47.94,1010.5,21.82,506.0,3600.0,14400.0,202.65,34.68,21.5,0.0,22.7,13,2,2,3,-0.39840108984624156,-0.9172113015054529,False,False,False,True,False,False
2025-02-14 14:00:00,47.64,1009.65,21.18,288.0,3600.0,14400.0,218.42,28.82,22.2,2.3,23.0,14,2,2,3,-0.6310879443260528,-0.7757112907044198,False,False,False,True,False,False
2025-02-14 15:00:00,48.8,1009.8,20.9,0.0,3600.0,14400.0,231.79,20.65,21.8,7.8,22.7,15,2,2,3,-0.816969893010442,-0.5766803221148672,False,False,False,True,False,False
2025-02-14 16:00:00,49.28,1009.8,20.8,0.0,3600.0,14400.0,243.95,10.2,19.8,5.5,23.0,16,2,2,3,-0.9422609221188204,-0.3348796121709864,False,False,False,True,False,False
2025-02-14 17:00:00,49.28,1009.1,20.7,0.0,3600.0,14400.0,252.22,1.54,17.6,1.6,23.0,17,2,2,3,-0.9976687691905393,-0.06824241336467046,False,False,False,True,False,False
2025-02-14 18:00:00,49.8,1010.35,20.55,0.0,3600.0,14400.0,261.58,-9.87,16.0,3.1,23.6,18,1,2,3,-0.979084087682323,0.2034560130526333,False,False,False,True,False,False
2025-02-14 19:00:00,50.55,1010.8,20.44,88.0,3600.0,14400.0,270.27,-20.55,15.6,20.3,23.6,19,1,2,3,-0.8878852184023756,0.4600650377311516,False,False,False,True,False,False
2025-02-14 20:00:00,50.62,1011.0,20.36,0.0,3600.0,14400.0,281.67,-33.33,14.5,41.4,23.9,20,1,2,3,-0.730835964278124,0.6825531432186542,False,False,False,True,False,False
2025-02-14 21:00:00,50.64,1011.2,20.31,0.0,3600.0,14400.0,294.19,-44.32,13.5,58.6,23.8,21,1,2,3,-0.5195839500354336,0.8544194045464886,False,False,False,True,False,False
2025-02-15 07:00:00,49.94,1012.2,19.71,0.0,3600.0,14400.0,111.39,5.77,8.5,0.0,21.8,7,3,2,2,0.9422609221188205,-0.33487961217098616,False,False,False,False,True,False
2025-02-15 08:00:00,49.98,1012.5,19.64,0.0,3600.0,14400.0,122.01,16.01,9.9,0.0,21.7,8,3,2,2,0.8169698930104421,-0.5766803221148671,False,False,False,False,True,False
2025-02-15 09:00:00,51.04,1012.7,19.54,0.0,3600.0,14400.0,134.28,25.1,13.1,4.7,21.7,9,3,2,3,0.631087944326053,-0.7757112907044197,False,False,False,False,True,False
2025-02-15 10:00:00,51.14,1012.7,19.51,0.0,3600.0,14400.0,148.84,32.29,15.2,29.7,21.5,10,3,2,3,0.3984010898462414,-0.917211301505453,False,False,False,False,True,False
2025-02-15 11:00:00,51.21,1012.05,19.5,0.0,3600.0,14400.0,165.76,36.77,16.7,57.8,21.5,11,3,2,3,0.1361666490962471,-0.9906859460363306,False,False,False,False,True,False
2025-02-15 12:00:00,51.3,1011.5,19.48,0.0,3600.0,14400.0,184.42,37.78,17.6,68.0,21.5,12,2,2,0,-0.1361666490962464,-0.9906859460363308,False,False,False,False,True,False
2025-02-15 13:00:00,51.36,1010.17,19.5,0.0,3600.0,14400.0,202.79,35.01,17.6,6.2,21.5,13,2,2,3,-0.39840108984624156,-0.9172113015054529,False,False,False,False,True,False
2025-02-15 14:00:00,51.64,1010.17,19.51,0.0,3600.0,14400.0,218.62,29.12,17.5,21.9,21.4,14,2,2,3,-0.6310879443260528,-0.7757112907044198,False,False,False,False,True,False
2025-02-15 15:00:00,51.82,1010.17,19.53,0.0,3600.0,14400.0,232.02,20.92,16.9,65.6,21.4,15,2,2,3,-0.816969893010442,-0.5766803221148672,False,False,False,False,True,False
2025-02-15 16:00:00,52.48,1009.65,19.46,0.0,3600.0,14400.0,244.13,10.51,16.0,86.7,21.4,16,2,2,3,-0.9422609221188204,-0.3348796121709864,False,False,False,False,True,False
2025-02-15 17:00:00,52.89,1010.5,19.48,0.0,3600.0,14400.0,252.53,1.71,15.2,100.0,21.4,17,2,2,3,-0.9976687691905393,-0.06824241336467046,False,False,False,False,True,False
2025-02-15 18:00:00,53.07,1010.5,19.42,0.0,3600.0,14400.0,262.03,-9.88,14.6,91.4,21.3,18,1,2,3,-0.979084087682323,0.2034560130526333,False,False,False,False,True,False
2025-02-15 19:00:00,53.62,1010.8,19.45,0.0,3600.0,14400.0,270.74,-20.55,13.9,100.0,21.3,19,1,2,3,-0.8878852184023756,0.4600650377311516,False,False,False,False,True,False
2025-02-15 20:00:00,54.35,1010.8,19.42,0.0,3600.0,14400.0,282.19,-33.32,13.5,100.0,21.3,20,1,2,3,-0.730835964278124,0.6825531432186542,False,False,False,False,True,False
2025-02-15 21:00:00,54.67,1010.8,19.41,0.0,3600.0,14400.0,294.8,-44.26,12.8,100.0,21.3,21,1,2,3,-0.5195839500354336,0.8544194045464886,False,False,False,False,True,False
2025-02-16 07:00:00,52.28,1009.8,18.95,0.0,3600.0,14400.0,111.12,5.98,8.2,100.0,20.7,7,3,2,2,0.9422609221188205,-0.33487961217098616,False,False,False,False,False,True
2025-02-16 08:00:00,52.07,1009.8,18.85,0.0,3600.0,14400.0,122.27,16.7,9.4,10.2,20.6,8,3,2,2,0.8169698930104421,-0.5766803221148671,False,False,False,False,False,True
2025-02-16 09:00:00,52.02,1010.2,18.85,0.0,3600.0,14400.0,134.66,25.74,11.9,32.8,20.6,9,3,2,3,0.631087944326053,-0.7757112907044197,False,False,False,False,False,True
2025-02-16 10:00:00,52.06,1010.2,18.79,0.0,3600.0,14400.0,149.37,32.87,14.7,18.7,20.5,10,3,2,3,0.3984010898462414,-0.917211301505453,False,False,False,False,False,True
2025-02-16 11:00:00,52.0,1009.68,18.81,0.0,3600.0,14400.0,166.46,37.23,16.9,10.9,20.5,11,3,2,3,0.1361666490962471,-0.9906859460363306,False,False,False,False,False,True
2025-02-16 12:00:00,52.11,1008.8,18.8,0.0,3600.0,14400.0,184.96,38.11,18.5,6.2,20.5,12,2,2,0,-0.1361666490962464,-0.9906859460363308,False,False,False,False,False,True
2025-02-16 13:00:00,52.28,1008.13,18.81,0.0,3600.0,14400.0,202.92,35.34,19.3,2.3,20.5,13,2,2,3,-0.39840108984624156,-0.9172113015054529,False,False,False,False,False,True
2025-02-16 14:00:00,52.88,1007.6,18.92,0.0,3600.0,14400.0,218.82,29.42,19.3,0.8,20.5,14,2,2,3,-0.6310879443260528,-0.7757112907044198,False,False,False,False,False,True
2025-02-16 15:00:00,53.35,1007.7,18.94,0.0,3600.0,14400.0,232.26,21.19,18.5,1.6,20.5,15,2,2,3,-0.816969893010442,-0.5766803221148672,False,False,False,False,False,True
2025-02-16 16:00:00,53.79,1008.3,18.95,0.0,3600.0,14400.0,244.29,10.84,17.0,2.3,20.5,16,2,2,3,-0.9422609221188204,-0.3348796121709864,False,False,False,False,False,True
2025-02-16 17:00:00,54.0,1009.13,18.94,0.0,3600.0,14400.0,252.84,1.88,15.2,0.0,20.6,17,2,2,3,-0.9976687691905393,-0.06824241336467046,False,False,False,False,False,True
2025-02-16 18:00:00,54.41,1009.45,18.93,0.0,3600.0,14400.0,262.49,-9.88,13.9,10.9,20.5,18,1,2,3,-0.979084087682323,0.2034560130526333,False,False,False,False,False,True
2025-02-16 19:00:00,54.95,1010.2,18.91,0.0,3600.0,14400.0,271.21,-20.55,12.9,10.2,20.6,19,1,2,3,-0.8878852184023756,0.4600650377311516,False,False,False,False,False,True
2025-02-16 20:00:00,55.32,1010.65,18.94,0.0,3600.0,14400.0,282.72,-33.3,12.0,5.5,20.5,20,1,2,3,-0.730835964278124,0.6825531432186542,False,False,False,False,False,True
2025-02-16 21:00:00,55.72,1012.5,18.94,0.0,3600.0,14400.0,295.41,-44.21,11.5,3.1,20.5,21,1,2,3,-0.5195839500354336,0.8544194045464886,False,False,False,False,False,True
2025-02-17 07:00:00,59.41,1011.65,19.75,3236.0,3600.0,14400.0,110.82,6.17,9.6,57.8,20.2,7,3,2,2,0.9422609221188205,-0.33487961217098616,False,False,False,False,False,False
2025-02-17 08:00:00,58.27,1011.35,20.67,897.0,3600.0,14400.0,121.76,16.73,10.7,40.6,20.5,8,3,2,2,0.8169698930104421,-0.5766803221148671,False,False,False,False,False,False
2025-02-17 09:00:00,57.62,1011.2,21.32,173.0,3600.0,14400.0,134.13,25.84,13.4,4.7,21.2,9,3,2,3,0.631087944326053,-0.7757112907044197,False,False,False,False,False,False
2025-02-17 10:00:00,57.71,1011.2,21.62,1619.0,3600.0,14400.0,148.83,33.05,15.8,0.8,21.9,10,3,2,3,0.3984010898462414,-0.917211301505453,False,False,False,False,False,False
2025-02-17 11:00:00,56.59,1012.5,21.46,41.0,3600.0,14400.0,165.96,37.51,17.6,0.0,22.0,11,3,2,3,0.1361666490962471,-0.9906859460363306,False,False,False,False,False,False
2025-02-17 12:00:00,53.78,1010.65,21.42,471.0,3600.0,14400.0,184.57,38.48,18.7,0.0,21.9,12,2,2,0,-0.1361666490962464,-0.9906859460363308,False,False,False,False,False,False
2025-02-17 13:00:00,53.01,1009.7,20.72,624.0,3600.0,14400.0,203.05,35.67,18.6,0.8,22.0,13,2,2,3,-0.39840108984624156,-0.9172113015054529,False,False,False,False,False,False
2025-02-17 14:00:00,58.82,1009.7,20.01,171.0,3600.0,14400.0,219.02,29.72,17.8,4.7,22.2,14,2,2,3,-0.6310879443260528,-0.7757112907044198,False,False,False,False,False,False
2025-02-17 15:00:00,59.62,1009.33,20.58,3456.0,3600.0,14400.0,232.5,21.46,16.9,10.9,21.8,15,2,2,3,-0.816969893010442,-0.5766803221148672,False,False,False,False,False,False
2025-02-17 16:00:00,57.6,1010.2,21.46,3600.0,3600.0,14400.0,244.71,10.92,16.0,4.7,21.6,16,2,2,3,-0.9422609221188204,-0.3348796121709864,False,False,False,False,False,False
2025-02-17 17:00:00,57.48,1010.65,21.54,3600.0,3600.0,14400.0,253.11,2.11,15.0,3.1,21.5,17,2,2,3,-0.9976687691905393,-0.06824241336467046,False,False,False,False,False,False
2025-02-17 18:00:00,57.36,1011.85,21.99,731.0,3600.0,14400.0,262.46,-9.28,13.8,4.7,21.7,18,1,2,3,-0.979084087682323,0.2034560130526333,False,False,False,False,False,False
2025-02-17 19:00:00,60.05,1011.7,22.29,106.0,3600.0,14400.0,271.69,-20.55,13.3,21.1,21.8,19,1,2,3,-0.8878852184023756,0.4600650377311516,False,False,False,False,False,False
2025-02-17 20:00:00,59.66,1012.2,21.42,0.0,3600.0,14400.0,283.25,-33.29,12.8,0.0,22.1,20,1,2,3,-0.730835964278124,0.6825531432186542,False,False,False,False,False,False
2025-02-17 21:00:00,58.44,1012.5,20.74,0.0,3600.0,14400.0,296.03,-44.16,11.9,46.9,22.6,21,1,2,3,-0.5195839500354336,0.8544194045464886,False,False,False,False,False,False
2025-02-18 07:00:00,54.42,1012.3,20.55,1320.0,3600.0,14400.0,110.35,6.18,8.7,100.0,20.9,7,3,2,2,0.9422609221188205,-0.33487961217098616,True,False,False,False,False,False
2025-02-18 08:00:00,53.08,1012.35,21.57,85.0,3600.0,14400.0,121.25,16.77,9.9,100.0,21.2,8,3,2,2,0.8169698930104421,-0.5766803221148671,True,False,False,False,False,False
2025-02-18 09:00:00,52.03,1012.5,21.93,234.0,3600.0,14400.0,133.59,25.94,12.5,100.0,21.7,9,3,2,3,0.631087944326053,-0.7757112907044197,True,False,False,False,False,False
2025-02-18 10:00:00,50.88,1012.5,21.29,428.0,3600.0,14400.0,148.29,33.23,13.6,100.0,22.0,10,3,2,3,0.3984010898462414,-0.917211301505453,True,False,False,False,False,False
2025-02-18 11:00:00,52.39,1012.05,21.49,37.0,3600.0,14400.0,165.46,37.79,14.7,100.0,22.5,11,3,2,3,0.1361666490962471,-0.9906859460363306,True,False,False,False,False,False
2025-02-18 12:00:00,53.82,1011.5,21.9,149.0,3600.0,14400.0,184.49,38.82,16.0,97.7,22.3,12,2,2,0,-0.1361666490962464,-0.9906859460363308,True,False,False,False,False,False
2025-02-18 13:00:00,52.04,1009.93,21.41,3417.0,3600.0,14400.0,203.19,36.0,16.5,82.8,22.6,13,2,2,3,-0.39840108984624156,-0.9172113015054529,True,False,False,False,False,False
2025-02-18 14:00:00,52.72,1009.45,20.9,1310.0,3600.0,14400.0,219.22,30.03,16.3,59.4,22.7,14,2,2,3,-0.6310879443260528,-0.7757112907044198,True,False,False,False,False,False
2025-02-18 15:00:00,56.17,1010.0,21.42,3560.0,3600.0,14400.0,232.73,21.74,16.1,99.2,22.3,15,2,2,3,-0.816969893010442,-0.5766803221148672,True,False,False,False,False,False
2025-02-18 16:00:00,57.5,1010.35,21.8,583.0,3600.0,14400.0,244.87,11.26,15.4,100.0,22.7,16,2,2,3,-0.9422609221188204,-0.3348796121709864,True,False,False,False,False,False
2025-02-18 17:00:00,57.41,1010.8,21.56,2021.0,3600.0,14400.0,253.43,2.27,14.7,100.0,23.0,17,2,2,3,-0.9976687691905393,-0.06824241336467046,True,False,False,False,False,False
2025-02-18 18:00:00,58.87,1010.8,21.72,81.0,3600.0,14400.0,262.92,-9.28,13.9,99.2,23.2,18,1,2,3,-0.979084087682323,0.2034560130526333,True,False,False,False,False,False
2025-02-18 19:00:00,60.04,1011.2,21.92,1544.0,3600.0,14400.0,272.17,-20.55,13.5,96.1,22.8,19,1,2,3,-0.8878852184023756,0.4600650377311516,True,False,False,False,False,False
2025-02-18 20:00:00,57.97,1011.7,21.3,0.0,3600.0,14400.0,283.79,-33.27,12.8,90.6,23.4,20,1,2,3,-0.730835964278124,0.6825531432186542,True,False,False,False,False,False
2025-02-18 21:00:00,58.06,1012.35,20.9,0.0,3600.0,14400.0,296.65,-44.1,12.1,96.1,23.0,21,1,2,3,-0.5195839500354336,0.8544194045464886,True,False,False,False,False,False
2025-02-19 07:00:00,57.56,1014.33,20.45,3600.0,3600.0,14400.0,110.24,6.58,8.7,76.6,21.4,7,3,2,2,0.9422609221188205,-0.33487961217098616,False,True,False,False,False,False
2025-02-19 08:00:00,56.15,1015.55,21.38,3600.0,3600.0,14400.0,121.49,17.45,10.3,99.2,21.2,8,3,2,2,0.8169698930104421,-0.5766803221148671,False,True,False,False,False,False
2025-02-19 09:00:00,56.2,1015.6,21.8,3600.0,3600.0,14400.0,133.95,26.59,12.3,100.0,21.5,9,3,2,3,0.631087944326053,-0.7757112907044197,False,True,False,False,False,False
2025-02-19 10:00:00,56.56,1015.9,21.83,1496.0,3600.0,14400.0,148.81,33.81,13.9,100.0,22.2,10,3,2,3,0.3984010898462414,-0.917211301505453,False,True,False,False,False,False
2025-02-19 11:00:00,55.46,1015.75,21.92,481.0,3600.0,14400.0,166.16,38.26,15.6,93.7,22.6,11,3,2,3,0.1361666490962471,-0.9906859460363306,False,True,False,False,False,False
2025-02-19 12:00:00,53.8,1015.33,21.9,451.0,3600.0,14400.0,185.04,39.17,16.9,46.9,22.5,12,2,2,0,-0.1361666490962464,-0.9906859460363308,False,True,False,False,False,False
2025-02-19 13:00:00,53.86,1015.33,21.36,94.0,3600.0,14400.0,203.32,36.34,17.6,64.1,22.7,13,2,2,3,-0.39840108984624156,-0.9172113015054529,False,True,False,False,False,False
2025-02-19 14:00:00,54.43,1015.6,20.92,300.0,3600.0,14400.0,219.42,30.34,17.5,95.3,22.4,14,2,2,3,-0.6310879443260528,-0.7757112907044198,False,True,False,False,False,False
2025-02-19 15:00:00,57.73,1015.9,21.52,5.0,3600.0,14400.0,232.97,22.02,16.8,99.2,22.0,15,2,2,3,-0.816969893010442,-0.5766803221148672,False,True,False,False,False,False
2025-02-19 16:00:00,55.84,1016.6,21.85,109.0,3600.0,14400.0,245.0,11.63,15.6,54.7,22.4,16,2,2,3,-0.9422609221188204,-0.3348796121709864,False,True,False,False,False,False
2025-02-19 17:00:00,56.81,1017.78,21.62,3600.0,3600.0,14400.0,253.76,2.44,14.5,21.1,22.7,17,2,2,3,-0.9976687691905393,-0.06824241336467046,False,True,False,False,False,False
2025-02-19 18:00:00,56.96,1018.6,22.05,3600.0,3600.0,14400.0,263.39,-9.29,13.7,12.5,23.0,18,1,2,3,-0.979084087682323,0.2034560130526333,False,True,False,False,False,False
2025-02-19 19:00:00,56.21,1019.3,22.14,2830.0,3600.0,14400.0,272.66,-20.55,12.9,3.9,23.3,19,1,2,3,-0.8878852184023756,0.4600650377311516,False,True,False,False,False,False
2025-02-19 20:00:00,56.38,1019.8,21.48,0.0,3600.0,14400.0,284.34,-33.26,12.5,1.6,23.5,20,1,2,3,-0.730835964278124,0.6825531432186542,False,True,False,False,False,False
2025-02-19 21:00:00,56.27,1020.7,21.04,0.0,3600.0,14400.0,297.28,-44.05,11.9,0.8,23.1,21,1,2,3,-0.5195839500354336,0.8544194045464886,False,True,False,False,False,False
2025-02-20 07:00:00,53.21,1022.55,20.65,1073.0,3600.0,14400.0,109.81,6.64,10.8,100.0,21.5,7,3,2,2,0.9422609221188205,-0.33487961217098616,False,False,True,False,False,False
2025-02-20 08:00:00,53.73,1023.1,21.16,148.0,3600.0,14400.0,120.97,17.49,11.5,99.2,21.8,8,3,2,2,0.8169698930104421,-0.5766803221148671,False,False,True,False,False,False
2025-02-20 09:00:00,51.9,1023.4,21.46,704.0,3600.0,14400.0,133.41,26.69,13.0,98.4,22.0,9,3,2,3,0.631087944326053,-0.7757112907044197,False,False,True,False,False,False
2025-02-20 10:00:00,51.63,1023.4,20.88,1931.0,3600.0,14400.0,148.25,34.0,14.7,96.9,21.9,10,3,2,3,0.3984010898462414,-0.917211301505453,False,False,True,False,False,False
2025-02-20 11:00:00,53.86,1022.7,21.81,843.0,3600.0,14400.0,165.65,38.55,15.9,87.5,22.1,11,3,2,3,0.1361666490962471,-0.9906859460363306,False,False,True,False,False,False
2025-02-20 12:00:00,52.49,1022.2,21.98,405.0,3600.0,14400.0,184.64,39.54,17.2,25.8,22.0,12,2,2,0,-0.1361666490962464,-0.9906859460363308,False,False,True,False,False,False
2025-02-20 13:00:00,51.53,1021.5,21.73,714.0,3600.0,14400.0,203.46,36.68,18.1,12.5,22.2,13,2,2,3,-0.39840108984624156,-0.9172113015054529,False,False,True,False,False,False
2025-02-20 14:00:00,51.84,1021.5,21.06,1371.0,3600.0,14400.0,219.63,30.65,17.3,11.7,22.5,14,2,2,3,-0.6310879443260528,-0.7757112907044198,False,False,True,False,False,False
2025-02-20 15:00:00,54.08,1021.5,21.34,3600.0,3600.0,14400.0,233.22,22.29,16.2,26.6,22.1,15,2,2,3,-0.816969893010442,-0.5766803221148672,False,False,True,False,False,False
2025-02-20 16:00:00,52.92,1021.85,21.84,2675.0,3600.0,14400.0,245.45,11.7,15.6,30.5,22.8,16,2,2,3,-0.9422609221188204,-0.3348796121709864,False,False,True,False,False,False
2025-02-20 17:00:00,53.26,1022.55,21.76,3190.0,3600.0,14400.0,254.16,2.52,14.7,71.9,23.1,17,2,2,3,-0.9976687691905393,-0.06824241336467046,False,False,True,False,False,False
2025-02-20 18:00:00,53.43,1022.7,21.94,3600.0,3600.0,14400.0,263.86,-9.29,14.2,89.8,23.2,18,1,2,3,-0.979084087682323,0.2034560130526333,False,False,True,False,False,False
2025-02-20 19:00:00,52.9,1023.2,21.88,2820.0,3600.0,14400.0,273.15,-20.54,13.6,68.7,23.1,19,1,2,3,-0.8878852184023756,0.4600650377311516,False,False,True,False,False,False
2025-02-20 20:00:00,53.4,1023.2,21.33,21.0,3600.0,14400.0,284.89,-33.24,13.3,72.7,23.6,20,1,2,3,-0.730835964278124,0.6825531432186542,False,False,True,False,False,False
2025-02-20 21:00:00,53.56,1023.7,21.14,0.0,3600.0,14400.0,297.92,-43.99,12.9,82.0,23.6,21,1,2,3,-0.5195839500354336,0.8544194045464886,False,False,True,False,False,False
2025-02-21 07:00:00,58.2,1021.9,20.99,3546.0,3600.0,14400.0,109.33,6.66,12.7,100.0,21.9,7,3,2,2,0.9422609221188205,-0.33487961217098616,False,False,False,True,False,False
2025-02-21 08:00:00,57.03,1022.7,21.86,3600.0,3600.0,14400.0,120.45,17.52,13.0,100.0,21.9,8,3,2,2,0.8169698930104421,-0.5766803221148671,False,False,False,True,False,False
2025-02-21 09:00:00,56.52,1022.28,21.98,1370.0,3600.0,14400.0,132.86,26.79,13.6,100.0,22.2,9,3,2,3,0.631087944326053,-0.7757112907044197,False,False,False,True,False,False
2025-02-21 10:00:00,56.64,1021.7,21.4,286.0,3600.0,14400.0,147.7,34.19,14.7,91.4,22.4,10,3,2,3,0.3984010898462414,-0.917211301505453,False,False,False,True,False,False
2025-02-21 11:00:00,57.71,1021.0,21.6,2776.0,3600.0,14400.0,165.12,38.83,16.0,100.0,22.6,11,3,2,3,0.1361666490962471,-0.9906859460363306,False,False,False,True,False,False
2025-02-21 12:00:00,55.76,1019.97,21.65,3215.0,3600.0,14400.0,184.56,39.89,16.4,100.0,22.6,12,2,2,0,-0.1361666490962464,-0.9906859460363308,False,False,False,True,False,False
2025-02-21 13:00:00,54.53,1018.88,21.18,0.0,3600.0,14400.0,203.61,37.02,17.2,100.0,22.6,13,2,2,3,-0.39840108984624156,-0.9172113015054529,False,False,False,True,False,False
2025-02-21 14:00:00,53.6,1017.75,20.97,0.0,3600.0,14400.0,219.85,30.96,16.9,100.0,22.4,14,2,2,3,-0.6310879443260528,-0.7757112907044198,False,False,False,True,False,False
2025-02-21 15:00:00,54.21,1017.3,20.89,0.0,3600.0,14400.0,233.47,22.57,16.0,100.0,22.3,15,2,2,3,-0.816969893010442,-0.5766803221148672,False,False,False,True,False,False
2025-02-21 16:00:00,55.42,1016.4,20.79,0.0,3600.0,14400.0,245.58,12.08,15.2,100.0,22.5,16,2,2,3,-0.9422609221188204,-0.3348796121709864,False,False,False,True,False,False
2025-02-21 17:00:00,56.2,1016.9,20.76,0.0,3600.0,14400.0,254.28,2.94,14.7,100.0,22.7,17,2,2,3,-0.9976687691905393,-0.06824241336467046,False,False,False,True,False,False
2025-02-21 18:00:00,56.29,1016.32,20.66,0.0,3600.0,14400.0,263.89,-8.74,14.1,100.0,22.9,18,1,2,3,-0.979084087682323,0.2034560130526333,False,False,False,True,False,False
2025-02-21 19:00:00,56.85,1016.9,20.63,102.0,3600.0,14400.0,273.64,-20.54,13.9,100.0,23.2,19,1,2,3,-0.8878852184023756,0.4600650377311516,False,False,False,True,False,False
2025-02-21 20:00:00,56.65,1016.6,20.64,0.0,3600.0,14400.0,285.44,-33.22,13.6,100.0,23.6,20,1,2,3,-0.730835964278124,0.6825531432186542,False,False,False,True,False,False
2025-02-21 21:00:00,56.52,1016.5,20.6,0.0,3600.0,14400.0,298.56,-43.92,13.3,100.0,23.7,21,1,2,3,-0.5195839500354336,0.8544194045464886,False,False,False,True,False,False
2025-02-22 07:00:00,53.17,1015.52,20.03,0.0,3600.0,14400.0,109.24,7.08,9.1,100.0,21.8,7,3,2,2,0.9422609221188205,-0.33487961217098616,False,False,False,False,True,False
2025-02-22 08:00:00,53.15,1016.17,19.99,0.0,3600.0,14400.0,120.69,18.22,10.6,100.0,21.8,8,3,2,2,0.8169698930104421,-0.5766803221148671,False,False,False,False,True,False
2025-02-22 09:00:00,53.32,1016.03,19.95,0.0,3600.0,14400.0,133.22,27.45,12.0,100.0,21.7,9,3,2,3,0.631087944326053,-0.7757112907044197,False,False,False,False,True,False
2025-02-22 10:00:00,53.62,1016.1,19.91,0.0,3600.0,14400.0,148.22,34.78,14.1,100.0,21.6,10,3,2,3,0.3984010898462414,-0.917211301505453,False,False,False,False,True,False
2025-02-22 11:00:00,53.7,1015.4,19.92,0.0,3600.0,14400.0,165.84,39.31,17.0,100.0,21.6,11,3,2,3,0.1361666490962471,-0.9906859460363306,False,False,False,False,True,False
2025-02-22 12:00:00,53.81,1015.23,19.91,0.0,3600.0,14400.0,185.13,40.24,18.5,100.0,21.6,12,2,2,0,-0.1361666490962464,-0.9906859460363308,False,False,False,False,True,False
2025-02-22 13:00:00,53.76,1015.23,19.93,0.0,3600.0,14400.0,203.75,37.37,19.4,100.0,21.6,13,2,2,3,-0.39840108984624156,-0.9172113015054529,False,False,False,False,True,False
2025-02-22 14:00:00,54.22,1015.4,19.92,0.0,3600.0,14400.0,220.06,31.27,18.4,100.0,21.5,14,2,2,3,-0.6310879443260528,-0.7757112907044198,False,False,False,False,True,False
2025-02-22 15:00:00,54.66,1015.2,19.88,0.0,3600.0,14400.0,233.72,22.85,17.4,100.0,21.5,15,2,2,3,-0.816969893010442,-0.5766803221148672,False,False,False,False,True,False
2025-02-22 16:00:00,54.81,1015.2,19.86,0.0,3600.0,14400.0,245.68,12.5,16.5,100.0,21.5,16,2,2,3,-0.9422609221188204,-0.3348796121709864,False,False,False,False,True,False
2025-02-22 17:00:00,55.4,1016.1,19.81,0.0,3600.0,14400.0,254.61,3.11,14.8,100.0,21.4,17,2,2,3,-0.9976687691905393,-0.06824241336467046,False,False,False,False,True,False
2025-02-22 18:00:00,55.92,1017.1,19.81,0.0,3600.0,14400.0,263.79,-8.03,13.8,100.0,21.4,18,1,2,3,-0.979084087682323,0.2034560130526333,False,False,False,False,True,False
2025-02-22 19:00:00,56.51,1017.93,19.77,0.0,3600.0,14400.0,273.22,-19.45,12.9,100.0,21.4,19,1,2,3,-0.8878852184023756,0.4600650377311516,False,False,False,False,True,False
2025-02-22 20:00:00,57.58,1019.07,19.68,0.0,3600.0,14400.0,286.0,-33.19,12.8,100.0,21.3,20,1,2,3,-0.730835964278124,0.6825531432186542,False,False,False,False,True,False
2025-02-22 21:00:00,57.28,1019.6,19.6,0.0,3600.0,14400.0,299.2,-43.85,12.5,100.0,21.3,21,1,2,3,-0.5195839500354336,0.8544194045464886,False,False,False,False,True,False
2025-02-23 07:00:00,57.03,1023.27,19.24,0.0,3600.0,14400.0,108.92,7.28,10.4,46.9,20.8,7,3,2,2,0.9422609221188205,-0.33487961217098616,False,False,False,False,False,True
2025-02-23 08:00:00,57.11,1024.8,19.19,0.0,3600.0,14400.0,120.16,18.26,11.1,18.0,20.8,8,3,2,2,0.8169698930104421,-0.5766803221148671,False,False,False,False,False,True
2025-02-23 09:00:00,56.64,1024.8,19.15,0.0,3600.0,14400.0,132.66,27.56,13.0,11.7,20.7,9,3,2,3,0.631087944326053,-0.7757112907044197,False,False,False,False,False,True
2025-02-23 10:00:00,56.52,1025.1,19.11,0.0,3600.0,14400.0,147.65,34.97,14.9,8.6,20.7,10,3,2,3,0.3984010898462414,-0.917211301505453,False,False,False,False,False,True
2025-02-23 11:00:00,56.41,1024.7,19.12,0.0,3600.0,14400.0,165.31,39.61,16.2,0.0,20.7,11,3,2,3,0.1361666490962471,-0.9906859460363306,False,False,False,False,False,True
2025-02-23 12:00:00,56.27,1024.4,19.11,0.0,3600.0,14400.0,184.72,40.63,16.9,2.3,20.6,12,2,2,0,-0.1361666490962464,-0.9906859460363308,False,False,False,False,False,True
2025-02-23 13:00:00,55.66,1024.0,19.08,0.0,3600.0,14400.0,203.9,37.72,17.4,66.4,20.6,13,2,2,3,-0.39840108984624156,-0.9172113015054529,False,False,False,False,False,True
2025-02-23 14:00:00,54.41,1023.2,19.14,0.0,3600.0,14400.0,220.28,31.59,16.8,35.9,20.6,14,2,2,3,-0.6310879443260528,-0.7757112907044198,False,False,False,False,False,True
2025-02-23 15:00:00,53.69,1024.0,19.09,0.0,3600.0,14400.0,233.97,23.14,16.6,57.0,20.6,15,2,2,3,-0.816969893010442,-0.5766803221148672,False,False,False,False,False,True
2025-02-23 16:00:00,53.16,1024.4,19.08,0.0,3600.0,14400.0,246.17,12.54,16.2,0.0,20.5,16,2,2,3,-0.9422609221188204,-0.3348796121709864,False,False,False,False,False,True
2025-02-23 17:00:00,52.8,1024.9,19.11,0.0,3600.0,14400.0,255.11,3.09,15.5,0.0,20.5,17,2,2,3,-0.9976687691905393,-0.06824241336467046,False,False,False,False,False,True
2025-02-23 18:00:00,52.65,1025.55,19.11,0.0,3600.0,14400.0,264.27,-8.03,13.9,0.0,20.5,18,1,2,3,-0.979084087682323,0.2034560130526333,False,False,False,False,False,True
2025-02-23 19:00:00,52.42,1026.2,19.09,0.0,3600.0,14400.0,273.72,-19.45,12.4,5.5,20.5,19,1,2,3,-0.8878852184023756,0.4600650377311516,False,False,False,False,False,True
2025-02-23 20:00:00,51.95,1026.8,19.02,0.0,3600.0,14400.0,286.56,-33.17,12.0,0.0,20.5,20,1,2,3,-0.730835964278124,0.6825531432186542,False,False,False,False,False,True
2025-02-23 21:00:00,51.64,1026.6,19.02,0.0,3600.0,14400.0,299.84,-43.78,11.4,0.0,20.4,21,1,2,3,-0.5195839500354336,0.8544194045464886,False,False,False,False,False,True
2025-02-24 07:00:00,49.33,1025.1,19.61,1030.0,3600.0,14400.0,108.83,7.72,6.9,63.3,20.0,7,3,2,2,0.9422609221188205,-0.33487961217098616,False,False,False,False,False,False
2025-02-24 08:00:00,53.46,1025.75,21.01,69.0,3600.0,14400.0,120.4,18.96,8.7,93.0,20.2,8,3,2,2,0.8169698930104421,-0.5766803221148671,False,False,False,False,False,False
2025-02-24 09:00:00,54.55,1025.1,21.92,536.0,3600.0,14400.0,133.02,28.23,11.5,100.0,20.8,9,3,2,3,0.631087944326053,-0.7757112907044197,False,False,False,False,False,False
2025-02-24 10:00:00,52.06,1024.55,21.67,1467.0,3600.0,14400.0,148.18,35.58,14.6,100.0,21.4,10,3,2,3,0.3984010898462414,-0.917211301505453,False,False,False,False,False,False
2025-02-24 11:00:00,52.03,1023.52,21.74,506.0,3600.0,14400.0,166.04,40.09,17.2,100.0,21.8,11,3,2,3,0.1361666490962471,-0.9906859460363306,False,False,False,False,False,False
2025-02-24 12:00:00,47.83,1022.6,21.62,419.0,3600.0,14400.0,185.29,40.98,19.3,100.0,21.8,12,2,2,0,-0.1361666490962464,-0.9906859460363308,False,False,False,False,False,False
2025-02-24 13:00:00,43.49,1021.18,21.14,1094.0,3600.0,14400.0,204.05,38.07,20.5,100.0,21.7,13,2,2,3,-0.39840108984624156,-0.9172113015054529,False,False,False,False,False,False
2025-02-24 14:00:00,42.18,1020.15,20.56,0.0,3600.0,14400.0,220.5,31.9,21.0,100.0,21.6,14,2,2,3,-0.6310879443260528,-0.7757112907044198,False,False,False,False,False,False
2025-02-24 15:00:00,44.57,1019.6,20.71,3589.0,3600.0,14400.0,234.23,23.42,20.4,100.0,21.4,15,2,2,3,-0.816969893010442,-0.5766803221148672,False,False,False,False,False,False
2025-02-24 16:00:00,43.22,1019.6,21.44,3600.0,3600.0,14400.0,246.26,12.98,19.5,100.0,21.9,16,2,2,3,-0.9422609221188204,-0.3348796121709864,False,False,False,False,False,False
2025-02-24 17:00:00,41.18,1019.3,21.56,3600.0,3600.0,14400.0,255.26,3.49,18.7,100.0,22.2,17,2,2,3,-0.9976687691905393,-0.06824241336467046,False,False,False,False,False,False
2025-02-24 18:00:00,41.86,1019.15,21.12,1877.0,3600.0,14400.0,264.34,-7.53,16.8,2.3,22.3,18,1,2,3,-0.979084087682323,0.2034560130526333,False,False,False,False,False,False
2025-02-24 19:00:00,42.45,1019.3,20.91,215.0,3600.0,14400.0,274.23,-19.45,15.6,28.9,22.6,19,1,2,3,-0.8878852184023756,0.4600650377311516,False,False,False,False,False,False
2025-02-24 20:00:00,41.35,1020.0,20.47,0.0,3600.0,14400.0,287.13,-33.15,15.0,100.0,22.8,20,1,2,3,-0.730835964278124,0.6825531432186542,False,False,False,False,False,False
2025-02-24 21:00:00,41.75,1019.6,20.23,0.0,3600.0,14400.0,300.5,-43.71,15.4,96.9,22.7,21,1,2,3,-0.5195839500354336,0.8544194045464886,False,False,False,False,False,False
2025-02-25 07:00:00,43.96,1016.4,20.12,976.0,3600.0,14400.0,108.34,7.74,14.6,100.0,20.9,7,3,2,2,0.9422609221188205,-0.33487961217098616,True,False,False,False,False,False
2025-02-25 08:00:00,41.28,1017.24,20.61,87.0,3600.0,14400.0,119.86,19.0,15.1,100.0,21.2,8,3,2,2,0.8169698930104421,-0.5766803221148671,True,False,False,False,False,False
2025-02-25 09:00:00,40.74,1017.4,20.87,188.0,3600.0,14400.0,132.46,28.33,16.1,100.0,21.9,9,3,2,3,0.631087944326053,-0.7757112907044197,True,False,False,False,False,False
2025-02-25 10:00:00,42.7,1017.45,20.85,218.0,3600.0,14400.0,147.6,35.77,16.6,100.0,22.0,10,3,2,3,0.3984010898462414,-0.917211301505453,True,False,False,False,False,False
2025-02-25 11:00:00,44.87,1017.1,21.22,499.0,3600.0,14400.0,165.5,40.39,17.1,100.0,22.3,11,3,2,3,0.1361666490962471,-0.9906859460363306,True,False,False,False,False,False
2025-02-25 12:00:00,44.49,1016.3,20.51,3600.0,3600.0,14400.0,185.23,41.35,17.9,100.0,22.3,12,2,2,0,-0.1361666490962464,-0.9906859460363308,True,False,False,False,False,False
2025-02-25 13:00:00,44.49,1015.75,20.02,1314.0,3600.0,14400.0,204.2,38.42,19.4,100.0,22.2,13,2,2,3,-0.39840108984624156,-0.9172113015054529,True,False,False,False,False,False
2025-02-25 14:00:00,44.51,1015.33,20.05,1081.0,3600.0,14400.0,220.72,32.22,19.7,100.0,22.0,14,2,2,3,-0.6310879443260528,-0.7757112907044198,True,False,False,False,False,False
2025-02-25 15:00:00,49.13,1015.2,20.85,2246.0,3600.0,14400.0,234.49,23.71,19.2,100.0,21.9,15,2,2,3,-0.816969893010442,-0.5766803221148672,True,False,False,False,False,False
2025-02-25 16:00:00,52.64,1015.72,21.67,102.0,3600.0,14400.0,246.77,12.99,18.6,100.0,22.4,16,2,2,3,-0.9422609221188204,-0.3348796121709864,True,False,False,False,False,False
2025-02-25 17:00:00,51.07,1016.46,21.41,3447.0,3600.0,14400.0,255.77,3.48,16.1,100.0,22.9,17,2,2,3,-0.9976687691905393,-0.06824241336467046,True,False,False,False,False,False
2025-02-25 18:00:00,49.8,1018.08,21.74,3600.0,3600.0,14400.0,264.83,-7.53,15.1,100.0,23.2,18,1,2,3,-0.979084087682323,0.2034560130526333,True,False,False,False,False,False
2025-02-25 19:00:00,48.01,1018.97,21.66,3360.0,3600.0,14400.0,274.74,-19.44,13.8,99.2,23.4,19,1,2,3,-0.8878852184023756,0.4600650377311516,True,False,False,False,False,False
2025-02-25 20:00:00,44.7,1019.3,21.1,0.0,3600.0,14400.0,287.7,-33.12,13.7,84.4,23.0,20,1,2,3,-0.730835964278124,0.6825531432186542,True,False,False,False,False,False
2025-02-25 21:00:00,43.54,1020.15,20.51,0.0,3600.0,14400.0,301.15,-43.63,12.9,67.2,22.4,21,1,2,3,-0.5195839500354336,0.8544194045464886,True,False,False,False,False,False
2025-02-26 07:00:00,39.45,1022.35,19.78,694.0,3600.0,14400.0,108.01,7.94,5.8,69.5,20.8,7,3,2,2,0.9422609221188205,-0.33487961217098616,False,True,False,False,False,False
2025-02-26 08:00:00,44.02,1022.4,20.84,26.0,3600.0,14400.0,119.33,19.04,7.4,0.0,21.0,8,3,2,2,0.8169698930104421,-0.5766803221148671,False,True,False,False,False,False
2025-02-26 09:00:00,45.1,1022.4,21.48,246.0,3600.0,14400.0,131.89,28.44,10.1,7.0,21.4,9,3,2,3,0.631087944326053,-0.7757112907044197,False,True,False,False,False,False
2025-02-26 10:00:00,42.12,1022.45,21.29,378.0,3600.0,14400.0,147.02,35.96,12.7,7.0,21.7,10,3,2,3,0.3984010898462414,-0.917211301505453,False,True,False,False,False,False
2025-02-26 11:00:00,33.81,1021.18,20.97,472.0,3600.0,14400.0,164.96,40.69,14.7,0.8,22.2,11,3,2,3,0.1361666490962471,-0.9906859460363306,False,True,False,False,False,False
2025-02-26 12:00:00,34.37,1019.62,21.38,211.0,3600.0,14400.0,184.81,41.73,16.0,0.0,22.2,12,2,2,0,-0.1361666490962464,-0.9906859460363308,False,True,False,False,False,False
2025-02-26 13:00:00,31.87,1018.63,20.95,219.0,3600.0,14400.0,204.36,38.77,17.3,22.7,22.1,13,2,2,3,-0.39840108984624156,-0.9172113015054529,False,True,False,False,False,False
2025-02-26 14:00:00,29.98,1018.02,20.27,501.0,3600.0,14400.0,220.96,32.54,17.6,26.6,22.0,14,2,2,3,-0.6310879443260528,-0.7757112907044198,False,True,False,False,False,False
2025-02-26 15:00:00,35.78,1017.6,20.65,532.0,3600.0,14400.0,234.75,23.99,17.7,33.6,21.8,15,2,2,3,-0.816969893010442,-0.5766803221148672,False,True,False,False,False,False
2025-02-26 16:00:00,37.9,1017.3,20.84,58.0,3600.0,14400.0,246.84,13.45,16.3,7.8,22.4,16,2,2,3,-0.9422609221188204,-0.3348796121709864,False,True,False,False,False,False
2025-02-26 17:00:00,42.48,1017.1,21.06,3142.0,3600.0,14400.0,256.11,3.65,14.5,21.1,23.1,17,2,2,3,-0.9976687691905393,-0.06824241336467046,False,True,False,False,False,False
2025-02-26 18:00:00,43.18,1017.1,21.44,3600.0,3600.0,14400.0,265.32,-7.54,12.9,85.9,23.3,18,1,2,3,-0.979084087682323,0.2034560130526333,False,True,False,False,False,False
2025-02-26 19:00:00,44.54,1017.6,21.54,2860.0,3600.0,14400.0,273.88,-17.89,12.3,68.0,23.0,19,1,2,3,-0.8878852184023756,0.4600650377311516,False,True,False,False,False,False
2025-02-26 20:00:00,44.9,1018.6,20.87,0.0,3600.0,14400.0,284.42,-29.4,11.3,92.2,23.2,20,1,2,3,-0.730835964278124,0.6825531432186542,False,True,False,False,False,False
2025-02-26 21:00:00,44.8,1018.3,20.32,0.0,3600.0,14400.0,296.9,-40.2,10.5,100.0,22.8,21,1,2,3,-0.5195839500354336,0.8544194045464886,False,True,False,False,False,False
2025-02-27 07:00:00,38.74,1016.1,19.76,880.0,3600.0,14400.0,107.93,8.4,7.4,100.0,20.9,7,3,2,2,0.9422609221188205,-0.33487961217098616,False,False,True,False,False,False
2025-02-27 08:00:00,38.14,1016.1,20.49,3600.0,3600.0,14400.0,119.56,19.75,8.6,100.0,21.1,8,3,2,2,0.8169698930104421,-0.5766803221148671,False,False,True,False,False,False
2025-02-27 09:00:00,40.48,1015.9,21.3,931.0,3600.0,14400.0,132.24,29.11,11.1,100.0,21.4,9,3,2,3,0.631087944326053,-0.7757112907044197,False,False,True,False,False,False
2025-02-27 10:00:00,40.69,1015.75,21.47,708.0,3600.0,14400.0,147.55,36.57,13.0,100.0,21.7,10,3,2,3,0.3984010898462414,-0.917211301505453,False,False,True,False,False,False
2025-02-27 11:00:00,40.88,1015.57,21.73,287.0,3600.0,14400.0,165.69,41.18,14.6,100.0,21.6,11,3,2,3,0.1361666490962471,-0.9906859460363306,False,False,True,False,False,False
2025-02-27 12:00:00,41.37,1015.25,21.9,1189.0,3600.0,14400.0,185.38,42.09,15.7,100.0,21.7,12,2,2,0,-0.1361666490962464,-0.9906859460363308,False,False,True,False,False,False
2025-02-27 13:00:00,37.51,1013.4,21.1,2577.0,3600.0,14400.0,204.51,39.12,15.8,81.2,21.6,13,2,2,3,-0.39840108984624156,-0.9172113015054529,False,False,True,False,False,False
2025-02-27 14:00:00,36.52,1013.4,20.56,1289.0,3600.0,14400.0,221.18,32.87,15.9,96.9,21.5,14,2,2,3,-0.6310879443260528,-0.7757112907044198,False,False,True,False,False,False
2025-02-27 15:00:00,37.65,1013.4,20.65,982.0,3600.0,14400.0,235.01,24.28,14.9,13.3,21.3,15,2,2,3,-0.816969893010442,-0.5766803221148672,False,False,True,False,False,False
2025-02-27 16:00:00,37.36,1013.35,20.88,487.0,3600.0,14400.0,246.89,13.95,15.0,0.8,21.9,16,2,2,3,-0.9422609221188204,-0.3348796121709864,False,False,True,False,False,False
2025-02-27 17:00:00,40.8,1013.7,20.84,3571.0,3600.0,14400.0,256.46,3.81,14.1,0.0,22.4,17,2,2,3,-0.9976687691905393,-0.06824241336467046,False,False,True,False,False,False
2025-02-27 18:00:00,44.6,1014.6,21.08,699.0,3600.0,14400.0,265.82,-7.54,12.4,3.1,22.9,18,1,2,3,-0.979084087682323,0.2034560130526333,False,False,True,False,False,False
2025-02-27 19:00:00,45.01,1015.33,20.75,1479.0,3600.0,14400.0,274.39,-17.89,12.0,28.1,23.3,19,1,2,3,-0.8878852184023756,0.4600650377311516,False,False,True,False,False,False
2025-02-27 20:00:00,44.68,1015.2,20.43,0.0,3600.0,14400.0,284.97,-29.38,11.2,12.5,23.4,20,1,2,3,-0.730835964278124,0.6825531432186542,False,False,True,False,False,False
2025-02-27 21:00:00,44.47,1015.2,20.11,0.0,3600.0,14400.0,297.53,-40.14,10.5,49.2,23.3,21,1,2,3,-0.5195839500354336,0.8544194045464886,False,False,True,False,False,False
2025-02-28 07:00:00,40.18,1014.58,19.71,640.0,3600.0,14400.0,107.43,8.41,7.0,95.3,21.0,7,3,2,2,0.9422609221188205,-0.33487961217098616,False,False,False,True,False,False
2025-02-28 08:00:00,40.54,1014.9,20.56,217.0,3600.0,14400.0,119.01,19.79,9.6,89.8,21.1,8,3,2,2,0.8169698930104421,-0.5766803221148671,False,False,False,True,False,False
2025-02-28 09:00:00,43.45,1015.13,21.13,18.0,3600.0,14400.0,131.66,29.22,12.9,100.0,21.5,9,3,2,3,0.631087944326053,-0.7757112907044197,False,False,False,True,False,False
2025-02-28 10:00:00,47.97,1014.6,20.73,612.0,3600.0,14400.0,146.96,36.77,14.7,100.0,21.9,10,3,2,3,0.3984010898462414,-0.917211301505453,False,False,False,True,False,False
2025-02-28 11:00:00,51.65,1014.2,21.11,317.0,3600.0,14400.0,165.14,41.48,15.2,99.2,22.1,11,3,2,3,0.1361666490962471,-0.9906859460363306,False,False,False,True,False,False
2025-02-28 12:00:00,52.14,1013.3,20.78,342.0,3600.0,14400.0,185.33,42.47,14.7,100.0,22.1,12,2,2,0,-0.1361666490962464,-0.9906859460363308,False,False,False,True,False,False
2025-02-28 13:00:00,52.16,1012.88,20.14,1874.0,3600.0,14400.0,204.67,39.48,14.2,100.0,21.7,13,2,2,3,-0.39840108984624156,-0.9172113015054529,False,False,False,True,False,False
2025-02-28 14:00:00,52.25,1012.63,19.81,191.0,3600.0,14400.0,221.42,33.19,14.6,99.2,21.7,14,2,2,3,-0.6310879443260528,-0.7757112907044198,False,False,False,True,False,False
2025-02-28 15:00:00,52.44,1012.2,19.75,0.0,3600.0,14400.0,235.28,24.57,14.5,87.5,21.6,15,2,2,3,-0.816969893010442,-0.5766803221148672,False,False,False,True,False,False
2025-02-28 16:00:00,52.09,1012.2,19.76,263.0,3600.0,14400.0,247.44,13.94,14.3,98.4,22.3,16,2,2,3,-0.9422609221188204,-0.3348796121709864,False,False,False,True,False,False
2025-02-28 17:00:00,52.54,1012.2,19.73,0.0,3600.0,14400.0,256.79,4.02,13.6,84.4,23.0,17,2,2,3,-0.9976687691905393,-0.06824241336467046,False,False,False,True,False,False
2025-02-28 18:00:00,52.51,1012.2,19.75,0.0,3600.0,14400.0,265.92,-7.05,12.8,46.1,22.8,18,1,2,3,-0.979084087682323,0.2034560130526333,False,False,False,True,False,False
2025-02-28 19:00:00,52.84,1012.5,19.73,74.0,3600.0,14400.0,274.9,-17.89,12.2,100.0,22.8,19,1,2,3,-0.8878852184023756,0.4600650377311516,False,False,False,True,False,False
2025-02-28 20:00:00,52.87,1012.2,19.69,0.0,3600.0,14400.0,285.53,-29.36,12.1,99.2,22.4,20,1,2,3,-0.730835964278124,0.6825531432186542,False,False,False,True,False,False
2025-02-28 21:00:00,52.76,1012.5,19.62,0.0,3600.0,14400.0,298.17,-40.07,11.9,100.0,22.2,21,1,2,3,-0.5195839500354336,0.8544194045464886,False,False,False,True,False,False
2025-03-01 07:00:00,52.28,1011.35,18.88,0.0,3600.0,14400.0,107.35,8.88,10.9,100.0,21.1,7,3,3,2,0.9422609221188205,-0.33487961217098616,False,False,False,False,True,False
2025-03-01 08:00:00,52.57,1012.2,18.82,0.0,3600.0,14400.0,119.24,20.51,11.3,98.4,21.1,8,3,3,2,0.8169698930104421,-0.5766803221148671,False,False,False,False,True,False
2025-03-01 09:00:00,52.63,1012.35,18.73,0.0,3600.0,14400.0,132.02,29.9,12.0,96.9,21.0,9,3,3,3,0.631087944326053,-0.7757112907044197,False,False,False,False,True,False
2025-03-01 10:00:00,52.62,1012.2,18.68,0.0,3600.0,14400.0,147.5,37.38,13.1,88.3,20.9,10,3,3,3,0.3984010898462414,-0.917211301505453,False,False,False,False,True,False
2025-03-01 11:00:00,52.62,1012.5,18.58,0.0,3600.0,14400.0,165.9,41.98,13.9,100.0,20.8,11,3,3,3,0.1361666490962471,-0.9906859460363306,False,False,False,False,True,False
2025-03-01 12:00:00,51.47,1012.3,18.54,0.0,3600.0,14400.0,185.54,42.85,14.1,100.0,20.8,12,2,3,0,-0.1361666490962464,-0.9906859460363308,False,False,False,False,True,False
2025-03-01 13:00:00,50.79,1012.35,18.54,0.0,3600.0,14400.0,204.83,39.84,14.5,100.0,20.7,13,2,3,3,-0.39840108984624156,-0.9172113015054529,False,False,False,False,True,False
2025-03-01 14:00:00,50.08,1012.35,18.5,0.0,3600.0,14400.0,221.65,33.51,14.2,100.0,20.7,14,2,3,3,-0.6310879443260528,-0.7757112907044198,False,False,False,False,True,False
2025-03-01 15:00:00,49.52,1012.35,18.46,0.0,3600.0,14400.0,235.55,24.86,13.7,100.0,20.6,15,2,3,3,-0.816969893010442,-0.5766803221148672,False,False,False,False,True,False
2025-03-01 16:00:00,49.3,1012.5,18.42,0.0,3600.0,14400.0,247.47,14.45,13.3,100.0,20.5,16,2,3,3,-0.9422609221188204,-0.3348796121709864,False,False,False,False,True,False
2025-03-01 17:00:00,48.86,1013.2,18.4,0.0,3600.0,14400.0,257.15,4.18,12.9,100.0,20.5,17,2,3,3,-0.9976687691905393,-0.06824241336467046,False,False,False,False,True,False
2025-03-01 18:00:00,48.32,1013.9,18.39,0.0,3600.0,14400.0,265.88,-6.41,12.5,100.0,20.4,18,1,3,3,-0.979084087682323,0.2034560130526333,False,False,False,False,True,False
2025-03-01 19:00:00,48.46,1014.2,18.34,0.0,3600.0,14400.0,274.68,-17.02,12.0,100.0,20.3,19,1,3,3,-0.8878852184023756,0.4600650377311516,False,False,False,False,True,False
2025-03-01 20:00:00,48.94,1014.4,18.35,0.0,3600.0,14400.0,286.1,-29.34,12.0,100.0,20.3,20,1,3,3,-0.730835964278124,0.6825531432186542,False,False,False,False,True,False
2025-03-01 21:00:00,49.37,1015.13,18.3,0.0,3600.0,14400.0,298.8,-40.01,12.0,100.0,20.3,21,1,3,3,-0.5195839500354336,0.8544194045464886,False,False,False,False,True,False
2025-03-02 07:00:00,48.84,1016.1,17.82,0.0,3600.0,14400.0,107.03,9.09,10.5,100.0,19.7,7,3,3,2,0.9422609221188205,-0.33487961217098616,False,False,False,False,False,True
2025-03-02 08:00:00,48.28,1016.9,17.77,0.0,3600.0,14400.0,118.69,20.56,10.8,100.0,19.6,8,3,3,2,0.8169698930104421,-0.5766803221148671,False,False,False,False,False,True
2025-03-02 09:00:00,47.96,1016.75,17.64,0.0,3600.0,14400.0,131.44,30.01,11.5,100.0,19.6,9,3,3,3,0.631087944326053,-0.7757112907044197,False,False,False,False,False,True
2025-03-02 10:00:00,47.57,1016.6,17.59,0.0,3600.0,14400.0,146.9,37.58,12.1,100.0,19.5,10,3,3,3,0.3984010898462414,-0.917211301505453,False,False,False,False,False,True
2025-03-02 11:00:00,47.85,1016.75,17.49,0.0,3600.0,14400.0,165.34,42.28,12.4,100.0,19.5,11,3,3,3,0.1361666490962471,-0.9906859460363306,False,False,False,False,False,True
2025-03-02 12:00:00,48.46,1016.3,17.46,0.0,3600.0,14400.0,185.49,43.22,12.9,100.0,19.4,12,2,3,0,-0.1361666490962464,-0.9906859460363308,False,False,False,False,False,True
2025-03-02 13:00:00,49.73,1015.8,17.42,0.0,3600.0,14400.0,205.0,40.2,12.7,100.0,19.4,13,2,3,3,-0.39840108984624156,-0.9172113015054529,False,False,False,False,False,True
2025-03-02 14:00:00,50.5,1015.75,17.38,0.0,3600.0,14400.0,221.89,33.84,12.5,100.0,19.3,14,2,3,3,-0.6310879443260528,-0.7757112907044198,False,False,False,False,False,True
2025-03-02 15:00:00,51.32,1015.75,17.34,0.0,3600.0,14400.0,235.82,25.16,12.3,100.0,19.3,15,2,3,3,-0.816969893010442,-0.5766803221148672,False,False,False,False,False,True
2025-03-02 16:00:00,52.4,1015.9,17.29,0.0,3600.0,14400.0,247.78,14.69,11.5,100.0,19.2,16,2,3,3,-0.9422609221188204,-0.3348796121709864,False,False,False,False,False,True
2025-03-02 17:00:00,53.16,1016.3,17.3,0.0,3600.0,14400.0,257.66,4.17,11.5,99.2,19.2,17,2,3,3,-0.9976687691905393,-0.06824241336467046,False,False,False,False,False,True
2025-03-02 18:00:00,54.39,1016.6,17.26,0.0,3600.0,14400.0,266.38,-6.41,11.3,100.0,19.2,18,1,3,3,-0.979084087682323,0.2034560130526333,False,False,False,False,False,True
2025-03-02 19:00:00,54.39,1016.6,17.26,0.0,3600.0,14400.0,275.19,-17.02,11.5,100.0,19.1,19,1,3,3,-0.8878852184023756,0.4600650377311516,False,False,False,False,False,True
2025-03-02 20:00:00,56.44,1016.6,17.16,0.0,3600.0,14400.0,286.67,-29.32,11.7,100.0,19.1,20,1,3,3,-0.730835964278124,0.6825531432186542,False,False,False,False,False,True
2025-03-02 21:00:00,57.41,1016.6,17.17,0.0,3600.0,14400.0,299.45,-39.94,11.7,100.0,19.0,21,1,3,3,-0.5195839500354336,0.8544194045464886,False,False,False,False,False,True
2025-03-03 07:00:00,61.94,1015.9,17.81,0.0,3600.0,14400.0,106.69,9.31,11.7,100.0,18.8,7,3,3,2,0.9422609221188205,-0.33487961217098616,False,False,False,False,False,False
2025-03-03 08:00:00,61.32,1014.9,18.36,0.0,3600.0,14400.0,118.14,20.6,12.0,100.0,19.2,8,3,3,2,0.8169698930104421,-0.5766803221148671,False,False,False,False,False,False
2025-03-03 09:00:00,64.59,1015.13,19.05,2050.0,3600.0,14400.0,130.85,30.12,12.5,100.0,19.9,9,3,3,3,0.631087944326053,-0.7757112907044197,False,False,False,False,False,False
2025-03-03 10:00:00,66.96,1014.58,19.67,2016.0,3600.0,14400.0,146.29,37.78,12.6,100.0,20.3,10,3,3,3,0.3984010898462414,-0.917211301505453,False,False,False,False,False,False
2025-03-03 11:00:00,69.18,1014.4,20.6,255.0,3600.0,14400.0,164.77,42.59,13.1,100.0,20.6,11,3,3,3,0.1361666490962471,-0.9906859460363306,False,False,False,False,False,False
2025-03-03 12:00:00,68.82,1013.3,20.7,2466.0,3600.0,14400.0,185.07,43.62,14.3,100.0,20.8,12,2,3,0,-0.1361666490962464,-0.9906859460363308,False,False,False,False,False,False
2025-03-03 13:00:00,67.31,1013.14,19.73,0.0,3600.0,14400.0,205.16,40.56,13.7,100.0,21.0,13,2,3,3,-0.39840108984624156,-0.9172113015054529,False,False,False,False,False,False
2025-03-03 14:00:00,66.56,1013.2,19.65,159.0,3600.0,14400.0,222.13,34.17,13.3,100.0,21.0,14,2,3,3,-0.6310879443260528,-0.7757112907044198,False,False,False,False,False,False
2025-03-03 15:00:00,68.43,1012.5,19.49,3573.0,3600.0,14400.0,236.09,25.45,13.1,100.0,21.0,15,2,3,3,-0.816969893010442,-0.5766803221148672,False,False,False,False,False,False
2025-03-03 16:00:00,67.39,1012.9,20.18,3600.0,3600.0,14400.0,248.06,14.96,13.4,100.0,20.9,16,2,3,3,-0.9422609221188204,-0.3348796121709864,False,False,False,False,False,False
2025-03-03 17:00:00,66.46,1012.85,20.03,3600.0,3600.0,14400.0,258.02,4.34,13.0,100.0,21.3,17,2,3,3,-0.9976687691905393,-0.06824241336467046,False,False,False,False,False,False
2025-03-03 18:00:00,65.71,1013.7,20.47,390.0,3600.0,14400.0,266.88,-6.41,12.8,100.0,21.7,18,1,3,3,-0.979084087682323,0.2034560130526333,False,False,False,False,False,False
2025-03-03 19:00:00,65.38,1013.63,20.19,429.0,3600.0,14400.0,275.72,-17.02,12.5,100.0,22.1,19,1,3,3,-0.8878852184023756,0.4600650377311516,False,False,False,False,False,False
2025-03-03 20:00:00,65.58,1013.2,19.48,0.0,3600.0,14400.0,287.24,-29.29,12.5,100.0,21.9,20,1,3,3,-0.730835964278124,0.6825531432186542,False,False,False,False,False,False
2025-03-03 21:00:00,65.94,1014.2,19.06,0.0,3600.0,14400.0,300.09,-39.86,13.0,98.4,21.9,21,1,3,3,-0.5195839500354336,0.8544194045464886,False,False,False,False,False,False
2025-03-04 07:00:00,66.4,1014.7,18.03,0.0,3600.0,14400.0,106.45,9.6,12.6,98.4,20.1,7,3,3,2,0.9422609221188205,-0.33487961217098616,True,False,False,False,False,False
2025-03-04 08:00:00,67.17,1014.8,17.87,0.0,3600.0,14400.0,118.37,21.32,13.2,93.0,20.4,8,3,3,2,0.8169698930104421,-0.5766803221148671,True,False,False,False,False,False
2025-03-04 09:00:00,67.8,1015.2,17.74,0.0,3600.0,14400.0,131.2,30.81,13.7,99.2,20.6,9,3,3,3,0.631087944326053,-0.7757112907044197,True,False,False,False,False,False
2025-03-04 10:00:00,67.51,1015.2,17.69,0.0,3600.0,14400.0,146.83,38.41,14.3,89.8,20.4,10,3,3,3,0.3984010898462414,-0.917211301505453,True,False,False,False,False,False
2025-03-04 11:00:00,67.66,1014.9,17.62,0.0,3600.0,14400.0,165.54,43.09,15.2,92.2,20.2,11,3,3,3,0.1361666490962471,-0.9906859460363306,True,False,False,False,False,False
2025-03-04 12:00:00,68.16,1014.58,17.58,0.0,3600.0,14400.0,185.65,43.99,14.8,98.4,20.1,12,2,3,0,-0.1361666490962464,-0.9906859460363308,True,False,False,False,False,False
2025-03-04 13:00:00,68.92,1013.3,17.5,0.0,3600.0,14400.0,205.33,40.92,14.4,92.2,20.0,13,2,3,3,-0.39840108984624156,-0.9172113015054529,True,False,False,False,False,False
2025-03-04 14:00:00,69.44,1013.3,17.42,0.0,3600.0,14400.0,222.37,34.49,14.6,98.4,19.9,14,2,3,3,-0.6310879443260528,-0.7757112907044198,True,False,False,False,False,False
2025-03-04 15:00:00,69.53,1013.9,17.43,0.0,3600.0,14400.0,236.37,25.74,14.1,88.3,19.8,15,2,3,3,-0.816969893010442,-0.5766803221148672,True,False,False,False,False,False
2025-03-04 16:00:00,69.31,1013.35,17.39,0.0,3600.0,14400.0,248.03,15.56,14.1,78.9,19.8,16,2,3,3,-0.9422609221188204,-0.3348796121709864,True,False,False,False,False,False
2025-03-04 17:00:00,68.58,1014.05,17.26,0.0,3600.0,14400.0,258.21,4.71,13.7,100.0,19.8,17,2,3,3,-0.9976687691905393,-0.06824241336467046,True,False,False,False,False,False
2025-03-04 18:00:00,68.74,1014.6,17.18,0.0,3600.0,14400.0,267.01,-5.95,13.4,100.0,19.7,18,1,3,3,-0.979084087682323,0.2034560130526333,True,False,False,False,False,False
2025-03-04 19:00:00,68.68,1014.6,17.15,0.0,3600.0,14400.0,276.24,-17.01,13.2,100.0,19.6,19,1,3,3,-0.8878852184023756,0.4600650377311516,True,False,False,False,False,False
2025-03-04 20:00:00,68.97,1014.6,17.11,0.0,3600.0,14400.0,287.81,-29.27,13.1,100.0,19.5,20,1,3,3,-0.730835964278124,0.6825531432186542,True,False,False,False,False,False
2025-03-04 21:00:00,69.31,1015.9,17.06,0.0,3600.0,14400.0,300.73,-39.79,13.1,100.0,19.5,21,1,3,3,-0.5195839500354336,0.8544194045464886,True,False,False,False,False,False
2025-03-05 07:00:00,72.43,1013.77,16.99,0.0,3600.0,14400.0,106.12,9.82,13.1,100.0,19.1,7,3,3,2,0.9422609221188205,-0.33487961217098616,False,True,False,False,False,False
2025-03-05 08:00:00,71.92,1015.4,16.92,0.0,3600.0,14400.0,117.81,21.36,13.2,100.0,19.2,8,3,3,2,0.8169698930104421,-0.5766803221148671,False,True,False,False,False,False
2025-03-05 09:00:00,71.92,1015.2,16.86,0.0,3600.0,14400.0,130.61,30.92,13.6,100.0,19.2,9,3,3,3,0.631087944326053,-0.7757112907044197,False,True,False,False,False,False
2025-03-05 10:00:00,72.02,1015.67,16.84,0.0,3600.0,14400.0,146.22,38.61,13.7,100.0,19.1,10,3,3,3,0.3984010898462414,-0.917211301505453,False,True,False,False,False,False
2025-03-05 11:00:00,72.32,1014.9,16.76,0.0,3600.0,14400.0,164.97,43.4,13.3,100.0,19.1,11,3,3,3,0.1361666490962471,-0.9906859460363306,False,True,False,False,False,False
2025-03-05 12:00:00,72.05,1014.05,16.65,0.0,3600.0,14400.0,185.6,44.37,13.4,100.0,19.0,12,2,3,0,-0.1361666490962464,-0.9906859460363308,False,True,False,False,False,False
2025-03-05 13:00:00,72.04,1013.0,16.6,0.0,3600.0,14400.0,205.5,41.28,13.6,100.0,19.0,13,2,3,3,-0.39840108984624156,-0.9172113015054529,False,True,False,False,False,False
2025-03-05 14:00:00,72.31,1013.0,16.58,0.0,3600.0,14400.0,222.62,34.82,13.4,100.0,19.0,14,2,3,3,-0.6310879443260528,-0.7757112907044198,False,True,False,False,False,False
2025-03-05 15:00:00,72.63,1013.2,16.51,0.0,3600.0,14400.0,236.65,26.04,13.4,100.0,18.9,15,2,3,3,-0.816969893010442,-0.5766803221148672,False,True,False,False,False,False
2025-03-05 16:00:00,73.02,1013.05,16.46,0.0,3600.0,14400.0,248.32,15.82,13.3,100.0,18.8,16,2,3,3,-0.9422609221188204,-0.3348796121709864,False,True,False,False,False,False
2025-03-05 17:00:00,73.58,1013.05,16.48,0.0,3600.0,14400.0,258.73,4.7,13.2,100.0,18.8,17,2,3,3,-0.9976687691905393,-0.06824241336467046,False,True,False,False,False,False
2025-03-05 18:00:00,74.1,1013.35,16.46,0.0,3600.0,14400.0,267.52,-5.95,13.1,100.0,18.8,18,1,3,3,-0.979084087682323,0.2034560130526333,False,True,False,False,False,False
2025-03-05 19:00:00,74.66,1013.5,16.46,0.0,3600.0,14400.0,276.76,-17.01,13.1,100.0,18.7,19,1,3,3,-0.8878852184023756,0.4600650377311516,False,True,False,False,False,False
2025-03-05 20:00:00,74.74,1013.5,16.47,0.0,3600.0,14400.0,288.39,-29.24,13.2,100.0,18.7,20,1,3,3,-0.730835964278124,0.6825531432186542,False,True,False,False,False,False
2025-03-05 21:00:00,74.74,1013.5,16.5,0.0,3600.0,14400.0,301.38,-39.72,13.3,100.0,18.7,21,1,3,3,-0.5195839500354336,0.8544194045464886,False,True,False,False,False,False
2025-03-06 07:00:00,76.18,1011.9,16.51,0.0,3600.0,14400.0,106.07,10.33,12.7,100.0,18.4,7,3,3,2,0.9422609221188205,-0.33487961217098616,False,False,True,False,False,False
2025-03-06 08:00:00,76.29,1012.5,16.49,0.0,3600.0,14400.0,118.04,22.09,13.3,100.0,18.6,8,3,3,2,0.8169698930104421,-0.5766803221148671,False,False,True,False,False,False
2025-03-06 09:00:00,76.35,1012.2,16.5,0.0,3600.0,14400.0,130.96,31.61,13.7,100.0,18.5,9,3,3,3,0.631087944326053,-0.7757112907044197,False,False,True,False,False,False
2025-03-06 10:00:00,76.16,1011.9,16.5,0.0,3600.0,14400.0,146.76,39.23,14.2,100.0,18.5,10,3,3,3,0.3984010898462414,-0.917211301505453,False,False,True,False,False,False
2025-03-06 11:00:00,76.06,1012.2,16.52,0.0,3600.0,14400.0,165.74,43.91,15.0,100.0,18.4,11,3,3,3,0.1361666490962471,-0.9906859460363306,False,False,True,False,False,False
2025-03-06 12:00:00,76.24,1011.73,16.59,0.0,3600.0,14400.0,185.82,44.76,14.4,100.0,18.4,12,2,3,0,-0.1361666490962464,-0.9906859460363308,False,False,True,False,False,False
2025-03-06 13:00:00,76.32,1011.5,16.68,0.0,3600.0,14400.0,205.67,41.65,14.8,100.0,18.4,13,2,3,3,-0.39840108984624156,-0.9172113015054529,False,False,True,False,False,False
2025-03-06 14:00:00,76.04,1010.5,16.72,0.0,3600.0,14400.0,222.87,35.15,15.4,100.0,18.5,14,2,3,3,-0.6310879443260528,-0.7757112907044198,False,False,True,False,False,False
2025-03-06 15:00:00,75.86,1010.2,16.74,0.0,3600.0,14400.0,236.93,26.33,15.1,100.0,18.4,15,2,3,3,-0.816969893010442,-0.5766803221148672,False,False,True,False,False,False
2025-03-06 16:00:00,75.99,1010.65,16.69,0.0,3600.0,14400.0,248.61,16.09,14.8,93.7,18.4,16,2,3,3,-0.9422609221188204,-0.3348796121709864,False,False,True,False,False,False
2025-03-06 17:00:00,76.12,1012.5,16.66,0.0,3600.0,14400.0,259.09,4.87,14.4,66.4,18.4,17,2,3,3,-0.9976687691905393,-0.06824241336467046,False,False,True,False,False,False
2025-03-06 18:00:00,76.13,1011.2,16.61,0.0,3600.0,14400.0,268.03,-5.95,13.6,78.9,18.4,18,1,3,3,-0.979084087682323,0.2034560130526333,False,False,True,False,False,False
2025-03-06 19:00:00,76.23,1011.97,16.55,0.0,3600.0,14400.0,277.29,-17.01,13.2,97.7,18.4,19,1,3,3,-0.8878852184023756,0.4600650377311516,False,False,True,False,False,False
2025-03-06 20:00:00,75.96,1012.2,16.5,0.0,3600.0,14400.0,288.97,-29.21,13.0,89.8,18.3,20,1,3,3,-0.730835964278124,0.6825531432186542,False,False,True,False,False,False
2025-03-06 21:00:00,75.66,1012.35,16.49,0.0,3600.0,14400.0,302.03,-39.63,12.8,84.4,18.3,21,1,3,3,-0.5195839500354336,0.8544194045464886,False,False,True,False,False,False
2025-03-07 08:00:00,69.0,1011.2,17.49,285.0,3600.0,14400.0,123.18,26.92,,,19.1,8,3,3,2,0.8169698930104421,-0.5766803221148671,False,False,False,True,False,False
2025-03-07 09:00:00,70.16,1011.5,17.48,2979.0,3600.0,14400.0,130.47,31.79,13.5,100.0,19.0,9,3,3,3,0.631087944326053,-0.7757112907044197,False,False,False,True,False,False
2025-03-07 10:00:00,68.98,1011.5,18.05,968.0,3600.0,14400.0,146.28,39.48,14.1,100.0,19.0,10,3,3,3,0.3984010898462414,-0.917211301505453,False,False,False,True,False,False
2025-03-07 11:00:00,68.43,1011.25,18.44,161.0,3600.0,14400.0,165.32,44.24,14.9,89.8,19.5,11,3,3,3,0.1361666490962471,-0.9906859460363306,False,False,False,True,False,False
2025-03-07 12:00:00,67.53,1010.0,18.58,372.0,3600.0,14400.0,185.8,45.15,15.9,75.8,20.1,12,2,3,0,-0.1361666490962464,-0.9906859460363308,False,False,False,True,False,False
2025-03-07 13:00:00,67.73,1009.23,18.59,0.0,3600.0,14400.0,205.85,42.01,15.9,49.2,20.2,13,2,3,3,-0.39840108984624156,-0.9172113015054529,False,False,False,True,False,False
2025-03-07 14:00:00,67.46,1008.47,18.78,0.0,3600.0,14400.0,223.12,35.48,15.4,51.6,20.4,14,2,3,3,-0.6310879443260528,-0.7757112907044198,False,False,False,True,False,False
2025-03-07 15:00:00,67.29,1007.65,18.83,0.0,3600.0,14400.0,237.21,26.62,15.3,100.0,20.6,15,2,3,3,-0.816969893010442,-0.5766803221148672,False,False,False,True,False,False
2025-03-07 16:00:00,66.7,1007.47,19.01,0.0,3600.0,14400.0,248.9,16.36,14.8,100.0,21.1,16,2,3,3,-0.9422609221188204,-0.3348796121709864,False,False,False,True,False,False
2025-03-07 17:00:00,66.53,1006.26,19.06,0.0,3600.0,14400.0,259.29,5.23,14.1,100.0,21.1,17,2,3,3,-0.9976687691905393,-0.06824241336467046,False,False,False,True,False,False
2025-03-07 18:00:00,66.55,1006.45,19.17,0.0,3600.0,14400.0,268.18,-5.49,13.5,100.0,21.5,18,1,3,3,-0.979084087682323,0.2034560130526333,False,False,False,True,False,False
2025-03-07 19:00:00,66.32,1005.8,19.27,84.0,3600.0,14400.0,277.82,-17.01,13.2,100.0,21.5,19,1,3,3,-0.8878852184023756,0.4600650377311516,False,False,False,True,False,False
2025-03-07 20:00:00,67.04,1006.95,18.84,0.0,3600.0,14400.0,289.55,-29.19,13.1,99.2,21.7,20,1,3,3,-0.730835964278124,0.6825531432186542,False,False,False,True,False,False
2025-03-07 21:00:00,67.87,1006.45,18.49,0.0,3600.0,14400.0,302.69,-39.56,12.6,96.1,21.7,21,1,3,3,-0.5195839500354336,0.8544194045464886,False,False,False,True,False,False
2025-03-08 07:00:00,69.21,1003.4,17.79,0.0,3600.0,14400.0,105.25,10.6,12.2,100.0,19.7,7,3,3,2,0.9422609221188205,-0.33487961217098616,False,False,False,False,True,False
2025-03-08 08:00:00,69.16,1002.85,17.74,0.0,3600.0,14400.0,116.92,22.18,13.3,100.0,19.6,8,3,3,2,0.8169698930104421,-0.5766803221148671,False,False,False,False,True,False
2025-03-08 09:00:00,69.24,1002.7,17.74,0.0,3600.0,14400.0,129.77,31.84,14.4,97.7,19.6,9,3,3,3,0.631087944326053,-0.7757112907044197,False,False,False,False,True,False
2025-03-08 10:00:00,69.38,1002.37,17.76,0.0,3600.0,14400.0,145.53,39.64,15.4,93.7,19.6,10,3,3,3,0.3984010898462414,-0.917211301505453,False,False,False,False,True,False
2025-03-08 11:00:00,69.66,1001.7,17.76,0.0,3600.0,14400.0,164.59,44.53,16.0,95.3,19.5,11,3,3,3,0.1361666490962471,-0.9906859460363306,False,False,False,False,True,False
2025-03-08 12:00:00,69.95,1001.2,17.79,0.0,3600.0,14400.0,185.71,45.53,16.0,100.0,19.5,12,2,3,0,-0.1361666490962464,-0.9906859460363308,False,False,False,False,True,False
2025-03-08 13:00:00,69.96,999.32,17.78,0.0,3600.0,14400.0,206.03,42.38,16.4,100.0,19.5,13,2,3,3,-0.39840108984624156,-0.9172113015054529,False,False,False,False,True,False
2025-03-08 14:00:00,69.96,998.15,17.78,0.0,3600.0,14400.0,223.38,35.81,16.3,100.0,19.5,14,2,3,3,-0.6310879443260528,-0.7757112907044198,False,False,False,False,True,False
2025-03-08 15:00:00,70.06,997.3,17.79,0.0,3600.0,14400.0,237.5,26.92,15.7,100.0,19.4,15,2,3,3,-0.816969893010442,-0.5766803221148672,False,False,False,False,True,False
2025-03-08 16:00:00,70.25,996.45,17.79,0.0,3600.0,14400.0,249.2,16.62,15.7,100.0,19.4,16,2,3,3,-0.9422609221188204,-0.3348796121709864,False,False,False,False,True,False
2025-03-08 17:00:00,70.54,996.6,17.79,0.0,3600.0,14400.0,259.81,5.22,15.0,100.0,19.4,17,2,3,3,-0.9976687691905393,-0.06824241336467046,False,False,False,False,True,False
2025-03-08 18:00:00,70.69,995.88,17.78,0.0,3600.0,14400.0,268.68,-5.49,14.6,100.0,19.4,18,1,3,3,-0.979084087682323,0.2034560130526333,False,False,False,False,True,False
2025-03-08 19:00:00,70.95,996.02,17.8,0.0,3600.0,14400.0,278.35,-17.0,14.3,100.0,19.4,19,1,3,3,-0.8878852184023756,0.4600650377311516,False,False,False,False,True,False
2025-03-08 20:00:00,71.04,995.85,17.8,0.0,3600.0,14400.0,290.14,-29.16,13.9,100.0,19.4,20,1,3,3,-0.730835964278124,0.6825531432186542,False,False,False,False,True,False
2025-03-08 21:00:00,70.9,996.45,17.78,0.0,3600.0,14400.0,303.34,-39.47,13.7,100.0,19.3,21,1,3,3,-0.5195839500354336,0.8544194045464886,False,False,False,False,True,False
2025-03-09 07:00:00,53.11,996.3,17.14,0.0,3600.0,14400.0,105.24,11.17,9.7,15.6,18.8,7,3,3,2,0.9422609221188205,-0.33487961217098616,False,False,False,False,False,True
2025-03-09 08:00:00,52.37,996.73,17.09,0.0,3600.0,14400.0,117.14,22.91,11.0,18.0,18.7,8,3,3,2,0.8169698930104421,-0.5766803221148671,False,False,False,False,False,True
2025-03-09 09:00:00,50.7,996.73,17.07,0.0,3600.0,14400.0,130.11,32.54,12.7,1.6,18.7,9,3,3,3,0.631087944326053,-0.7757112907044197,False,False,False,False,False,True
2025-03-09 10:00:00,48.72,995.6,17.01,0.0,3600.0,14400.0,146.07,40.27,14.4,16.4,18.7,10,3,3,3,0.3984010898462414,-0.917211301505453,False,False,False,False,False,True
2025-03-09 11:00:00,48.15,996.8,17.04,0.0,3600.0,14400.0,165.38,45.05,15.6,86.7,18.6,11,3,3,3,0.1361666490962471,-0.9906859460363306,False,False,False,False,False,True
2025-03-09 12:00:00,47.09,996.05,17.07,0.0,3600.0,14400.0,185.95,45.92,16.4,29.7,18.6,12,2,3,0,-0.1361666490962464,-0.9906859460363308,False,False,False,False,False,True
2025-03-09 13:00:00,46.47,995.4,17.11,0.0,3600.0,14400.0,206.21,42.75,17.2,10.2,18.6,13,2,3,3,-0.39840108984624156,-0.9172113015054529,False,False,False,False,False,True
2025-03-09 14:00:00,45.99,995.4,17.19,0.0,3600.0,14400.0,223.63,36.14,17.6,21.1,18.5,14,2,3,3,-0.6310879443260528,-0.7757112907044198,False,False,False,False,False,True
2025-03-09 15:00:00,47.67,994.9,17.34,0.0,3600.0,14400.0,237.79,27.21,17.6,57.0,18.5,15,2,3,3,-0.816969893010442,-0.5766803221148672,False,False,False,False,False,True
2025-03-09 16:00:00,49.86,995.3,17.35,0.0,3600.0,14400.0,249.5,16.89,17.0,36.7,18.5,16,2,3,3,-0.9422609221188204,-0.3348796121709864,False,False,False,False,False,True
2025-03-09 17:00:00,50.84,995.75,17.37,0.0,3600.0,14400.0,260.01,5.58,15.7,91.4,18.6,17,2,3,3,-0.9976687691905393,-0.06824241336467046,False,False,False,False,False,True
2025-03-09 18:00:00,51.53,995.95,17.37,0.0,3600.0,14400.0,268.39,-4.47,14.4,100.0,18.6,18,1,3,3,-0.979084087682323,0.2034560130526333,False,False,False,False,False,True
2025-03-09 19:00:00,52.05,997.12,17.33,0.0,3600.0,14400.0,278.16,-16.17,13.1,100.0,18.6,19,1,3,3,-0.8878852184023756,0.4600650377311516,False,False,False,False,False,True
2025-03-09 20:00:00,52.28,997.97,17.34,0.0,3600.0,14400.0,290.72,-29.13,13.1,1.6,18.6,20,1,3,3,-0.730835964278124,0.6825531432186542,False,False,False,False,False,True
2025-03-09 21:00:00,52.19,998.15,17.3,0.0,3600.0,14400.0,303.99,-39.39,11.7,63.3,18.6,21,1,3,3,-0.5195839500354336,0.8544194045464886,False,False,False,False,False,True
2025-03-10 07:00:00,53.81,998.0,17.18,379.0,2240.25,8961.0,104.93,11.42,9.5,84.4,18.5,7,3,3,2,0.9422609221188205,-0.33487961217098616,False,False,False,False,False,False
2025-03-10 08:00:00,55.33,998.65,17.73,694.0,900.0,3600.0,116.58,22.96,10.7,20.3,18.4,8,3,3,2,0.8169698930104421,-0.5766803221148671,False,False,False,False,False,False
2025-03-10 09:00:00,52.72,998.6,18.3,452.0,900.0,3600.0,129.51,32.65,13.0,39.8,18.5,9,3,3,3,0.631087944326053,-0.7757112907044197,False,False,False,False,False,False
2025-03-10 10:00:00,50.02,998.6,18.58,0.0,900.0,3600.0,145.44,40.48,14.6,71.9,19.0,10,3,3,3,0.3984010898462414,-0.917211301505453,False,False,False,False,False,False
2025-03-10 11:00:00,47.6,998.3,18.86,0.0,900.0,3600.0,164.79,45.36,15.5,18.7,19.5,11,3,3,3,0.1361666490962471,-0.9906859460363306,False,False,False,False,False,False
2025-03-10 12:00:00,46.43,998.1,18.96,259.0,900.0,3600.0,186.6,46.24,16.9,84.4,19.8,12,2,3,0,-0.1361666490962464,-0.9906859460363308,False,False,False,False,False,False
2025-03-10 13:00:00,44.93,997.45,19.12,0.0,900.0,3600.0,207.66,42.76,17.5,95.3,20.1,13,2,3,3,-0.39840108984624156,-0.9172113015054529,False,False,False,False,False,False
2025-03-10 14:00:00,44.23,997.45,19.22,0.0,900.0,3600.0,224.93,35.93,17.7,60.2,20.3,14,2,3,3,-0.6310879443260528,-0.7757112907044198,False,False,False,False,False,False
2025-03-10 15:00:00,45.5,997.15,19.68,3374.0,2100.5,8402.0,238.92,26.85,18.2,69.5,20.5,15,2,3,3,-0.816969893010442,-0.5766803221148672,False,False,False,False,False,False
2025-03-10 16:00:00,41.66,997.8,20.42,3600.0,2700.0,10800.0,250.51,16.44,17.6,70.3,20.7,16,2,3,3,-0.9422609221188204,-0.3348796121709864,False,False,False,False,False,False
2025-03-10 17:00:00,46.06,998.45,20.75,798.0,2700.0,10800.0,260.7,5.38,15.8,86.7,20.9,17,2,3,3,-0.9976687691905393,-0.06824241336467046,False,False,False,False,False,False
2025-03-10 18:00:00,51.79,999.0,21.1,2642.0,2700.0,10800.0,268.9,-4.47,14.4,100.0,21.0,18,1,3,3,-0.979084087682323,0.2034560130526333,False,False,False,False,False,False
2025-03-10 19:00:00,54.01,999.3,21.26,432.0,2700.0,10800.0,278.7,-16.16,13.1,100.0,21.8,19,1,3,3,-0.8878852184023756,0.4600650377311516,False,False,False,False,False,False
2025-03-10 20:00:00,54.4,999.7,20.47,0.0,2700.0,10800.0,291.32,-29.1,13.0,100.0,21.9,20,1,3,3,-0.730835964278124,0.6825531432186542,False,False,False,False,False,False
2025-03-10 21:00:00,55.24,1000.0,19.86,0.0,2700.0,10800.0,304.65,-39.29,12.4,98.4,22.0,21,1,3,3,-0.5195839500354336,0.8544194045464886,False,False,False,False,False,False
2025-03-11 07:00:00,51.92,999.0,19.08,405.0,2700.0,10800.0,104.95,12.01,11.5,100.0,20.0,7,3,3,2,0.9422609221188205,-0.33487961217098616,True,False,False,False,False,False
2025-03-11 08:00:00,50.54,998.73,19.33,0.0,2700.0,10800.0,116.8,23.7,11.7,100.0,20.4,8,3,3,2,0.8169698930104421,-0.5766803221148671,True,False,False,False,False,False
2025-03-11 09:00:00,49.07,998.8,19.57,117.0,2700.0,10800.0,129.86,33.35,13.4,78.9,20.9,9,3,3,3,0.631087944326053,-0.7757112907044197,True,False,False,False,False,False
2025-03-11 10:00:00,48.38,998.15,19.62,19.0,2700.0,10800.0,146.0,41.11,16.0,76.6,21.2,10,3,3,3,0.3984010898462414,-0.917211301505453,True,False,False,False,False,False
2025-03-11 11:00:00,47.52,998.22,19.27,130.0,2700.0,10800.0,165.6,45.87,17.5,91.4,21.5,11,3,3,3,0.1361666490962471,-0.9906859460363306,True,False,False,False,False,False
2025-03-11 12:00:00,46.77,996.8,19.17,402.0,2700.0,10800.0,187.29,46.61,18.4,44.5,21.4,12,2,3,0,-0.1361666490962464,-0.9906859460363308,True,False,False,False,False,False
2025-03-11 13:00:00,45.94,995.6,19.19,0.0,2700.0,10800.0,207.86,43.13,19.2,100.0,21.1,13,2,3,3,-0.39840108984624156,-0.9172113015054529,True,False,False,False,False,False
2025-03-11 14:00:00,44.15,994.98,19.24,358.0,2700.0,10800.0,225.2,36.26,18.0,100.0,20.9,14,2,3,3,-0.6310879443260528,-0.7757112907044198,True,False,False,False,False,False
2025-03-11 15:00:00,49.88,996.28,20.0,28.0,647.5,2590.0,239.22,27.15,15.7,96.1,20.8,15,2,3,3,-0.816969893010442,-0.5766803221148672,True,False,False,False,False,False
2025-03-11 16:00:00,52.87,995.8,21.04,2692.0,0.0,0.0,250.81,16.71,16.8,99.2,20.7,16,2,3,3,-0.9422609221188204,-0.3348796121709864,True,False,False,False,False,False
2025-03-11 17:00:00,51.89,995.6,21.26,1976.0,0.0,0.0,261.05,5.56,16.9,98.4,21.0,17,2,3,3,-0.9976687691905393,-0.06824241336467046,True,False,False,False,False,False
2025-03-11 18:00:00,53.47,996.14,21.65,737.0,0.0,0.0,269.09,-4.06,15.1,55.5,21.3,18,1,3,3,-0.979084087682323,0.2034560130526333,True,False,False,False,False,False
2025-03-11 19:00:00,53.62,996.6,21.92,505.0,0.0,0.0,279.23,-16.16,14.0,36.7,21.7,19,1,3,3,-0.8878852184023756,0.4600650377311516,True,False,False,False,False,False
2025-03-11 20:00:00,52.88,996.72,21.0,0.0,0.0,0.0,291.91,-29.07,13.7,35.2,21.8,20,1,3,3,-0.730835964278124,0.6825531432186542,True,False,False,False,False,False
2025-03-11 21:00:00,53.06,996.72,20.4,0.0,0.0,0.0,305.31,-39.21,,,21.9,21,1,3,3,-0.5195839500354336,0.8544194045464886,True,False,False,False,False,False
2025-03-12 07:00:00,50.29,999.0,19.62,0.0,0.0,0.0,104.65,12.28,10.7,5.5,20.6,7,3,3,2,0.9422609221188205,-0.33487961217098616,False,True,False,False,False,False
2025-03-12 08:00:00,49.21,998.87,20.01,0.0,0.0,0.0,116.23,23.74,12.6,1.6,20.8,8,3,3,2,0.8169698930104421,-0.5766803221148671,False,True,False,False,False,False
2025-03-12 09:00:00,46.9,999.0,20.11,0.0,0.0,0.0,129.25,33.46,14.7,0.0,21.2,9,3,3,3,0.631087944326053,-0.7757112907044197,False,True,False,False,False,False
2025-03-12 10:00:00,43.82,998.79,20.08,0.0,0.0,0.0,145.36,41.31,16.3,0.0,21.5,10,3,3,3,0.3984010898462414,-0.917211301505453,False,True,False,False,False,False
2025-03-12 11:00:00,42.45,998.06,20.2,526.0,0.0,0.0,165.0,46.19,17.9,7.0,21.5,11,3,3,3,0.1361666490962471,-0.9906859460363306,False,True,False,False,False,False
2025-03-12 12:00:00,41.81,996.72,20.43,475.0,0.0,0.0,186.79,47.03,19.3,71.1,21.4,12,2,3,0,-0.1361666490962464,-0.9906859460363308,False,True,False,False,False,False
2025-03-12 13:00:00,39.84,996.33,20.18,0.0,0.0,0.0,208.05,43.49,20.1,34.4,21.5,13,2,3,3,-0.39840108984624156,-0.9172113015054529,False,True,False,False,False,False
2025-03-12 14:00:00,38.72,996.1,19.9,124.0,0.0,0.0,225.47,36.59,21.2,68.0,21.5,14,2,3,3,-0.6310879443260528,-0.7757112907044198,False,True,False,False,False,False
2025-03-12 15:00:00,42.28,995.72,20.36,319.0,0.0,0.0,239.51,27.44,19.6,95.3,21.3,15,2,3,3,-0.816969893010442,-0.5766803221148672,False,True,False,False,False,False
2025-03-12 16:00:00,44.71,995.68,21.54,98.0,0.0,0.0,251.11,16.97,18.4,100.0,21.3,16,2,3,3,-0.9422609221188204,-0.3348796121709864,False,True,False,False,False,False
2025-03-12 17:00:00,44.04,996.1,21.1,2790.0,523.25,2093.0,261.42,5.74,17.3,99.2,21.6,17,2,3,3,-0.9976687691905393,-0.06824241336467046,False,True,False,False,False,False
2025-03-12 18:00:00,42.22,996.45,21.31,3600.0,900.0,3600.0,269.63,-4.09,,,21.7,18,1,3,3,-0.979084087682323,0.2034560130526333,False,True,False,False,False,False
2025-03-12 19:00:00,43.87,997.15,21.74,768.0,900.0,3600.0,279.76,-16.16,15.4,99.2,21.7,19,1,3,3,-0.8878852184023756,0.4600650377311516,False,True,False,False,False,False
2025-03-12 20:00:00,44.19,997.45,21.26,0.0,900.0,3600.0,292.5,-29.03,14.5,100.0,21.8,20,1,3,3,-0.730835964278124,0.6825531432186542,False,True,False,False,False,False
2025-03-12 21:00:00,42.94,996.62,20.56,0.0,900.0,3600.0,305.97,-39.11,13.9,100.0,22.0,21,1,3,3,-0.5195839500354336,0.8544194045464886,False,True,False,False,False,False
2025-03-13 07:00:00,44.43,994.86,20.24,1400.0,900.0,3600.0,104.12,12.29,10.4,100.0,20.9,7,3,3,2,0.9422609221188205,-0.33487961217098616,False,False,True,False,False,False
2025-03-13 08:00:00,44.6,994.57,20.66,1257.0,900.0,3600.0,115.66,23.79,11.6,100.0,21.2,8,3,3,2,0.8169698930104421,-0.5766803221148671,False,False,True,False,False,False
2025-03-13 09:00:00,43.17,993.9,20.61,544.0,900.0,3600.0,128.64,33.57,13.4,100.0,21.7,9,3,3,3,0.631087944326053,-0.7757112907044197,False,False,True,False,False,False
2025-03-13 10:00:00,44.7,993.75,20.48,2381.0,900.0,3600.0,144.73,41.52,14.2,100.0,22.0,10,3,3,3,0.3984010898462414,-0.917211301505453,False,False,True,False,False,False
2025-03-13 11:00:00,45.3,992.72,20.29,178.0,900.0,3600.0,164.41,46.51,14.7,100.0,22.0,11,3,3,3,0.1361666490962471,-0.9906859460363306,False,False,True,False,False,False
2025-03-13 12:00:00,45.65,992.12,20.1,11.0,900.0,3600.0,186.74,47.41,,,22.0,12,2,3,0,-0.1361666490962464,-0.9906859460363308,False,False,True,False,False,False
2025-03-13 13:00:00,46.38,991.77,19.95,0.0,900.0,3600.0,208.25,43.86,,,21.8,13,2,3,3,-0.39840108984624156,-0.9172113015054529,False,False,True,False,False,False
2025-03-13 14:00:00,47.43,990.87,19.85,798.0,900.0,3600.0,225.74,36.92,,,21.7,14,2,3,3,-0.6310879443260528,-0.7757112907044198,False,False,True,False,False,False
2025-03-13 15:00:00,55.5,990.0,20.67,3506.0,900.0,3600.0,239.81,27.73,13.7,100.0,21.7,15,2,3,3,-0.816969893010442,-0.5766803221148672,False,False,True,False,False,False
2025-03-13 16:00:00,57.08,989.13,21.66,474.0,900.0,3600.0,251.41,17.24,14.0,100.0,21.6,16,2,3,3,-0.9422609221188204,-0.3348796121709864,False,False,True,False,False,False
2025-03-13 17:00:00,57.05,990.35,21.45,1443.0,900.0,3600.0,261.77,5.93,13.6,100.0,21.7,17,2,3,3,-0.9976687691905393,-0.06824241336467046,False,False,True,False,False,False
2025-03-13 18:00:00,55.37,990.53,22.04,2177.0,900.0,3600.0,269.87,-3.75,12.6,100.0,21.8,18,1,3,3,-0.979084087682323,0.2034560130526333,False,False,True,False,False,False
2025-03-13 19:00:00,57.45,991.3,22.2,1032.0,900.0,3600.0,280.3,-16.15,12.0,61.7,22.0,19,1,3,3,-0.8878852184023756,0.4600650377311516,False,False,True,False,False,False
2025-03-13 20:00:00,57.6,991.63,21.22,0.0,900.0,3600.0,293.1,-29.0,10.2,70.3,22.1,20,1,3,3,-0.730835964278124,0.6825531432186542,False,False,True,False,False,False
2025-03-13 21:00:00,56.88,992.2,20.6,0.0,900.0,3600.0,306.63,-39.01,9.6,98.4,22.0,21,1,3,3,-0.5195839500354336,0.8544194045464886,False,False,True,False,False,False
2025-03-14 07:00:00,52.43,994.38,19.67,28.0,900.0,3600.0,104.16,12.92,10.1,100.0,21.1,7,3,3,2,0.9422609221188205,-0.33487961217098616,False,False,False,True,False,False
2025-03-14 08:00:00,51.3,994.38,20.11,51.0,900.0,3600.0,115.88,24.53,10.0,100.0,21.0,8,3,3,2,0.8169698930104421,-0.5766803221148671,False,False,False,True,False,False
2025-03-14 09:00:00,51.03,995.5,20.2,56.0,900.0,3600.0,128.99,34.28,10.2,100.0,21.6,9,3,3,3,0.631087944326053,-0.7757112907044197,False,False,False,True,False,False
2025-03-14 10:00:00,51.94,995.45,19.76,0.0,900.0,3600.0,145.28,42.16,10.5,100.0,22.0,10,3,3,3,0.3984010898462414,-0.917211301505453,False,False,False,True,False,False
2025-03-14 11:00:00,52.28,995.45,19.61,7.0,900.0,3600.0,165.23,47.02,,,22.0,11,3,3,3,0.1361666490962471,-0.9906859460363306,False,False,False,True,False,False
2025-03-14 12:00:00,53.07,995.3,19.5,1040.0,900.0,3600.0,187.45,47.78,11.1,100.0,21.7,12,2,3,0,-0.1361666490962464,-0.9906859460363308,False,False,False,True,False,False
2025-03-14 13:00:00,53.13,995.6,19.39,0.0,900.0,3600.0,208.45,44.23,11.1,100.0,21.5,13,2,3,3,-0.39840108984624156,-0.9172113015054529,False,False,False,True,False,False
2025-03-14 14:00:00,53.14,995.75,19.39,0.0,900.0,3600.0,226.02,37.24,10.7,100.0,21.5,14,2,3,3,-0.6310879443260528,-0.7757112907044198,False,False,False,True,False,False
2025-03-14 15:00:00,52.1,995.75,19.94,0.0,900.0,3600.0,240.11,28.02,10.7,100.0,21.5,15,2,3,3,-0.816969893010442,-0.5766803221148672,False,False,False,True,False,False
2025-03-14 16:00:00,51.52,996.17,20.14,0.0,900.0,3600.0,251.72,17.51,10.5,100.0,21.7,16,2,3,3,-0.9422609221188204,-0.3348796121709864,False,False,False,True,False,False
2025-03-14 17:00:00,52.08,997.3,19.72,0.0,900.0,3600.0,262.28,5.94,10.0,100.0,22.1,17,2,3,3,-0.9976687691905393,-0.06824241336467046,False,False,False,True,False,False
2025-03-14 18:00:00,52.23,998.63,19.53,0.0,900.0,3600.0,270.39,-3.75,9.7,100.0,22.2,18,1,3,3,-0.979084087682323,0.2034560130526333,False,False,False,True,False,False
2025-03-14 19:00:00,51.96,999.33,19.59,64.0,900.0,3600.0,280.85,-16.15,9.3,100.0,22.1,19,1,3,3,-0.8878852184023756,0.4600650377311516,False,False,False,True,False,False
2025-03-14 20:00:00,51.51,1000.33,19.62,0.0,900.0,3600.0,293.7,-28.96,9.3,100.0,21.9,20,1,3,3,-0.730835964278124,0.6825531432186542,False,False,False,True,False,False
2025-03-14 21:00:00,51.94,1001.2,19.33,0.0,900.0,3600.0,307.29,-38.91,9.1,100.0,22.2,21,1,3,3,-0.5195839500354336,0.8544194045464886,False,False,False,True,False,False
2025-03-15 07:00:00,44.59,1007.13,18.16,0.0,900.0,3600.0,103.88,13.21,4.5,0.0,20.6,7,3,3,2,0.9422609221188205,-0.33487961217098616,False,False,False,False,True,False
2025-03-15 08:00:00,42.34,1007.95,17.96,0.0,900.0,3600.0,115.31,24.57,,,20.4,8,3,3,2,0.8169698930104421,-0.5766803221148671,False,False,False,False,True,False
2025-03-15 09:00:00,39.53,1008.77,17.75,0.0,900.0,3600.0,128.37,34.39,9.1,0.0,20.3,9,3,3,3,0.631087944326053,-0.7757112907044197,False,False,False,False,True,False
2025-03-15 10:00:00,37.52,1008.33,17.71,0.0,900.0,3600.0,144.64,42.36,11.4,0.0,20.1,10,3,3,3,0.3984010898462414,-0.917211301505453,False,False,False,False,True,False
2025-03-15 11:00:00,36.13,1008.3,17.64,0.0,900.0,3600.0,164.63,47.34,13.1,0.0,20.0,11,3,3,3,0.1361666490962471,-0.9906859460363306,False,False,False,False,True,False
2025-03-15 12:00:00,34.84,1008.13,17.55,0.0,900.0,3600.0,186.94,48.2,14.3,0.0,19.9,12,2,3,0,-0.1361666490962464,-0.9906859460363308,False,False,False,False,True,False
2025-03-15 13:00:00,34.08,1008.13,17.53,0.0,900.0,3600.0,208.65,44.59,15.5,11.7,19.8,13,2,3,3,-0.39840108984624156,-0.9172113015054529,False,False,False,False,True,False
2025-03-15 14:00:00,33.87,1008.13,17.52,0.0,900.0,3600.0,226.29,37.57,16.5,44.5,19.7,14,2,3,3,-0.6310879443260528,-0.7757112907044198,False,False,False,False,True,False
2025-03-15 15:00:00,33.92,1008.13,17.58,0.0,900.0,3600.0,240.41,28.32,15.8,93.7,19.6,15,2,3,3,-0.816969893010442,-0.5766803221148672,False,False,False,False,True,False
2025-03-15 16:00:00,34.57,1007.95,17.61,0.0,900.0,3600.0,252.02,17.78,14.5,72.7,19.6,16,2,3,3,-0.9422609221188204,-0.3348796121709864,False,False,False,False,True,False
2025-03-15 17:00:00,35.53,1008.8,17.66,0.0,900.0,3600.0,262.49,6.3,14.1,39.8,19.6,17,2,3,3,-0.9976687691905393,-0.06824241336467046,False,False,False,False,True,False
2025-03-15 18:00:00,36.89,1009.65,17.66,0.0,900.0,3600.0,270.65,-3.43,12.3,5.5,19.6,18,1,3,3,-0.979084087682323,0.2034560130526333,False,False,False,False,True,False
2025-03-15 19:00:00,37.76,1009.93,17.68,0.0,900.0,3600.0,281.38,-16.15,11.2,0.0,19.6,19,1,3,3,-0.8878852184023756,0.4600650377311516,False,False,False,False,True,False
2025-03-15 20:00:00,38.73,1010.8,17.67,0.0,900.0,3600.0,294.3,-28.92,9.9,0.8,19.6,20,1,3,3,-0.730835964278124,0.6825531432186542,False,False,False,False,True,False
2025-03-15 21:00:00,39.62,1011.2,17.66,0.0,900.0,3600.0,307.95,-38.81,8.5,0.0,19.6,21,1,3,3,-0.5195839500354336,0.8544194045464886,False,False,False,False,True,False
2025-03-16 07:00:00,43.01,1011.9,17.3,0.0,900.0,3600.0,103.95,13.87,6.1,67.2,19.2,7,3,3,2,0.9422609221188205,-0.33487961217098616,False,False,False,False,False,True
2025-03-16 08:00:00,43.14,1012.2,17.28,0.0,900.0,3600.0,115.53,25.32,8.6,76.6,19.2,8,3,3,2,0.8169698930104421,-0.5766803221148671,False,False,False,False,False,True
2025-03-16 09:00:00,43.38,1012.0,17.29,0.0,900.0,3600.0,128.73,35.11,10.9,96.9,19.1,9,3,3,3,0.631087944326053,-0.7757112907044197,False,False,False,False,False,True
2025-03-16 10:00:00,43.7,1012.05,17.27,0.0,900.0,3600.0,145.21,43.01,12.8,99.2,19.1,10,3,3,3,0.3984010898462414,-0.917211301505453,False,False,False,False,False,True
2025-03-16 11:00:00,44.2,1011.9,17.21,0.0,900.0,3600.0,165.47,47.86,13.0,100.0,19.1,11,3,3,3,0.1361666490962471,-0.9906859460363306,False,False,False,False,False,True
2025-03-16 12:00:00,44.72,1011.3,17.2,0.0,900.0,3600.0,187.64,48.57,12.0,71.9,19.0,12,2,3,0,-0.1361666490962464,-0.9906859460363308,False,False,False,False,False,True
2025-03-16 13:00:00,45.17,1010.44,17.23,0.0,900.0,3600.0,208.86,44.96,12.2,63.3,19.0,13,2,3,3,-0.39840108984624156,-0.9172113015054529,False,False,False,False,False,True
2025-03-16 14:00:00,46.01,1010.55,17.22,0.0,900.0,3600.0,226.57,37.9,12.2,35.9,19.0,14,2,3,3,-0.6310879443260528,-0.7757112907044198,False,False,False,False,False,True
2025-03-16 15:00:00,47.32,1009.1,17.24,0.0,900.0,3600.0,240.71,28.61,13.5,24.2,19.0,15,2,3,3,-0.816969893010442,-0.5766803221148672,False,False,False,False,False,True
2025-03-16 16:00:00,48.36,1009.3,17.29,0.0,900.0,3600.0,252.33,18.04,14.1,15.6,19.0,16,2,3,3,-0.9422609221188204,-0.3348796121709864,False,False,False,False,False,True
2025-03-16 17:00:00,48.98,1009.83,17.31,0.0,900.0,3600.0,262.99,6.32,13.9,15.6,19.0,17,2,3,3,-0.9976687691905393,-0.06824241336467046,False,False,False,False,False,True
2025-03-16 18:00:00,48.78,1010.83,17.27,0.0,900.0,3600.0,270.74,-2.92,12.7,13.3,19.0,18,1,3,3,-0.979084087682323,0.2034560130526333,False,False,False,False,False,True
2025-03-16 19:00:00,48.98,1011.87,17.21,0.0,900.0,3600.0,281.23,-15.36,12.2,2.3,18.9,19,1,3,3,-0.8878852184023756,0.4600650377311516,False,False,False,False,False,True
2025-03-16 20:00:00,49.34,1012.7,17.22,0.0,900.0,3600.0,294.89,-28.88,11.3,0.0,18.9,20,1,3,3,-0.730835964278124,0.6825531432186542,False,False,False,False,False,True
2025-03-16 21:00:00,49.75,1012.85,17.21,0.0,900.0,3600.0,308.61,-38.71,10.1,2.3,18.9,21,1,3,3,-0.5195839500354336,0.8544194045464886,False,False,False,False,False,True
2025-03-17 07:00:00,49.88,1013.5,16.84,0.0,900.0,3600.0,103.69,14.19,6.6,100.0,18.5,7,3,3,2,0.9422609221188205,-0.33487961217098616,False,False,False,False,False,False
2025-03-17 08:00:00,50.12,1012.5,16.76,0.0,900.0,3600.0,114.95,25.37,8.9,100.0,18.5,8,3,3,2,0.8169698930104421,-0.5766803221148671,False,False,False,False,False,False
2025-03-17 09:00:00,50.39,1014.2,16.7,0.0,900.0,3600.0,128.1,35.22,9.8,100.0,18.4,9,3,3,3,0.631087944326053,-0.7757112907044197,False,False,False,False,False,False
2025-03-17 10:00:00,50.64,1014.6,16.69,0.0,900.0,3600.0,144.55,43.21,10.3,100.0,18.4,10,3,3,3,0.3984010898462414,-0.917211301505453,False,False,False,False,False,False
2025-03-17 11:00:00,51.43,1014.2,16.56,0.0,900.0,3600.0,164.86,48.18,10.3,100.0,18.3,11,3,3,3,0.1361666490962471,-0.9906859460363306,False,False,False,False,False,False
2025-03-17 12:00:00,51.41,1013.0,16.56,0.0,900.0,3600.0,187.63,48.96,10.9,100.0,18.3,12,2,3,0,-0.1361666490962464,-0.9906859460363308,False,False,False,False,False,False
2025-03-17 13:00:00,51.55,1013.05,16.54,0.0,900.0,3600.0,209.07,45.32,11.4,100.0,18.2,13,2,3,3,-0.39840108984624156,-0.9172113015054529,False,False,False,False,False,False
2025-03-17 14:00:00,51.39,1013.1,16.49,0.0,900.0,3600.0,226.85,38.22,11.0,100.0,18.2,14,2,3,3,-0.6310879443260528,-0.7757112907044198,False,False,False,False,False,False
2025-03-17 15:00:00,51.28,1012.53,16.43,0.0,900.0,3600.0,241.01,28.9,10.7,100.0,18.1,15,2,3,3,-0.816969893010442,-0.5766803221148672,False,False,False,False,False,False
2025-03-17 16:00:00,51.32,1012.7,16.4,0.0,900.0,3600.0,252.63,18.31,11.0,100.0,18.1,16,2,3,3,-0.9422609221188204,-0.3348796121709864,False,False,False,False,False,False
2025-03-17 17:00:00,51.38,1012.35,16.39,0.0,900.0,3600.0,263.32,6.54,10.8,100.0,18.1,17,2,3,3,-0.9976687691905393,-0.06824241336467046,False,False,False,False,False,False
2025-03-17 18:00:00,51.41,1012.87,16.38,0.0,900.0,3600.0,271.03,-2.63,10.5,100.0,18.0,18,1,3,3,-0.979084087682323,0.2034560130526333,False,False,False,False,False,False
2025-03-17 19:00:00,51.61,1013.5,16.34,0.0,900.0,3600.0,280.78,-14.29,10.1,100.0,18.0,19,1,3,3,-0.8878852184023756,0.4600650377311516,False,False,False,False,False,False
2025-03-17 20:00:00,51.7,1013.5,16.29,0.0,900.0,3600.0,291.51,-25.31,9.9,100.0,18.0,20,1,3,3,-0.730835964278124,0.6825531432186542,False,False,False,False,False,False
2025-03-17 21:00:00,51.64,1013.5,16.28,0.0,900.0,3600.0,304.33,-35.52,9.7,100.0,17.9,21,1,3,3,-0.5195839500354336,0.8544194045464886,False,False,False,False,False,False
2025-03-18 07:00:00,54.08,1011.55,15.88,0.0,900.0,3600.0,103.16,14.2,10.5,100.0,17.5,7,3,3,2,0.9422609221188205,-0.33487961217098616,True,False,False,False,False,False
2025-03-18 08:00:00,54.9,1012.35,15.86,0.0,900.0,3600.0,114.38,25.41,10.7,100.0,17.5,8,3,3,2,0.8169698930104421,-0.5766803221148671,True,False,False,False,False,False
2025-03-18 09:00:00,55.54,1012.7,15.83,0.0,900.0,3600.0,127.48,35.32,11.2,100.0,17.5,9,3,3,3,0.631087944326053,-0.7757112907044197,True,False,False,False,False,False
2025-03-18 10:00:00,56.0,1013.2,15.8,0.0,900.0,3600.0,143.89,43.41,11.8,100.0,17.5,10,3,3,3,0.3984010898462414,-0.917211301505453,True,False,False,False,False,False
2025-03-18 11:00:00,56.64,1013.2,15.74,0.0,900.0,3600.0,164.25,48.49,12.0,100.0,17.4,11,3,3,3,0.1361666490962471,-0.9906859460363306,True,False,False,False,False,False
2025-03-18 12:00:00,56.78,1012.9,15.79,0.0,900.0,3600.0,187.11,49.37,11.9,100.0,17.4,12,2,3,0,-0.1361666490962464,-0.9906859460363308,True,False,False,False,False,False
2025-03-18 13:00:00,57.04,1012.5,15.74,0.0,900.0,3600.0,209.28,45.69,12.8,100.0,17.4,13,2,3,3,-0.39840108984624156,-0.9172113015054529,True,False,False,False,False,False
2025-03-18 14:00:00,57.36,1012.9,15.71,0.0,900.0,3600.0,227.14,38.55,12.5,100.0,17.4,14,2,3,3,-0.6310879443260528,-0.7757112907044198,True,False,False,False,False,False
2025-03-18 15:00:00,57.94,1012.5,15.7,0.0,900.0,3600.0,241.32,29.19,11.8,100.0,17.3,15,2,3,3,-0.816969893010442,-0.5766803221148672,True,False,False,False,False,False
2025-03-18 16:00:00,58.67,1012.7,15.67,0.0,900.0,3600.0,252.94,18.58,12.0,100.0,17.4,16,2,3,3,-0.9422609221188204,-0.3348796121709864,True,False,False,False,False,False
2025-03-18 17:00:00,59.16,1012.88,15.68,0.0,900.0,3600.0,263.7,6.7,12.2,100.0,17.4,17,2,3,3,-0.9976687691905393,-0.06824241336467046,True,False,False,False,False,False
2025-03-18 18:00:00,59.72,1013.3,15.64,0.0,900.0,3600.0,271.54,-2.63,12.1,100.0,17.3,18,1,3,3,-0.979084087682323,0.2034560130526333,True,False,False,False,False,False
2025-03-18 19:00:00,60.05,1014.4,15.61,0.0,900.0,3600.0,281.32,-14.29,11.9,100.0,17.3,19,1,3,3,-0.8878852184023756,0.4600650377311516,True,False,False,False,False,False
2025-03-18 20:00:00,60.75,1015.05,15.63,0.0,900.0,3600.0,292.1,-25.29,,,17.2,20,1,3,3,-0.730835964278124,0.6825531432186542,True,False,False,False,False,False
2025-03-18 21:00:00,61.03,1015.9,15.64,0.0,900.0,3600.0,304.97,-35.44,11.7,100.0,17.2,21,1,3,3,-0.5195839500354336,0.8544194045464886,True,False,False,False,False,False
2025-03-19 07:00:00,64.68,1016.27,15.46,0.0,900.0,3600.0,103.26,14.91,11.5,71.1,16.8,7,3,3,2,0.9422609221188205,-0.33487961217098616,False,True,False,False,False,False
2025-03-19 08:00:00,65.04,1016.9,15.42,0.0,900.0,3600.0,114.6,26.16,13.1,38.3,16.8,8,3,3,2,0.8169698930104421,-0.5766803221148671,False,True,False,False,False,False
2025-03-19 09:00:00,65.72,1016.9,15.44,0.0,900.0,3600.0,127.83,36.04,14.7,98.4,16.8,9,3,3,3,0.631087944326053,-0.7757112907044197,False,True,False,False,False,False
2025-03-19 10:00:00,66.56,1016.6,15.45,0.0,900.0,3600.0,144.47,44.06,15.3,100.0,16.8,10,3,3,3,0.3984010898462414,-0.917211301505453,False,True,False,False,False,False
2025-03-19 11:00:00,67.17,1016.75,15.44,0.0,900.0,3600.0,165.11,49.02,15.5,98.4,16.8,11,3,3,3,0.1361666490962471,-0.9906859460363306,False,True,False,False,False,False
2025-03-19 12:00:00,68.1,1016.3,15.51,0.0,900.0,3600.0,187.82,49.74,16.0,88.3,16.8,12,2,3,0,-0.1361666490962464,-0.9906859460363308,False,True,False,False,False,False
2025-03-19 13:00:00,68.72,1015.92,15.51,0.0,900.0,3600.0,209.49,46.05,16.8,88.3,16.9,13,2,3,3,-0.39840108984624156,-0.9172113015054529,False,True,False,False,False,False
2025-03-19 14:00:00,69.39,1015.2,15.58,0.0,900.0,3600.0,227.42,38.88,16.5,78.1,16.9,14,2,3,3,-0.6310879443260528,-0.7757112907044198,False,True,False,False,False,False
2025-03-19 15:00:00,69.9,1015.2,15.66,0.0,900.0,3600.0,241.63,29.48,16.4,54.7,16.9,15,2,3,3,-0.816969893010442,-0.5766803221148672,False,True,False,False,False,False
2025-03-19 16:00:00,70.12,1015.2,15.7,0.0,900.0,3600.0,253.25,18.84,15.8,99.2,16.9,16,2,3,3,-0.9422609221188204,-0.3348796121709864,False,True,False,False,False,False
2025-03-19 17:00:00,70.46,1015.2,15.78,0.0,900.0,3600.0,264.02,6.93,,,16.9,17,2,3,3,-0.9976687691905393,-0.06824241336467046,False,True,False,False,False,False
2025-03-19 18:00:00,70.45,1015.2,15.79,0.0,900.0,3600.0,271.84,-2.35,14.4,100.0,17.0,18,1,3,3,-0.979084087682323,0.2034560130526333,False,True,False,False,False,False
2025-03-19 19:00:00,70.29,1015.93,15.75,0.0,900.0,3600.0,281.86,-14.28,13.7,99.2,17.0,19,1,3,3,-0.8878852184023756,0.4600650377311516,False,True,False,False,False,False
2025-03-19 20:00:00,70.1,1016.25,15.78,0.0,900.0,3600.0,292.68,-25.26,13.5,100.0,17.0,20,1,3,3,-0.730835964278124,0.6825531432186542,False,True,False,False,False,False
2025-03-19 21:00:00,69.96,1016.9,15.8,0.0,900.0,3600.0,305.62,-35.35,13.5,100.0,17.0,21,1,3,3,-0.5195839500354336,0.8544194045464886,False,True,False,False,False,False
2025-03-20 07:00:00,69.71,1015.05,17.12,0.0,900.0,3600.0,103.03,15.27,13.8,100.0,17.3,7,3,3,2,0.9422609221188205,-0.33487961217098616,False,False,True,False,False,False
2025-03-20 08:00:00,69.35,1014.9,17.44,0.0,900.0,3600.0,114.03,26.2,14.2,100.0,18.1,8,3,3,2,0.8169698930104421,-0.5766803221148671,False,False,True,False,False,False
2025-03-20 09:00:00,69.19,1014.6,17.52,106.0,900.0,3600.0,127.21,36.15,14.6,100.0,18.5,9,3,3,3,0.631087944326053,-0.7757112907044197,False,False,True,False,False,False
2025-03-20 10:00:00,69.31,1014.75,17.62,5.0,900.0,3600.0,143.81,44.27,15.2,100.0,18.9,10,3,3,3,0.3984010898462414,-0.917211301505453,False,False,True,False,False,False
2025-03-20 11:00:00,70.65,1014.4,17.34,70.0,900.0,3600.0,164.49,49.33,16.3,97.7,19.2,11,3,3,3,0.1361666490962471,-0.9906859460363306,False,False,True,False,False,False
2025-03-20 12:00:00,71.86,1013.07,17.14,7.0,900.0,3600.0,187.82,50.13,17.1,90.6,19.1,12,2,3,0,-0.1361666490962464,-0.9906859460363308,False,False,True,False,False,False
2025-03-20 13:00:00,72.88,1012.7,17.0,270.0,900.0,3600.0,209.71,46.42,17.9,93.7,19.0,13,2,3,3,-0.39840108984624156,-0.9172113015054529,False,False,True,False,False,False
2025-03-20 14:00:00,74.38,1011.87,17.33,3409.0,900.0,3600.0,227.71,39.2,,,18.7,14,2,3,3,-0.6310879443260528,-0.7757112907044198,False,False,True,False,False,False
2025-03-20 15:00:00,75.07,1011.53,17.8,816.0,900.0,3600.0,241.94,29.77,17.8,57.8,18.7,15,2,3,3,-0.816969893010442,-0.5766803221148672,False,False,True,False,False,False
2025-03-20 16:00:00,74.9,1012.07,18.18,62.0,900.0,3600.0,253.56,19.11,17.2,50.8,18.6,16,2,3,3,-0.9422609221188204,-0.3348796121709864,False,False,True,False,False,False
2025-03-20 17:00:00,74.89,1012.07,18.01,3496.0,900.0,3600.0,264.51,6.96,16.5,14.1,18.6,17,2,3,3,-0.9976687691905393,-0.06824241336467046,False,False,True,False,False,False
2025-03-20 18:00:00,75.21,1010.7,18.24,3596.0,900.0,3600.0,272.35,-2.36,15.5,99.2,18.6,18,1,3,3,-0.979084087682323,0.2034560130526333,False,False,True,False,False,False
2025-03-20 19:00:00,75.32,1011.85,18.2,794.0,900.0,3600.0,282.4,-14.28,14.9,95.3,18.6,19,1,3,3,-0.8878852184023756,0.4600650377311516,False,False,True,False,False,False
2025-03-20 20:00:00,75.17,1011.7,17.69,0.0,900.0,3600.0,293.27,-25.24,14.4,31.2,18.5,20,1,3,3,-0.730835964278124,0.6825531432186542,False,False,True,False,False,False
2025-03-20 21:00:00,74.94,1010.5,17.52,0.0,900.0,3600.0,306.26,-35.26,14.1,35.2,18.5,21,1,3,3,-0.5195839500354336,0.8544194045464886,False,False,True,False,False,False
2025-03-21 07:00:00,73.24,1006.35,17.2,242.0,900.0,3600.0,103.18,16.02,13.1,100.0,18.1,7,3,3,2,0.9422609221188205,-0.33487961217098616,False,False,False,True,False,False
2025-03-21 08:00:00,72.8,1006.6,17.53,0.0,900.0,3600.0,114.24,26.95,13.7,100.0,18.1,8,3,3,2,0.8169698930104421,-0.5766803221148671,False,False,False,True,False,False
2025-03-21 09:00:00,71.53,1006.68,18.15,297.0,900.0,3600.0,127.56,36.87,14.7,100.0,18.1,9,3,3,3,0.631087944326053,-0.7757112907044197,False,False,False,True,False,False
2025-03-21 10:00:00,68.59,1006.87,18.57,0.0,900.0,3600.0,144.39,44.92,16.1,66.4,19.0,10,3,3,3,0.3984010898462414,-0.917211301505453,False,False,False,True,False,False
2025-03-21 11:00:00,64.01,1006.58,18.74,0.0,900.0,3600.0,165.37,49.85,,,19.5,11,3,3,3,0.1361666490962471,-0.9906859460363306,False,False,False,True,False,False
2025-03-21 12:00:00,56.48,1006.17,18.91,208.0,900.0,3600.0,188.02,50.52,19.4,2.3,19.9,12,2,3,0,-0.1361666490962464,-0.9906859460363308,False,False,False,True,False,False
2025-03-21 13:00:00,50.02,1005.8,19.08,0.0,900.0,3600.0,209.93,46.78,20.3,25.0,20.0,13,2,3,3,-0.39840108984624156,-0.9172113015054529,False,False,False,True,False,False
2025-03-21 14:00:00,47.19,1005.52,19.29,0.0,123.25,493.0,228.01,39.52,20.8,98.4,20.1,14,2,3,3,-0.6310879443260528,-0.7757112907044198,False,False,False,True,False,False
2025-03-21 15:00:00,46.22,1005.6,19.45,0.0,0.0,0.0,242.25,30.06,19.9,100.0,20.4,15,2,3,3,-0.816969893010442,-0.5766803221148672,False,False,False,True,False,False
2025-03-21 16:00:00,45.94,1005.6,19.52,0.0,0.0,0.0,253.87,19.37,19.3,100.0,20.5,16,2,3,3,-0.9422609221188204,-0.3348796121709864,False,False,False,True,False,False
2025-03-21 17:00:00,46.55,1005.8,19.58,0.0,0.0,0.0,264.72,7.32,18.2,100.0,20.6,17,2,3,3,-0.9976687691905393,-0.06824241336467046,False,False,False,True,False,False
2025-03-21 18:00:00,47.82,1006.1,19.67,0.0,0.0,0.0,272.65,-2.09,17.2,100.0,20.8,18,1,3,3,-0.979084087682323,0.2034560130526333,False,False,False,True,False,False
2025-03-21 19:00:00,48.54,1006.3,19.76,103.0,0.0,0.0,282.94,-14.28,16.6,97.7,20.9,19,1,3,3,-0.8878852184023756,0.4600650377311516,False,False,False,True,False,False
2025-03-21 20:00:00,49.35,1005.95,19.4,0.0,0.0,0.0,293.86,-25.21,16.4,68.7,21.4,20,1,3,3,-0.730835964278124,0.6825531432186542,False,False,False,True,False,False
2025-03-21 21:00:00,50.5,1005.95,19.09,0.0,0.0,0.0,306.9,-35.17,15.7,51.6,21.6,21,1,3,3,-0.5195839500354336,0.8544194045464886,False,False,False,True,False,False
2025-03-22 07:00:00,50.62,1005.42,18.2,0.0,0.0,0.0,102.65,16.04,12.0,86.7,19.8,7,3,3,2,0.9422609221188205,-0.33487961217098616,False,False,False,False,True,False
2025-03-22 08:00:00,49.8,1005.42,18.12,0.0,0.0,0.0,113.67,27.0,,,19.7,8,3,3,2,0.8169698930104421,-0.5766803221148671,False,False,False,False,True,False
2025-03-22 09:00:00,46.62,1005.47,18.03,0.0,0.0,0.0,126.93,36.98,13.2,49.2,19.6,9,3,3,3,0.631087944326053,-0.7757112907044197,False,False,False,False,True,False
2025-03-22 10:00:00,44.25,1005.07,17.98,0.0,0.0,0.0,143.73,45.12,14.5,100.0,19.6,10,3,3,3,0.3984010898462414,-0.917211301505453,False,False,False,False,True,False
2025-03-22 11:00:00,42.85,1003.37,17.93,0.0,0.0,0.0,164.75,50.17,14.9,25.8,19.5,11,3,3,3,0.1361666490962471,-0.9906859460363306,False,False,False,False,True,False
2025-03-22 12:00:00,42.51,1003.08,17.94,0.0,0.0,0.0,188.02,50.91,17.3,79.7,19.4,12,2,3,0,-0.1361666490962464,-0.9906859460363308,False,False,False,False,True,False
2025-03-22 13:00:00,42.66,1002.72,17.95,0.0,0.0,0.0,210.15,47.14,17.2,66.4,19.3,13,2,3,3,-0.39840108984624156,-0.9172113015054529,False,False,False,False,True,False
2025-03-22 14:00:00,43.2,1002.71,17.97,0.0,0.0,0.0,228.3,39.84,17.0,49.2,19.3,14,2,3,3,-0.6310879443260528,-0.7757112907044198,False,False,False,False,True,False
2025-03-22 15:00:00,43.96,1001.91,17.99,0.0,0.0,0.0,242.56,30.35,16.5,78.1,19.3,15,2,3,3,-0.816969893010442,-0.5766803221148672,False,False,False,False,True,False
2025-03-22 16:00:00,44.7,1002.2,17.99,0.0,0.0,0.0,254.18,19.64,15.9,59.4,19.3,16,2,3,3,-0.9422609221188204,-0.3348796121709864,False,False,False,False,True,False
2025-03-22 17:00:00,45.9,1002.2,18.07,0.0,0.0,0.0,265.2,7.36,16.3,44.5,19.3,17,2,3,3,-0.9976687691905393,-0.06824241336467046,False,False,False,False,True,False
2025-03-22 18:00:00,46.5,1002.62,18.1,0.0,0.0,0.0,273.17,-2.09,15.6,16.4,19.3,18,1,3,3,-0.979084087682323,0.2034560130526333,False,False,False,False,True,False
2025-03-22 19:00:00,46.77,1003.37,18.1,0.0,0.0,0.0,283.48,-14.27,14.3,83.6,19.4,19,1,3,3,-0.8878852184023756,0.4600650377311516,False,False,False,False,True,False
2025-03-22 20:00:00,46.96,1003.4,18.05,0.0,0.0,0.0,294.45,-25.18,13.5,74.2,19.4,20,1,3,3,-0.730835964278124,0.6825531432186542,False,False,False,False,True,False
2025-03-22 21:00:00,46.68,1003.4,18.09,0.0,0.0,0.0,307.55,-35.08,12.7,100.0,19.4,21,1,3,3,-0.5195839500354336,0.8544194045464886,False,False,False,False,True,False
2025-03-23 07:00:00,43.98,1002.7,17.68,0.0,0.0,0.0,102.8,16.8,9.8,78.9,19.0,7,3,3,2,0.9422609221188205,-0.33487961217098616,False,False,False,False,False,True
2025-03-23 08:00:00,43.63,1002.8,17.65,0.0,0.0,0.0,113.89,27.75,11.4,16.4,19.0,8,3,3,2,0.8169698930104421,-0.5766803221148671,False,False,False,False,False,True
2025-03-23 09:00:00,42.67,1003.0,17.56,0.0,0.0,0.0,127.3,37.7,12.8,11.7,19.0,9,3,3,3,0.631087944326053,-0.7757112907044197,False,False,False,False,False,True
2025-03-23 10:00:00,40.27,1003.17,17.47,0.0,0.0,0.0,144.33,45.78,14.2,18.0,18.9,10,3,3,3,0.3984010898462414,-0.917211301505453,False,False,False,False,False,True
2025-03-23 11:00:00,39.11,1002.71,17.43,0.0,0.0,0.0,165.66,50.69,15.2,19.5,18.9,11,3,3,3,0.1361666490962471,-0.9906859460363306,False,False,False,False,False,True
2025-03-23 12:00:00,38.54,1002.33,17.44,0.0,0.0,0.0,188.82,51.27,16.2,36.7,18.8,12,2,3,0,-0.1361666490962464,-0.9906859460363308,False,False,False,False,False,True
2025-03-23 13:00:00,38.41,1001.4,17.46,0.0,0.0,0.0,210.38,47.51,16.5,39.8,18.7,13,2,3,3,-0.39840108984624156,-0.9172113015054529,False,False,False,False,False,True
2025-03-23 14:00:00,38.46,1001.55,17.55,0.0,0.0,0.0,228.59,40.17,16.8,10.9,18.7,14,2,3,3,-0.6310879443260528,-0.7757112907044198,False,False,False,False,False,True
2025-03-23 15:00:00,37.98,1001.55,17.71,0.0,0.0,0.0,242.87,30.63,17.1,5.5,18.7,15,2,3,3,-0.816969893010442,-0.5766803221148672,False,False,False,False,False,True
2025-03-23 16:00:00,37.52,1002.17,17.76,0.0,0.0,0.0,254.49,19.9,16.9,7.8,18.8,16,2,3,3,-0.9422609221188204,-0.3348796121709864,False,False,False,False,False,True
2025-03-23 17:00:00,38.41,1002.85,17.8,0.0,0.0,0.0,265.51,7.61,16.1,30.5,18.8,17,2,3,3,-0.9976687691905393,-0.06824241336467046,False,False,False,False,False,True
2025-03-23 18:00:00,39.75,1003.55,17.75,0.0,0.0,0.0,273.47,-1.84,12.7,28.1,18.8,18,1,3,3,-0.979084087682323,0.2034560130526333,False,False,False,False,False,True
2025-03-23 19:00:00,41.13,1003.73,17.82,0.0,0.0,0.0,284.02,-14.27,11.4,10.9,18.9,19,1,3,3,-0.8878852184023756,0.4600650377311516,False,False,False,False,False,True
2025-03-23 20:00:00,42.42,1005.25,17.85,0.0,0.0,0.0,295.04,-25.15,10.6,57.8,18.9,20,1,3,3,-0.730835964278124,0.6825531432186542,False,False,False,False,False,True
2025-03-23 21:00:00,43.74,1005.95,17.85,0.0,0.0,0.0,308.19,-34.99,9.9,62.5,18.9,21,1,3,3,-0.5195839500354336,0.8544194045464886,False,False,False,False,False,True
2025-03-24 07:00:00,44.19,1008.47,18.27,28.0,0.0,0.0,102.26,16.81,8.9,81.2,18.7,7,3,3,2,0.9422609221188205,-0.33487961217098616,False,False,False,False,False,False
2025-03-24 08:00:00,43.16,1009.1,18.57,0.0,0.0,0.0,113.31,27.8,11.5,98.4,19.1,8,3,3,2,0.8169698930104421,-0.5766803221148671,False,False,False,False,False,False
2025-03-24 09:00:00,41.73,1009.5,18.77,0.0,0.0,0.0,126.66,37.81,13.1,2.3,19.7,9,3,3,3,0.631087944326053,-0.7757112907044197,False,False,False,False,False,False
2025-03-24 10:00:00,40.4,1009.3,19.02,0.0,0.0,0.0,143.65,45.98,15.3,1.6,20.0,10,3,3,3,0.3984010898462414,-0.917211301505453,False,False,False,False,False,False
2025-03-24 11:00:00,39.93,1008.8,19.05,0.0,0.0,0.0,165.03,51.01,16.9,27.3,20.3,11,3,3,3,0.1361666490962471,-0.9906859460363306,False,False,False,False,False,False
2025-03-24 12:00:00,39.82,1008.8,19.12,0.0,0.0,0.0,188.23,51.69,,,20.6,12,2,3,0,-0.1361666490962464,-0.9906859460363308,False,False,False,False,False,False
2025-03-24 13:00:00,40.08,1008.8,19.23,0.0,0.0,0.0,210.6,47.87,18.1,59.4,20.7,13,2,3,3,-0.39840108984624156,-0.9172113015054529,False,False,False,False,False,False
2025-03-24 14:00:00,40.42,1008.8,19.34,0.0,0.0,0.0,228.89,40.48,18.1,49.2,20.8,14,2,3,3,-0.6310879443260528,-0.7757112907044198,False,False,False,False,False,False
2025-03-24 15:00:00,45.1,1009.14,20.07,3534.0,0.0,0.0,243.19,30.92,17.0,57.8,21.0,15,2,3,3,-0.816969893010442,-0.5766803221148672,False,False,False,False,False,False
2025-03-24 16:00:00,45.53,1009.65,20.78,3600.0,0.0,0.0,254.8,20.16,16.1,86.7,20.9,16,2,3,3,-0.9422609221188204,-0.3348796121709864,False,False,False,False,False,False
2025-03-24 17:00:00,46.49,1010.5,20.92,3600.0,0.0,0.0,265.73,7.96,14.7,65.6,21.2,17,2,3,3,-0.9976687691905393,-0.06824241336467046,False,False,False,False,False,False
2025-03-24 18:00:00,47.17,1011.5,21.36,3600.0,0.0,0.0,273.44,-1.18,13.6,99.2,21.3,18,1,3,3,-0.979084087682323,0.2034560130526333,False,False,False,False,False,False
2025-03-24 19:00:00,47.73,1012.2,21.4,2366.0,0.0,0.0,283.89,-13.52,12.6,41.4,21.5,19,1,3,3,-0.8878852184023756,0.4600650377311516,False,False,False,False,False,False
2025-03-24 20:00:00,48.8,1013.2,20.71,0.0,0.0,0.0,295.64,-25.12,11.9,53.9,21.7,20,1,3,3,-0.730835964278124,0.6825531432186542,False,False,False,False,False,False
2025-03-24 21:00:00,49.68,1013.5,20.17,0.0,0.0,0.0,308.84,-34.89,11.1,36.7,21.8,21,1,3,3,-0.5195839500354336,0.8544194045464886,False,False,False,False,False,False
