time,sensor_puerta_1 Puerta,suma_ventanas_arriba,suma_ventanas_abajo,azimuth_mean,elevation_mean,temperature_mean,cloud_coverage_mean,temperature ℃,media_humedad,media_presion,media_temperatura
2024-12-10 21:00:00,0.0,0.0,0.0,285.41,-53.48,12.5,100.0,21.7,46.423333333333325,1014.3933333333334,19.703333333333333
2024-12-11 07:00:00,0.0,0.0,0.0,122.93,2.68,7.7,93.0,19.6,50.96,1014.0766666666667,19.35666666666667
2024-12-11 08:00:00,0.0,0.0,0.0,131.9,10.43,7.8,49.0,19.6,56.30333333333334,1015.0233333333332,21.076666666666664
2024-12-11 09:00:00,0.0,0.0,0.0,144.64,18.67,7.0,48.0,20.5,56.93,1015.27,21.363333333333333
2024-12-11 10:00:00,0.0,0.0,0.0,158.21,24.19,7.7,8.0,21.5,52.72666666666667,1015.5833333333334,20.86333333333333
2024-12-11 11:00:00,0.0,0.0,0.0,173.61,27.08,8.8,100.0,21.5,48.830000000000005,1015.3533333333334,20.633333333333336
2024-12-11 12:00:00,0.0,0.0,0.0,189.19,26.8,9.2,93.0,21.4,46.60333333333333,1014.4333333333334,20.62666666666667
2024-12-11 13:00:00,0.0,0.0,0.0,203.96,23.5,9.7,100.0,21.3,42.28666666666666,1013.9433333333333,19.73
2024-12-11 14:00:00,0.0,0.0,0.0,217.28,17.62,9.6,100.0,21.6,42.57333333333333,1013.5666666666666,19.220000000000002
2024-12-11 15:00:00,0.0,0.0,0.0,229.76,9.09,11.6,100.0,21.0,45.376666666666665,1013.6433333333334,19.906666666666666
2024-12-11 16:00:00,0.0,0.0,0.0,238.3,1.41,11.8,100.0,21.0,43.93333333333334,1014.3666666666667,20.41
2024-12-11 17:00:00,0.0,0.0,0.0,247.62,-9.25,11.1,100.0,21.3,44.0,1014.5066666666667,20.14
2024-12-11 18:00:00,0.0,0.0,0.0,256.4,-20.42,11.1,87.0,21.4,45.13666666666666,1015.36,20.696666666666665
2024-12-11 19:00:00,0.0,0.0,0.0,266.15,-33.2,10.2,100.0,21.6,48.35,1015.0200000000001,21.47666666666667
2024-12-11 20:00:00,0.0,0.0,0.0,275.93,-44.75,9.5,97.0,21.7,47.593333333333334,1015.2933333333334,20.97
2024-12-11 21:00:00,0.0,0.0,0.0,288.58,-56.03,8.4,98.0,22.1,46.223333333333336,1015.39,19.813333333333333
2024-12-12 07:00:00,0.0,0.0,0.0,123.03,2.67,8.5,44.0,19.7,47.21,1015.71,18.81
2024-12-12 08:00:00,0.0,0.0,0.0,132.02,10.43,7.9,49.0,19.6,49.13666666666668,1015.9699999999999,20.3
2024-12-12 09:00:00,0.0,0.0,0.0,144.76,18.65,7.7,15.0,20.9,43.79333333333333,1016.0833333333334,19.013333333333335
2024-12-12 10:00:00,0.0,0.0,0.0,158.33,24.15,8.0,45.0,21.4,44.879999999999995,1015.92,19.2
2024-12-12 11:00:00,0.0,0.0,0.0,173.71,27.01,9.9,36.0,21.5,47.60666666666666,1015.5433333333334,20.419999999999998
2024-12-12 12:00:00,0.0,0.0,0.0,189.18,26.73,11.5,41.0,21.6,50.17333333333334,1014.8933333333333,21.153333333333332
2024-12-12 13:00:00,0.0,0.0,0.0,203.94,23.43,12.5,58.0,21.8,51.343333333333334,1014.5933333333334,21.1
2024-12-12 14:00:00,0.0,0.0,0.0,217.24,17.56,13.0,89.0,21.8,49.01,1014.4766666666668,20.2
2024-12-12 15:00:00,0.0,0.0,0.0,229.66,9.08,12.5,63.0,21.1,49.24,1014.3033333333333,20.146666666666665
2024-12-12 16:00:00,0.0,0.0,0.0,238.19,1.42,12.9,74.0,21.8,48.84,1014.3566666666667,20.293333333333333
2024-12-12 17:00:00,0.0,0.0,0.0,247.52,-9.25,12.8,43.0,22.3,51.03333333333333,1015.0333333333333,20.49
2024-12-12 18:00:00,0.0,0.0,0.0,256.3,-20.42,12.0,59.0,22.1,50.43666666666667,1015.21,20.906666666666666
2024-12-12 19:00:00,0.0,0.0,0.0,266.04,-33.19,11.7,46.0,22.3,49.26,1015.3333333333334,21.08
2024-12-12 20:00:00,0.0,0.0,0.0,275.81,-44.74,11.1,64.0,22.7,49.5,1015.3533333333334,20.356666666666666
2024-12-12 21:00:00,0.0,0.0,0.0,288.42,-56.03,10.6,57.0,22.6,49.76666666666667,1015.8833333333333,19.746666666666666
2024-12-13 07:00:00,0.0,0.0,0.0,123.12,2.67,8.2,31.0,20.3,49.74,1017.34,18.990000000000002
2024-12-13 08:00:00,0.0,0.0,0.0,132.12,10.42,8.1,48.0,20.2,49.26666666666667,1018.4033333333333,20.183333333333334
2024-12-13 09:00:00,0.0,0.0,0.0,144.87,18.63,7.4,12.0,21.4,49.36666666666667,1018.6966666666667,20.383333333333336
2024-12-13 10:00:00,0.0,0.0,0.0,158.43,24.11,7.2,3.0,22.1,48.423333333333325,1018.7233333333334,20.603333333333335
2024-12-13 11:00:00,0.0,0.0,0.0,173.79,26.95,8.9,3.0,22.0,49.95333333333334,1018.3366666666666,21.066666666666666
2024-12-13 12:00:00,0.0,0.0,0.0,189.17,26.66,11.4,0.0,22.5,50.94333333333333,1017.93,21.08666666666667
2024-12-13 13:00:00,0.0,0.0,0.0,203.91,23.37,13.1,0.0,22.9,50.633333333333326,1017.83,20.373333333333335
2024-12-13 14:00:00,0.0,0.0,0.0,217.2,17.5,13.9,2.0,22.6,50.81,1017.7800000000001,19.866666666666667
2024-12-13 15:00:00,0.0,0.0,0.0,229.58,9.07,14.9,18.0,22.0,50.830000000000005,1017.8100000000001,19.650000000000002
2024-12-13 16:00:00,0.0,0.0,0.0,238.09,1.42,15.2,16.0,22.0,51.15,1018.5133333333333,19.423333333333332
2024-12-13 17:00:00,0.0,0.0,0.0,247.44,-9.24,15.0,17.0,22.5,51.61000000000001,1019.1566666666666,19.293333333333333
2024-12-13 18:00:00,0.0,0.0,0.0,256.21,-20.42,14.2,1.0,22.3,52.06,1019.4766666666668,19.19
2024-12-13 19:00:00,0.0,0.0,0.0,265.95,-33.19,12.8,0.0,22.3,52.26666666666667,1019.8766666666667,19.150000000000002
2024-12-13 20:00:00,0.0,0.0,0.0,275.7,-44.74,12.0,0.0,22.5,52.24666666666667,1021.2133333333335,19.08666666666667
2024-12-13 21:00:00,0.0,0.0,0.0,288.29,-56.03,11.2,0.0,22.5,52.31999999999999,1021.25,18.86
2024-12-14 07:00:00,0.0,0.0,0.0,123.03,2.51,7.1,6.0,20.4,46.690000000000005,1023.9166666666666,17.473333333333333
2024-12-14 08:00:00,0.0,0.0,0.0,131.99,10.24,6.9,11.0,20.3,46.20333333333334,1024.5533333333333,17.133333333333336
2024-12-14 09:00:00,0.0,0.0,0.0,144.97,18.62,6.5,1.0,20.2,45.373333333333335,1025.2266666666667,16.953333333333333
2024-12-14 10:00:00,0.0,0.0,0.0,158.53,24.08,6.7,10.0,20.1,44.666666666666664,1025.1933333333334,16.956666666666667
2024-12-14 11:00:00,0.0,0.0,0.0,173.4,26.88,8.4,11.0,20.0,43.46333333333333,1024.0833333333333,16.97666666666667
2024-12-14 12:00:00,0.0,0.0,0.0,188.15,26.72,10.9,56.0,20.0,42.79333333333333,1023.6766666666666,17.14
2024-12-14 13:00:00,0.0,0.0,0.0,202.95,23.62,13.1,71.0,19.9,42.52666666666667,1023.3266666666667,17.246666666666666
2024-12-14 14:00:00,0.0,0.0,0.0,216.34,17.91,14.3,90.0,19.8,42.06666666666666,1023.3266666666667,17.266666666666666
2024-12-14 15:00:00,0.0,0.0,0.0,229.23,9.26,15.1,75.0,19.8,41.92666666666667,1023.3766666666667,17.336666666666666
2024-12-14 16:00:00,0.0,0.0,0.0,238.01,1.43,15.3,98.0,19.7,42.31,1023.4666666666667,17.366666666666664
2024-12-14 17:00:00,0.0,0.0,0.0,247.36,-9.24,14.7,99.0,19.7,42.77333333333333,1024.3666666666666,17.366666666666664
2024-12-14 18:00:00,0.0,0.0,0.0,256.14,-20.41,13.7,100.0,19.7,43.21666666666667,1025.1366666666665,17.396666666666665
2024-12-14 19:00:00,0.0,0.0,0.0,265.87,-33.18,12.4,82.0,19.6,43.67333333333334,1025.5766666666666,17.333333333333332
2024-12-14 20:00:00,0.0,0.0,0.0,275.6,-44.73,11.5,30.0,19.6,43.95333333333334,1026.03,17.209999999999997
2024-12-14 21:00:00,0.0,0.0,0.0,288.16,-56.03,10.7,4.0,19.5,43.910000000000004,1026.53,16.973333333333333
2024-12-15 07:00:00,0.0,0.0,0.0,122.91,2.3,5.8,0.0,18.7,41.31333333333333,1027.71,15.983333333333334
2024-12-15 08:00:00,0.0,0.0,0.0,132.06,10.23,5.5,0.0,18.6,41.58,1028.3066666666666,15.94
2024-12-15 09:00:00,0.0,0.0,0.0,145.05,18.6,5.4,0.0,18.6,41.81,1029.1466666666668,16.03333333333333
2024-12-15 10:00:00,0.0,0.0,0.0,158.61,24.05,5.8,0.0,18.5,42.01,1029.4966666666667,15.993333333333334
2024-12-15 11:00:00,0.0,0.0,0.0,173.47,26.83,7.8,1.0,18.5,41.86,1028.7166666666667,16.05
2024-12-15 12:00:00,0.0,0.0,0.0,188.14,26.67,10.6,0.0,18.5,41.28,1028.38,16.106666666666666
2024-12-15 13:00:00,0.0,0.0,0.0,202.93,23.57,13.2,1.0,18.5,41.43,1028.38,16.163333333333334
2024-12-15 14:00:00,0.0,0.0,0.0,216.31,17.87,14.9,0.0,18.4,41.85,1028.2566666666667,16.223333333333333
2024-12-15 15:00:00,0.0,0.0,0.0,228.98,9.41,15.9,3.0,18.4,42.349999999999994,1028.7566666666667,16.276666666666667
2024-12-15 16:00:00,0.0,0.0,0.0,237.76,1.6,16.1,3.0,18.4,42.67666666666667,1029.14,16.32
2024-12-15 17:00:00,0.0,0.0,0.0,247.3,-9.24,16.0,1.0,18.4,42.98333333333334,1029.9433333333334,16.323333333333334
2024-12-15 18:00:00,0.0,0.0,0.0,256.08,-20.41,14.8,0.0,18.4,43.42333333333334,1030.8833333333334,16.313333333333333
2024-12-15 19:00:00,0.0,0.0,0.0,265.8,-33.18,12.9,0.0,18.4,43.77333333333333,1031.4066666666668,16.296666666666667
2024-12-15 20:00:00,0.0,0.0,0.0,275.52,-44.73,11.9,0.0,18.3,44.15,1031.8433333333332,16.30666666666667
2024-12-15 21:00:00,0.0,0.0,0.0,288.06,-56.03,11.4,0.0,18.3,44.43666666666667,1032.4233333333334,16.286666666666665
2024-12-16 07:00:00,0.0,0.0,0.0,122.97,2.29,5.2,0.0,17.8,45.45333333333334,1035.4433333333334,17.11
2024-12-16 08:00:00,0.0,0.0,0.0,131.8,9.99,5.2,0.0,18.2,47.416666666666664,1035.6666666666667,18.363333333333333
2024-12-16 09:00:00,0.0,0.0,0.0,144.27,18.15,5.5,0.0,19.2,50.633333333333326,1036.0866666666668,18.830000000000002
2024-12-16 10:00:00,0.0,0.0,0.0,157.73,23.74,6.1,0.0,20.3,50.98,1035.5633333333335,18.956666666666667
2024-12-16 11:00:00,0.0,0.0,0.0,172.57,26.7,7.9,0.0,20.4,50.656666666666666,1034.7,19.459999999999997
2024-12-16 12:00:00,0.0,0.0,0.0,188.13,26.63,10.4,0.0,20.5,51.580000000000005,1033.6066666666668,18.650000000000002
2024-12-16 13:00:00,0.0,0.0,0.0,202.92,23.54,13.0,0.0,20.5,52.63666666666666,1032.6333333333334,18.036666666666665
2024-12-16 14:00:00,0.0,0.0,0.0,216.29,17.83,14.3,0.0,20.4,51.68666666666667,1032.3333333333333,17.83
2024-12-16 15:00:00,0.0,0.0,0.0,228.92,9.4,15.1,0.0,20.2,52.24666666666667,1032.1433333333334,18.906666666666666
2024-12-16 16:00:00,0.0,0.0,0.0,237.78,1.54,15.2,0.0,19.9,50.77,1032.36,19.536666666666665
2024-12-16 17:00:00,0.0,0.0,0.0,247.25,-9.24,15.1,0.0,21.3,50.803333333333335,1032.4333333333334,19.82
2024-12-16 18:00:00,0.0,0.0,0.0,256.02,-20.41,14.3,0.0,21.2,51.4,1032.66,20.47666666666667
2024-12-16 19:00:00,0.0,0.0,0.0,265.74,-33.18,12.2,0.0,21.6,54.88333333333333,1032.7333333333333,20.373333333333335
2024-12-16 20:00:00,0.0,0.0,0.0,275.45,-44.72,11.8,0.0,22.0,55.343333333333334,1032.76,19.41
2024-12-16 21:00:00,0.0,0.0,0.0,287.97,-56.03,11.2,0.0,21.9,54.669999999999995,1032.76,18.433333333333334
2024-12-17 07:00:00,0.0,0.0,0.0,122.85,2.13,4.3,23.0,18.9,48.79,1030.1233333333332,17.91
2024-12-17 08:00:00,0.0,0.0,0.0,131.65,9.82,4.4,9.0,19.6,53.330000000000005,1030.1233333333332,19.453333333333333
2024-12-17 09:00:00,0.0,0.0,0.0,144.33,18.14,4.3,8.0,20.2,53.01666666666667,1029.7333333333333,19.716666666666665
2024-12-17 10:00:00,0.0,0.0,0.0,157.79,23.72,4.8,4.0,21.1,49.74666666666667,1029.3766666666668,19.049999999999997
2024-12-17 11:00:00,0.0,0.0,0.0,172.62,26.68,6.6,19.0,21.1,51.21,1028.5866666666666,19.64
2024-12-17 12:00:00,0.0,0.0,0.0,188.13,26.6,8.7,15.0,20.9,50.17666666666667,1027.0533333333335,19.41
2024-12-17 13:00:00,0.0,0.0,0.0,202.9,23.5,10.9,96.0,21.4,49.580000000000005,1026.49,18.44333333333333
2024-12-17 14:00:00,0.0,0.0,0.0,216.29,17.8,12.4,100.0,21.1,50.56666666666666,1026.08,18.41
2024-12-17 15:00:00,0.0,0.0,0.0,228.92,9.36,13.5,100.0,20.5,49.576666666666675,1025.8966666666668,18.986666666666668
2024-12-17 16:00:00,0.0,0.0,0.0,237.73,1.54,13.6,100.0,20.6,51.44,1025.7866666666666,19.916666666666668
2024-12-17 17:00:00,0.0,0.0,0.0,247.2,-9.24,13.6,98.0,21.1,51.20333333333334,1025.9033333333334,20.173333333333332
2024-12-17 18:00:00,0.0,0.0,0.0,255.98,-20.41,12.8,86.0,21.0,50.083333333333336,1026.03,20.803333333333335
2024-12-17 19:00:00,0.0,0.0,0.0,265.69,-33.17,10.6,90.0,21.3,48.20666666666667,1026.2700000000002,21.13333333333333
2024-12-17 20:00:00,0.0,0.0,0.0,275.4,-44.72,9.6,22.0,21.3,48.343333333333334,1026.2,20.213333333333335
2024-12-17 21:00:00,0.0,0.0,0.0,287.9,-56.03,8.4,0.0,21.5,50.076666666666675,1026.2033333333334,18.98
2024-12-18 07:00:00,0.0,0.0,0.0,122.88,2.13,6.0,71.0,19.4,48.82,1025.0333333333335,18.38
2024-12-18 08:00:00,0.0,0.0,0.0,131.69,9.82,6.2,56.0,19.8,53.11666666666667,1025.0266666666666,19.783333333333335
2024-12-18 09:00:00,0.0,0.0,0.0,144.38,18.13,6.4,7.0,20.7,54.296666666666674,1024.6133333333335,20.346666666666668
2024-12-18 10:00:00,0.0,0.0,0.0,157.83,23.71,7.1,0.0,21.7,51.64666666666667,1023.9500000000002,20.58
2024-12-18 11:00:00,0.0,0.0,0.0,172.67,26.65,9.8,7.0,22.2,53.17333333333334,1023.1,21.253333333333334
2024-12-18 12:00:00,0.0,0.0,0.0,188.12,26.57,12.9,42.0,22.2,48.47,1022.34,21.203333333333333
2024-12-18 13:00:00,0.0,0.0,0.0,202.89,23.48,15.6,15.0,22.3,41.78666666666666,1021.4699999999999,20.213333333333335
2024-12-18 14:00:00,0.0,0.0,0.0,216.26,17.78,18.1,90.0,22.3,39.97,1021.1333333333333,19.726666666666663
2024-12-18 15:00:00,0.0,0.0,0.0,228.89,9.35,20.3,83.0,21.8,47.24666666666667,1020.94,20.263333333333335
2024-12-18 16:00:00,0.0,0.0,0.0,237.68,1.55,20.3,53.0,21.9,52.40333333333333,1021.0999999999999,20.546666666666667
2024-12-18 17:00:00,0.0,0.0,0.0,246.2,-8.06,19.6,95.0,22.3,53.413333333333334,1021.2333333333332,20.536666666666665
2024-12-18 18:00:00,0.0,0.0,0.0,255.11,-19.31,17.4,70.0,22.4,52.43333333333333,1021.6733333333333,20.709999999999997
2024-12-18 19:00:00,0.0,0.0,0.0,265.08,-32.44,15.1,12.0,22.4,51.089999999999996,1021.5633333333334,20.63333333333333
2024-12-18 20:00:00,0.0,0.0,0.0,273.99,-43.24,14.8,2.0,22.5,50.81999999999999,1021.25,19.886666666666667
2024-12-18 21:00:00,0.0,0.0,0.0,285.96,-54.62,15.7,8.0,22.4,50.47333333333333,1021.0499999999998,19.366666666666667
2024-12-19 07:00:00,0.0,0.0,0.0,122.91,2.13,14.8,100.0,20.3,38.29333333333333,1017.16,19.39
2024-12-19 08:00:00,0.0,0.0,0.0,131.71,9.82,14.7,100.0,20.8,38.48,1017.2966666666666,19.73
2024-12-19 09:00:00,0.0,0.0,0.0,144.4,18.13,14.3,100.0,21.8,41.3,1017.5766666666667,20.330000000000002
2024-12-19 10:00:00,0.0,0.0,0.0,157.85,23.71,14.0,99.0,22.7,43.44333333333333,1017.0600000000001,20.436666666666667
2024-12-19 11:00:00,0.0,0.0,0.0,172.68,26.65,14.6,100.0,23.2,44.22666666666667,1015.5533333333333,20.560000000000002
2024-12-19 12:00:00,0.0,0.0,0.0,188.12,26.56,16.0,100.0,23.0,43.48,1014.5266666666666,20.169999999999998
2024-12-19 13:00:00,0.0,0.0,0.0,202.89,23.47,17.6,100.0,22.8,45.083333333333336,1013.7666666666668,19.929999999999996
2024-12-19 14:00:00,0.0,0.0,0.0,216.25,17.78,18.5,98.0,22.2,45.22666666666667,1014.6066666666667,19.873333333333335
2024-12-19 15:00:00,0.0,0.0,0.0,228.87,9.35,19.8,100.0,22.0,43.99,1014.4666666666666,20.433333333333334
2024-12-19 16:00:00,0.0,0.0,0.0,237.46,1.77,19.8,97.0,22.1,43.583333333333336,1014.62,21.19333333333333
2024-12-19 17:00:00,0.0,0.0,0.0,246.16,-8.04,19.2,86.0,22.4,42.826666666666675,1015.16,21.48
2024-12-19 18:00:00,0.0,0.0,0.0,255.09,-19.31,18.6,67.0,23.0,46.593333333333334,1016.02,21.486666666666665
2024-12-19 19:00:00,0.0,0.0,0.0,265.62,-33.17,17.6,1.0,23.7,48.88333333333333,1017.0300000000001,21.516666666666666
2024-12-19 20:00:00,0.0,0.0,0.0,275.32,-44.72,16.8,2.0,23.4,49.376666666666665,1017.9466666666667,20.98
2024-12-19 21:00:00,0.0,0.0,0.0,287.8,-56.04,16.0,12.0,23.3,47.836666666666666,1019.0866666666666,20.293333333333333
2024-12-20 07:00:00,0.0,0.0,0.0,122.75,1.97,8.4,1.0,20.5,37.336666666666666,1022.0233333333334,19.05333333333333
2024-12-20 08:00:00,0.0,0.0,0.0,131.53,9.66,7.7,1.0,20.8,37.64666666666667,1022.4500000000002,19.613333333333333
2024-12-20 09:00:00,0.0,0.0,0.0,144.42,18.13,7.2,1.0,21.3,37.06,1022.6700000000001,20.76
2024-12-20 10:00:00,0.0,0.0,0.0,157.87,23.7,7.2,4.0,22.0,36.123333333333335,1022.38,19.830000000000002
2024-12-20 11:00:00,0.0,0.0,0.0,172.69,26.64,8.4,10.0,22.8,43.166666666666664,1021.7800000000001,20.763333333333332
2024-12-20 12:00:00,0.0,0.0,0.0,188.12,26.55,10.0,5.0,22.5,40.953333333333326,1021.1233333333333,20.573333333333334
2024-12-20 13:00:00,0.0,0.0,0.0,202.89,23.46,11.9,2.0,22.5,39.589999999999996,1020.4,20.169999999999998
2024-12-20 14:00:00,0.0,0.0,0.0,216.25,17.77,13.4,0.0,22.0,39.68666666666667,1020.4,19.69333333333333
2024-12-20 15:00:00,0.0,0.0,0.0,228.66,9.51,15.4,0.0,22.0,39.57,1020.5499999999998,19.57
2024-12-20 16:00:00,0.0,0.0,0.0,237.28,1.93,15.8,0.0,22.0,39.11000000000001,1021.2833333333333,19.523333333333333
2024-12-20 17:00:00,0.0,0.0,0.0,246.15,-8.04,15.8,0.0,21.9,38.71333333333333,1021.4233333333333,19.61
2024-12-20 18:00:00,0.0,0.0,0.0,255.08,-19.31,14.9,0.0,21.8,38.54333333333333,1022.21,19.653333333333336
2024-12-20 19:00:00,0.0,0.0,0.0,265.61,-33.17,13.7,0.0,22.5,38.63999999999999,1022.7000000000002,19.459999999999997
2024-12-20 20:00:00,0.0,0.0,0.0,275.3,-44.72,11.9,0.0,23.0,38.76,1023.2266666666666,19.28333333333333
2024-12-20 21:00:00,0.0,0.0,0.0,287.78,-56.04,11.1,0.0,22.6,38.98,1023.4666666666667,19.07
2024-12-21 07:00:00,0.0,0.0,0.0,122.76,1.97,4.7,0.0,20.8,38.086666666666666,1025.5266666666666,17.88
2024-12-21 08:00:00,0.0,0.0,0.0,131.53,9.66,4.2,0.0,20.7,38.07666666666667,1026.0933333333335,17.79
2024-12-21 09:00:00,0.0,0.0,0.0,144.42,18.13,3.9,0.0,20.5,38.24666666666666,1026.58,17.599999999999998
2024-12-21 10:00:00,0.0,0.0,0.0,157.87,23.7,4.2,0.0,20.4,38.25666666666667,1026.4399999999998,17.52
2024-12-21 11:00:00,0.0,0.0,0.0,172.7,26.63,6.3,0.0,20.4,38.24666666666666,1025.6666666666667,17.576666666666668
2024-12-21 12:00:00,0.0,0.0,0.0,188.12,26.55,9.1,0.0,20.3,38.23666666666667,1025.1033333333332,17.586666666666662
2024-12-21 13:00:00,0.0,0.0,0.0,202.88,23.46,11.7,0.0,20.3,38.25333333333334,1025.0533333333335,17.616666666666664
2024-12-21 14:00:00,0.0,0.0,0.0,216.25,17.77,13.3,0.0,20.2,38.26333333333333,1024.5266666666666,17.69
2024-12-21 15:00:00,0.0,0.0,0.0,228.65,9.52,14.9,0.0,20.2,38.49,1024.4033333333334,17.663333333333338
2024-12-21 16:00:00,0.0,0.0,0.0,237.28,1.93,15.4,0.0,20.1,38.72,1024.6033333333332,17.66
2024-12-21 17:00:00,0.0,0.0,0.0,246.15,-8.04,15.3,0.0,20.1,38.94,1025.2666666666667,17.646666666666665
2024-12-21 18:00:00,0.0,0.0,0.0,255.08,-19.31,14.5,0.0,20.0,39.1,1025.3533333333332,17.626666666666665
2024-12-21 19:00:00,0.0,0.0,0.0,265.61,-33.17,12.3,0.0,20.0,39.586666666666666,1025.4033333333334,17.55666666666667
2024-12-21 20:00:00,0.0,0.0,0.0,275.3,-44.72,11.3,0.0,19.9,40.126666666666665,1025.2033333333331,17.330000000000002
2024-12-21 21:00:00,0.0,0.0,0.0,287.78,-56.04,9.7,0.0,19.9,40.343333333333334,1025.3766666666668,17.23
2024-12-22 07:00:00,0.0,0.0,0.0,122.55,1.75,6.7,30.0,19.1,41.06,1023.2266666666668,16.713333333333335
2024-12-22 08:00:00,0.0,0.0,0.0,131.53,9.66,6.6,0.0,19.0,41.17333333333333,1023.0766666666667,16.53
2024-12-22 09:00:00,0.0,0.0,0.0,144.42,18.13,6.6,0.0,19.0,41.25,1023.2366666666667,16.426666666666666
2024-12-22 10:00:00,0.0,0.0,0.0,157.87,23.7,7.1,46.0,18.9,41.15,1022.61,16.423333333333336
2024-12-22 11:00:00,0.0,0.0,0.0,172.18,26.6,8.9,67.0,18.9,41.129999999999995,1021.4633333333333,16.543333333333333
2024-12-22 12:00:00,0.0,0.0,0.0,187.1,26.66,11.5,9.0,18.8,41.193333333333335,1019.7133333333335,16.64
2024-12-22 13:00:00,0.0,0.0,0.0,201.94,23.76,14.3,91.0,18.9,41.34,1018.2066666666666,16.733333333333334
2024-12-22 14:00:00,0.0,0.0,0.0,215.41,18.22,16.6,76.0,18.8,41.63333333333333,1017.37,16.933333333333334
2024-12-22 15:00:00,0.0,0.0,0.0,228.36,9.74,18.5,58.0,18.8,41.81,1016.4433333333333,17.026666666666667
2024-12-22 16:00:00,0.0,0.0,0.0,237.29,1.93,19.5,24.0,18.8,42.016666666666666,1015.88,17.046666666666667
2024-12-22 17:00:00,0.0,0.0,0.0,246.16,-8.04,18.8,17.0,18.8,42.016666666666666,1015.7199999999999,16.996666666666666
2024-12-22 18:00:00,0.0,0.0,0.0,255.09,-19.31,18.3,85.0,18.8,41.379999999999995,1016.1033333333334,17.040000000000003
2024-12-22 19:00:00,0.0,0.0,0.0,265.62,-33.17,17.4,96.0,18.8,41.5,1016.4933333333333,16.94333333333333
2024-12-22 20:00:00,0.0,0.0,0.0,275.32,-44.72,17.8,96.0,18.8,41.123333333333335,1016.3833333333333,16.813333333333333
2024-12-22 21:00:00,0.0,0.0,0.0,287.8,-56.04,16.9,84.0,18.7,40.82333333333333,1016.5200000000001,16.73
2024-12-23 07:00:00,0.0,0.0,0.0,122.53,1.75,12.3,90.0,17.8,36.190000000000005,1018.6066666666667,15.993333333333334
2024-12-23 08:00:00,0.0,0.0,0.0,131.22,9.44,11.7,99.0,17.7,36.25333333333333,1019.1833333333333,15.949999999999998
2024-12-23 09:00:00,0.0,0.0,0.0,143.56,17.68,11.9,97.0,17.6,35.92333333333334,1019.4566666666666,15.953333333333333
2024-12-23 10:00:00,0.0,0.0,0.0,156.9,23.41,12.1,98.0,17.6,36.04,1019.3933333333333,16.013333333333332
2024-12-23 11:00:00,0.0,0.0,0.0,171.66,26.54,12.8,95.0,17.6,35.333333333333336,1018.33,16.06
2024-12-23 12:00:00,0.0,0.0,0.0,187.1,26.67,13.9,98.0,17.6,34.836666666666666,1018.36,16.11
2024-12-23 13:00:00,0.0,0.0,0.0,201.94,23.77,14.7,91.0,17.5,34.56,1018.15,16.186666666666667
2024-12-23 14:00:00,0.0,0.0,0.0,215.42,18.23,14.8,90.0,17.5,34.23666666666667,1017.9,16.233333333333334
2024-12-23 15:00:00,0.0,0.0,0.0,228.38,9.74,16.0,40.0,17.6,33.57,1017.75,16.296666666666667
2024-12-23 16:00:00,0.0,0.0,0.0,237.24,1.99,16.2,54.0,17.6,33.196666666666665,1018.25,16.276666666666667
2024-12-23 17:00:00,0.0,0.0,0.0,246.18,-8.04,16.1,11.0,17.6,32.52,1018.7866666666665,16.19333333333333
2024-12-23 18:00:00,0.0,0.0,0.0,255.11,-19.31,15.1,43.0,17.6,32.623333333333335,1019.2566666666667,16.163333333333334
2024-12-23 19:00:00,0.0,0.0,0.0,265.64,-33.17,13.4,34.0,17.6,33.06333333333333,1019.4866666666667,16.116666666666664
2024-12-23 20:00:00,0.0,0.0,0.0,275.34,-44.72,12.2,33.0,17.5,33.68333333333334,1019.9866666666667,16.076666666666668
2024-12-23 21:00:00,0.0,0.0,0.0,287.83,-56.04,11.3,73.0,17.5,34.0,1020.63,16.043333333333333
2024-12-24 07:00:00,0.0,0.0,0.0,122.34,1.59,6.0,1.0,17.4,37.166666666666664,1021.5,15.636666666666668
2024-12-24 08:00:00,0.0,0.0,0.0,131.0,9.29,5.6,3.0,17.3,37.42666666666667,1022.0499999999998,15.579999999999998
2024-12-24 09:00:00,0.0,0.0,0.0,143.53,17.69,5.4,1.0,17.3,37.75333333333333,1022.0133333333333,15.526666666666666
2024-12-24 10:00:00,0.0,0.0,0.0,156.87,23.42,5.9,1.0,17.2,38.166666666666664,1021.3533333333334,15.51
2024-12-24 11:00:00,0.0,0.0,0.0,171.63,26.56,8.0,2.0,17.3,38.34666666666667,1020.2566666666667,15.579999999999998
2024-12-24 12:00:00,0.0,0.0,0.0,187.11,26.69,10.9,2.0,17.3,38.49,1019.4133333333333,15.646666666666667
2024-12-24 13:00:00,0.0,0.0,0.0,201.95,23.79,14.1,2.0,17.3,38.69,1018.7333333333332,15.763333333333334
2024-12-24 14:00:00,0.0,0.0,0.0,215.43,18.25,16.4,0.0,17.2,38.86333333333334,1018.6466666666666,15.886666666666665
2024-12-24 15:00:00,0.0,0.0,0.0,228.2,9.91,18.9,0.0,17.3,39.083333333333336,1018.7733333333332,15.949999999999998
2024-12-24 16:00:00,0.0,0.0,0.0,237.18,2.08,19.5,0.0,17.3,39.46666666666667,1019.2066666666666,16.003333333333334
2024-12-24 17:00:00,0.0,0.0,0.0,246.21,-8.04,19.3,0.0,17.3,39.696666666666665,1019.3466666666667,15.949999999999998
2024-12-24 18:00:00,0.0,0.0,0.0,253.96,-17.76,18.1,0.0,17.3,39.876666666666665,1019.6566666666668,15.89
2024-12-24 19:00:00,0.0,0.0,0.0,262.72,-29.34,15.6,0.0,17.3,40.23333333333333,1020.2533333333334,15.856666666666667
2024-12-24 20:00:00,0.0,0.0,0.0,271.95,-40.88,14.5,1.0,17.2,40.78333333333333,1020.4900000000001,15.833333333333334
2024-12-24 21:00:00,0.0,0.0,0.0,283.22,-52.33,14.4,0.0,17.3,41.35333333333333,1021.5333333333334,15.793333333333335
2024-12-25 07:00:00,0.0,0.0,0.0,122.3,1.59,7.8,0.0,17.0,44.82666666666666,1022.7999999999998,15.433333333333332
2024-12-25 08:00:00,0.0,0.0,0.0,130.96,9.29,7.2,0.0,16.9,44.95666666666667,1023.5,15.373333333333335
2024-12-25 09:00:00,0.0,0.0,0.0,143.48,17.69,6.7,0.0,17.0,45.093333333333334,1024.2266666666667,15.353333333333333
2024-12-25 10:00:00,0.0,0.0,0.0,156.82,23.44,7.4,0.0,16.9,45.32333333333333,1024.926666666667,15.37
2024-12-25 11:00:00,0.0,0.0,0.0,171.58,26.58,10.8,0.0,16.9,46.919999999999995,1024.8266666666666,15.473333333333334
2024-12-25 12:00:00,0.0,0.0,0.0,187.11,26.72,14.2,0.0,17.0,48.68333333333334,1024.3933333333332,15.550000000000002
2024-12-25 13:00:00,0.0,0.0,0.0,201.96,23.82,16.1,31.0,17.1,49.406666666666666,1023.9500000000002,15.553333333333333
2024-12-25 14:00:00,0.0,0.0,0.0,215.44,18.28,16.5,47.0,17.1,49.98666666666666,1024.0,15.633333333333333
2024-12-25 15:00:00,0.0,0.0,0.0,228.22,9.94,17.4,93.0,17.1,50.27333333333333,1024.2033333333334,15.626666666666665
2024-12-25 16:00:00,0.0,0.0,0.0,237.22,2.08,16.8,56.0,17.1,50.31333333333333,1024.0533333333333,15.653333333333334
2024-12-25 17:00:00,0.0,0.0,0.0,246.25,-8.04,16.3,98.0,17.1,50.49666666666667,1024.3766666666668,15.646666666666667
2024-12-25 18:00:00,0.0,0.0,0.0,254.0,-17.76,15.6,100.0,17.1,50.49333333333334,1024.6533333333334,15.653333333333334
2024-12-25 19:00:00,0.0,0.0,0.0,262.77,-29.34,15.2,96.0,17.1,50.556666666666665,1024.6533333333334,15.656666666666666
2024-12-25 20:00:00,0.0,0.0,0.0,272.01,-40.89,14.8,52.0,17.0,50.29333333333333,1024.6266666666668,15.68
2024-12-25 21:00:00,0.0,0.0,0.0,283.29,-52.33,13.6,100.0,17.0,50.39333333333334,1025.0033333333333,15.666666666666666
2024-12-26 07:00:00,0.0,0.0,0.0,122.25,1.59,9.1,4.0,16.8,53.31,1024.8533333333332,15.383333333333333
2024-12-26 08:00:00,0.0,0.0,0.0,130.88,9.26,8.8,8.0,16.8,53.74333333333333,1025.2766666666666,15.33
2024-12-26 09:00:00,0.0,0.0,0.0,143.43,17.7,8.3,19.0,16.8,54.17666666666667,1025.6366666666665,15.353333333333333
2024-12-26 10:00:00,0.0,0.0,0.0,156.77,23.46,8.3,29.0,16.7,54.550000000000004,1025.3366666666668,15.40333333333333
2024-12-26 11:00:00,0.0,0.0,0.0,171.53,26.62,10.4,19.0,16.8,54.626666666666665,1025.1266666666668,15.463333333333333
2024-12-26 12:00:00,0.0,0.0,0.0,187.12,26.76,13.1,6.0,16.7,55.01333333333333,1024.0,15.486666666666666
2024-12-26 13:00:00,0.0,0.0,0.0,201.97,23.85,15.1,8.0,16.8,55.05666666666667,1023.7766666666666,15.496666666666664
2024-12-26 14:00:00,0.0,0.0,0.0,215.46,18.31,15.9,3.0,16.7,54.82666666666666,1023.5499999999998,15.520000000000001
2024-12-26 15:00:00,0.0,0.0,0.0,228.27,9.95,16.2,11.0,16.8,54.63666666666666,1023.4500000000002,15.54
2024-12-26 16:00:00,0.0,0.0,0.0,236.97,2.39,16.3,37.0,16.7,54.63,1023.6266666666667,15.56
2024-12-26 17:00:00,0.0,0.0,0.0,245.9,-7.57,15.9,45.0,16.8,54.48,1024.0266666666666,15.54
2024-12-26 18:00:00,0.0,0.0,0.0,254.05,-17.76,15.0,34.0,16.7,54.32,1024.5133333333333,15.553333333333333
2024-12-26 19:00:00,0.0,0.0,0.0,262.82,-29.34,14.0,11.0,16.8,54.32,1025.3033333333333,15.526666666666666
2024-12-26 20:00:00,0.0,0.0,0.0,272.07,-40.89,13.5,5.0,16.7,54.5,1025.4266666666665,15.516666666666666
2024-12-26 21:00:00,0.0,0.0,0.0,283.37,-52.33,13.1,3.0,16.8,54.669999999999995,1025.6533333333334,15.473333333333334
2024-12-27 07:00:00,0.0,0.0,0.0,122.19,1.59,7.4,58.0,16.4,55.336666666666666,1026.6533333333334,14.963333333333333
2024-12-27 08:00:00,0.0,0.0,0.0,130.82,9.27,7.8,44.0,16.4,55.30333333333334,1026.9799999999998,14.843333333333334
2024-12-27 09:00:00,0.0,0.0,0.0,143.36,17.71,7.5,50.0,16.4,55.53666666666667,1027.42,14.75
2024-12-27 10:00:00,0.0,0.0,0.0,156.7,23.48,7.4,56.0,16.4,55.76,1027.2299999999998,14.813333333333333
2024-12-27 11:00:00,0.0,0.0,0.0,171.47,26.65,9.1,45.0,16.4,55.68333333333334,1026.58,14.873333333333335
2024-12-27 12:00:00,0.0,0.0,0.0,186.65,26.83,11.5,57.0,16.4,55.673333333333325,1025.9633333333334,14.926666666666668
2024-12-27 13:00:00,0.0,0.0,0.0,201.99,23.9,13.4,54.0,16.4,56.06999999999999,1025.4033333333334,14.973333333333334
2024-12-27 14:00:00,0.0,0.0,0.0,215.48,18.35,14.6,48.0,16.4,56.21,1025.4033333333334,15.01
2024-12-27 15:00:00,0.0,0.0,0.0,228.12,10.13,14.5,58.0,16.4,56.1,1025.6266666666668,14.973333333333334
2024-12-27 16:00:00,0.0,0.0,0.0,236.88,2.54,14.8,43.0,16.4,55.99333333333334,1025.7266666666667,14.979999999999999
2024-12-27 17:00:00,0.0,0.0,0.0,245.97,-7.58,14.9,37.0,16.4,56.03,1026.2033333333334,14.96
2024-12-27 18:00:00,0.0,0.0,0.0,254.11,-17.76,14.5,38.0,16.3,56.22,1026.6533333333334,14.926666666666668
2024-12-27 19:00:00,0.0,0.0,0.0,262.89,-29.35,13.6,4.0,16.4,56.35,1026.72,14.916666666666666
2024-12-27 20:00:00,0.0,0.0,0.0,272.15,-40.89,12.9,21.0,16.3,56.48,1026.7033333333331,14.910000000000002
2024-12-27 21:00:00,0.0,0.0,0.0,283.47,-52.33,12.0,41.0,16.3,56.48333333333333,1026.7533333333333,14.846666666666666
2024-12-28 07:00:00,0.0,0.0,0.0,122.13,1.59,6.9,2.0,15.9,56.199999999999996,1026.4033333333334,14.053333333333335
2024-12-28 08:00:00,0.0,0.0,0.0,130.75,9.28,6.6,1.0,15.9,55.51666666666667,1026.5533333333333,13.860000000000001
2024-12-28 09:00:00,0.0,0.0,0.0,143.27,17.73,6.4,2.0,15.9,55.01666666666667,1026.68,13.736666666666666
2024-12-28 10:00:00,0.0,0.0,0.0,156.62,23.51,6.5,3.0,15.7,54.5,1026.49,13.876666666666665
2024-12-28 11:00:00,0.0,0.0,0.0,171.39,26.7,8.3,4.0,15.7,54.089999999999996,1025.6933333333334,14.063333333333333
2024-12-28 12:00:00,0.0,0.0,0.0,186.66,26.88,10.7,4.0,15.7,53.910000000000004,1024.7666666666667,14.136666666666665
2024-12-28 13:00:00,0.0,0.0,0.0,202.01,23.95,13.2,3.0,15.7,53.61333333333334,1023.85,14.24
2024-12-28 14:00:00,0.0,0.0,0.0,215.51,18.39,14.7,1.0,15.7,53.52333333333333,1023.85,14.35
2024-12-28 15:00:00,0.0,0.0,0.0,228.18,10.15,15.9,2.0,15.8,53.69,1023.9266666666666,14.463333333333333
2024-12-28 16:00:00,0.0,0.0,0.0,236.96,2.53,16.1,2.0,15.8,53.92333333333334,1023.8766666666667,14.463333333333333
2024-12-28 17:00:00,0.0,0.0,0.0,246.04,-7.58,16.0,0.0,15.8,53.97,1024.0266666666666,14.466666666666667
2024-12-28 18:00:00,0.0,0.0,0.0,254.18,-17.76,15.3,0.0,15.8,54.02333333333333,1024.4266666666665,14.43
2024-12-28 19:00:00,0.0,0.0,0.0,262.97,-29.35,13.8,0.0,15.8,54.22666666666667,1024.8533333333332,14.43
2024-12-28 20:00:00,0.0,0.0,0.0,272.23,-40.89,13.0,0.0,15.7,54.529999999999994,1024.8766666666668,14.4
2024-12-28 21:00:00,0.0,0.0,0.0,283.58,-52.33,12.2,0.0,15.8,54.72666666666667,1024.8766666666668,14.366666666666667
2024-12-29 07:00:00,0.0,0.0,0.0,122.05,1.6,5.5,0.0,15.4,53.23333333333333,1025.0433333333333,13.756666666666668
2024-12-29 08:00:00,0.0,0.0,0.0,130.66,9.28,5.4,0.0,15.3,52.99666666666666,1025.3533333333332,13.596666666666666
2024-12-29 09:00:00,0.0,0.0,0.0,143.18,17.74,5.5,0.0,15.3,52.51333333333334,1025.5533333333335,13.459999999999999
2024-12-29 10:00:00,0.0,0.0,0.0,156.52,23.54,5.8,0.0,15.3,52.11000000000001,1025.4033333333334,13.476666666666667
2024-12-29 11:00:00,0.0,0.0,0.0,171.3,26.75,7.6,1.0,15.3,51.88666666666666,1025.1133333333335,13.61
2024-12-29 12:00:00,0.0,0.0,0.0,186.66,26.94,10.2,1.0,15.2,51.830000000000005,1023.9266666666667,13.693333333333333
2024-12-29 13:00:00,0.0,0.0,0.0,202.03,24.0,12.6,0.0,15.3,51.81,1023.6,13.75
2024-12-29 14:00:00,0.0,0.0,0.0,215.55,18.45,14.1,0.0,15.3,51.78666666666667,1023.3766666666667,13.79
2024-12-29 15:00:00,0.0,0.0,0.0,228.25,10.17,15.2,0.0,15.3,51.870000000000005,1023.6,13.823333333333332
2024-12-29 16:00:00,0.0,0.0,0.0,237.05,2.53,15.3,0.0,15.2,51.91,1023.8766666666667,13.853333333333333
2024-12-29 17:00:00,0.0,0.0,0.0,246.12,-7.58,15.0,0.0,15.3,52.03,1024.2766666666666,13.85
2024-12-29 18:00:00,0.0,0.0,0.0,254.26,-17.76,14.2,0.0,15.2,52.296666666666674,1024.6033333333332,13.866666666666667
2024-12-29 19:00:00,0.0,0.0,0.0,263.05,-29.36,12.7,0.0,15.2,52.663333333333334,1025.2266666666667,13.85
2024-12-29 20:00:00,0.0,0.0,0.0,272.34,-40.9,11.6,0.0,15.2,53.083333333333336,1025.2266666666667,13.799999999999999
2024-12-29 21:00:00,0.0,0.0,0.0,283.7,-52.33,11.3,0.0,15.2,53.51,1025.5533333333333,13.713333333333333
2024-12-30 07:00:00,0.0,0.0,0.0,121.79,1.44,6.1,24.0,14.8,52.84666666666667,1026.1200000000001,13.126666666666665
2024-12-30 08:00:00,0.0,0.0,0.0,130.37,9.13,6.2,8.0,14.8,52.78333333333333,1026.59,13.01
2024-12-30 09:00:00,0.0,0.0,0.0,143.07,17.76,5.8,4.0,14.8,52.64333333333334,1027.03,12.99
2024-12-30 10:00:00,0.0,0.0,0.0,156.41,23.58,6.0,3.0,14.7,52.446666666666665,1026.6033333333332,13.020000000000001
2024-12-30 11:00:00,0.0,0.0,0.0,171.21,26.8,7.5,2.0,14.7,52.29,1026.0733333333333,13.133333333333335
2024-12-30 12:00:00,0.0,0.0,0.0,186.15,27.06,10.2,2.0,14.7,52.300000000000004,1025.0866666666668,13.200000000000001
2024-12-30 13:00:00,0.0,0.0,0.0,201.1,24.35,12.7,5.0,14.7,52.46666666666667,1024.2533333333333,13.283333333333333
2024-12-30 14:00:00,0.0,0.0,0.0,214.73,18.95,14.0,1.0,14.7,52.49333333333333,1023.2266666666668,13.35
2024-12-30 15:00:00,0.0,0.0,0.0,227.8,10.59,14.7,8.0,14.7,52.48333333333333,1023.9500000000002,13.4
2024-12-30 16:00:00,0.0,0.0,0.0,236.99,2.67,14.9,1.0,14.7,52.71333333333333,1024.2766666666666,13.476666666666667
2024-12-30 17:00:00,0.0,0.0,0.0,246.22,-7.58,14.7,2.0,14.8,52.836666666666666,1024.5533333333335,13.443333333333333
2024-12-30 18:00:00,0.0,0.0,0.0,254.36,-17.76,14.1,1.0,14.7,52.96666666666667,1024.9533333333331,13.453333333333333
2024-12-30 19:00:00,0.0,0.0,0.0,263.15,-29.36,12.7,1.0,14.8,53.21333333333333,1025.3533333333332,13.450000000000001
2024-12-30 20:00:00,0.0,0.0,0.0,272.45,-40.9,11.6,1.0,14.7,53.68,1025.6533333333334,13.413333333333334
2024-12-30 21:00:00,0.0,0.0,0.0,283.84,-52.33,11.3,1.0,14.7,54.43666666666667,1025.7533333333333,13.293333333333331
2024-12-31 07:00:00,0.0,0.0,0.0,121.69,1.44,7.6,100.0,14.4,56.629999999999995,1026.04,12.943333333333333
2024-12-31 08:00:00,0.0,0.0,0.0,130.26,9.13,8.1,96.0,14.4,57.02,1026.58,12.873333333333335
2024-12-31 09:00:00,0.0,0.0,0.0,142.94,17.77,8.5,95.0,14.4,57.076666666666675,1026.99,12.893333333333333
2024-12-31 10:00:00,0.0,0.0,0.0,156.29,23.61,8.7,72.0,14.4,56.830000000000005,1027.03,12.936666666666667
2024-12-31 11:00:00,0.0,0.0,0.0,171.09,26.86,9.6,97.0,14.4,57.10666666666666,1026.5133333333333,12.966666666666667
2024-12-31 12:00:00,0.0,0.0,0.0,186.15,27.14,10.8,100.0,14.4,58.096666666666664,1025.7766666666666,12.913333333333332
2024-12-31 13:00:00,0.0,0.0,0.0,201.12,24.42,12.3,100.0,14.4,58.43,1025.3266666666666,12.956666666666669
2024-12-31 14:00:00,0.0,0.0,0.0,214.77,19.01,13.2,100.0,14.3,58.553333333333335,1025.2533333333333,13.0
2024-12-31 15:00:00,0.0,0.0,0.0,227.89,10.62,13.4,98.0,14.4,58.44,1025.3033333333335,13.043333333333335
2024-12-31 16:00:00,0.0,0.0,0.0,237.11,2.67,12.8,78.0,14.4,58.25333333333333,1025.3766666666668,13.060000000000002
2024-12-31 17:00:00,0.0,0.0,0.0,245.78,-6.93,13.1,38.0,14.4,58.339999999999996,1025.6533333333334,13.083333333333334
2024-12-31 18:00:00,0.0,0.0,0.0,253.79,-16.91,12.9,42.0,14.3,58.61333333333334,1026.03,13.073333333333332
2024-12-31 19:00:00,0.0,0.0,0.0,263.26,-29.36,12.1,52.0,14.4,58.73,1026.49,13.083333333333334
2024-12-31 20:00:00,0.0,0.0,0.0,272.58,-40.9,10.2,96.0,14.4,59.06666666666666,1026.6533333333334,13.093333333333334
2024-12-31 21:00:00,0.0,0.0,0.0,284.0,-52.33,10.5,100.0,14.4,59.92333333333334,1026.6033333333332,13.073333333333332
2025-01-01 07:00:00,0.0,0.0,0.0,121.57,1.44,7.2,70.0,14.2,61.916666666666664,1026.28,12.833333333333334
2025-01-01 08:00:00,0.0,0.0,0.0,130.14,9.14,7.2,59.0,14.2,61.906666666666666,1026.5533333333333,12.816666666666668
2025-01-01 09:00:00,0.0,0.0,0.0,142.81,17.79,6.8,61.0,14.2,62.68333333333334,1026.93,12.776666666666666
2025-01-01 10:00:00,0.0,0.0,0.0,156.16,23.66,6.9,62.0,14.2,63.46,1026.7533333333333,12.776666666666666
2025-01-01 11:00:00,0.0,0.0,0.0,170.97,26.93,8.3,51.0,14.2,64.32666666666667,1026.18,12.81
2025-01-01 12:00:00,0.0,0.0,0.0,186.16,27.22,10.5,98.0,14.2,64.64999999999999,1025.3533333333332,12.86
2025-01-01 13:00:00,0.0,0.0,0.0,201.15,24.5,11.9,61.0,14.2,64.46,1024.6033333333332,12.933333333333332
2025-01-01 14:00:00,0.0,0.0,0.0,214.81,19.08,12.9,92.0,14.2,64.58999999999999,1024.2266666666667,12.953333333333333
2025-01-01 15:00:00,0.0,0.0,0.0,227.76,10.83,13.4,57.0,14.2,64.86666666666666,1024.2766666666666,13.020000000000001
2025-01-01 16:00:00,0.0,0.0,0.0,236.88,3.02,13.5,53.0,14.2,64.62666666666667,1024.5533333333335,13.020000000000001
2025-01-01 17:00:00,0.0,0.0,0.0,245.54,-6.51,13.5,40.0,14.2,64.71,1025.4533333333331,13.053333333333333
2025-01-01 18:00:00,0.0,0.0,0.0,253.9,-16.91,13.2,42.0,14.2,64.36666666666667,1025.0533333333333,13.019999999999998
2025-01-01 19:00:00,0.0,0.0,0.0,263.38,-29.37,12.0,34.0,14.2,64.12,1025.1033333333332,13.026666666666666
2025-01-01 20:00:00,0.0,0.0,0.0,272.72,-40.91,11.6,32.0,14.2,63.919999999999995,1025.3033333333333,13.063333333333333
2025-01-01 21:00:00,0.0,0.0,0.0,284.17,-52.33,10.6,34.0,14.2,63.76333333333333,1025.2366666666667,13.016666666666666
2025-01-02 07:00:00,0.0,0.0,0.0,121.46,1.45,6.0,2.0,14.0,63.11666666666667,1023.75,12.616666666666667
2025-01-02 08:00:00,0.0,0.0,0.0,130.01,9.15,5.9,3.0,14.0,62.43333333333334,1023.9766666666668,12.65333333333333
2025-01-02 09:00:00,0.0,0.0,0.0,142.66,17.82,5.8,26.0,14.0,62.24,1024.1133333333335,12.596666666666666
2025-01-02 10:00:00,0.0,0.0,0.0,156.01,23.7,6.1,47.0,14.0,61.98666666666667,1023.8866666666667,12.61
2025-01-02 11:00:00,0.0,0.0,0.0,170.83,27.01,7.6,29.0,14.0,61.74,1022.93,12.700000000000001
2025-01-02 12:00:00,0.0,0.0,0.0,186.16,27.31,9.8,4.0,14.1,61.39333333333334,1021.7000000000002,12.796666666666667
2025-01-02 13:00:00,0.0,0.0,0.0,201.18,24.59,12.3,0.0,14.0,61.169999999999995,1020.89,12.903333333333334
2025-01-02 14:00:00,0.0,0.0,0.0,214.86,19.16,14.3,0.0,14.1,60.85333333333333,1019.7033333333333,13.030000000000001
2025-01-02 15:00:00,0.0,0.0,0.0,227.86,10.86,15.4,0.0,14.1,60.593333333333334,1019.8866666666667,13.156666666666666
2025-01-02 16:00:00,0.0,0.0,0.0,237.02,3.01,15.9,0.0,14.1,60.526666666666664,1019.5966666666667,13.136666666666665
2025-01-02 17:00:00,0.0,0.0,0.0,245.66,-6.51,16.0,0.0,14.2,60.54333333333333,1019.7233333333334,13.113333333333332
2025-01-02 18:00:00,0.0,0.0,0.0,254.02,-16.91,15.4,52.0,14.1,60.51666666666667,1020.1966666666667,13.073333333333332
2025-01-02 19:00:00,0.0,0.0,0.0,263.52,-29.37,13.9,76.0,14.2,60.54333333333333,1020.5633333333334,13.01
2025-01-02 20:00:00,0.0,0.0,0.0,272.87,-40.91,12.6,13.0,14.1,60.59666666666667,1021.75,12.976666666666667
2025-01-02 21:00:00,0.0,0.0,0.0,284.36,-52.33,11.6,12.0,14.1,60.51666666666667,1021.15,12.953333333333333
2025-01-03 07:00:00,0.0,0.0,0.0,121.32,1.45,10.2,23.0,13.8,58.70333333333334,1018.8333333333334,12.566666666666665
2025-01-03 08:00:00,0.0,0.0,0.0,129.87,9.16,10.5,70.0,13.8,58.53,1019.0733333333334,12.523333333333333
2025-01-03 09:00:00,0.0,0.0,0.0,142.51,17.84,10.6,58.0,13.8,58.343333333333334,1019.4466666666667,12.553333333333333
2025-01-03 10:00:00,0.0,0.0,0.0,155.86,23.76,10.8,58.0,13.8,58.126666666666665,1018.7566666666667,12.6
2025-01-03 11:00:00,0.0,0.0,0.0,170.69,27.09,12.4,46.0,13.8,57.61333333333334,1018.1,12.683333333333332
2025-01-03 12:00:00,0.0,0.0,0.0,186.16,27.41,14.2,63.0,13.8,56.916666666666664,1016.5366666666665,12.86
2025-01-03 13:00:00,0.0,0.0,0.0,201.22,24.68,15.4,35.0,13.8,56.5,1015.3433333333332,13.06
2025-01-03 14:00:00,0.0,0.0,0.0,214.91,19.25,16.6,26.0,13.8,54.120000000000005,1015.2733333333332,13.44
2025-01-03 15:00:00,0.0,0.0,0.0,227.73,11.09,17.7,67.0,13.9,51.23333333333333,1015.2733333333332,13.62
2025-01-03 16:00:00,0.0,0.0,0.0,237.0,3.15,18.3,65.0,14.0,52.126666666666665,1015.27,13.546666666666667
2025-01-03 17:00:00,0.0,0.0,0.0,245.79,-6.52,18.1,50.0,14.0,52.65333333333333,1015.7400000000001,13.473333333333334
2025-01-03 18:00:00,0.0,0.0,0.0,254.16,-16.91,17.2,63.0,13.9,52.14666666666667,1016.2800000000001,13.473333333333334
2025-01-03 19:00:00,0.0,0.0,0.0,263.66,-29.37,16.3,78.0,14.0,51.79,1016.58,13.433333333333332
2025-01-03 20:00:00,0.0,0.0,0.0,273.04,-40.92,15.7,58.0,14.0,52.43666666666667,1016.9466666666667,13.38
2025-01-03 21:00:00,0.0,0.0,0.0,284.57,-52.33,14.6,100.0,14.0,53.03666666666667,1017.2199999999999,13.356666666666667
2025-01-04 07:00:00,0.0,0.0,0.0,121.18,1.46,11.7,97.0,13.9,55.643333333333324,1016.87,12.969999999999999
2025-01-04 08:00:00,0.0,0.0,0.0,129.72,9.17,11.2,98.0,13.9,55.67666666666667,1017.1966666666667,12.966666666666667
2025-01-04 09:00:00,0.0,0.0,0.0,142.34,17.86,10.8,99.0,13.9,55.76,1017.5200000000001,12.976666666666667
2025-01-04 10:00:00,0.0,0.0,0.0,155.69,23.81,10.7,100.0,13.9,55.74333333333334,1017.3466666666667,13.033333333333331
2025-01-04 11:00:00,0.0,0.0,0.0,170.53,27.17,12.0,100.0,13.9,55.60666666666666,1016.73,13.146666666666667
2025-01-04 12:00:00,0.0,0.0,0.0,186.16,27.51,13.8,100.0,13.9,55.23333333333333,1015.84,13.293333333333331
2025-01-04 13:00:00,0.0,0.0,0.0,201.25,24.78,15.2,82.0,14.0,54.75,1014.7333333333332,13.496666666666668
2025-01-04 14:00:00,0.0,0.0,0.0,214.96,19.34,16.5,28.0,14.0,54.28666666666667,1013.9166666666666,13.770000000000001
2025-01-04 15:00:00,0.0,0.0,0.0,227.91,11.08,17.8,10.0,14.1,54.26666666666667,1013.1433333333333,13.876666666666665
2025-01-04 16:00:00,0.0,0.0,0.0,237.17,3.14,18.4,3.0,14.1,54.38,1014.0433333333334,13.796666666666667
2025-01-04 17:00:00,0.0,0.0,0.0,245.94,-6.52,18.2,3.0,14.2,54.49,1014.1933333333333,13.74
2025-01-04 18:00:00,0.0,0.0,0.0,254.3,-16.91,17.0,27.0,14.2,54.68666666666667,1014.6433333333333,13.673333333333334
2025-01-04 19:00:00,0.0,0.0,0.0,263.81,-29.38,15.0,9.0,14.2,54.72,1014.5433333333334,13.62
2025-01-04 20:00:00,0.0,0.0,0.0,273.21,-40.92,13.9,92.0,14.2,54.800000000000004,1014.3433333333332,13.613333333333335
2025-01-04 21:00:00,0.0,0.0,0.0,284.79,-52.33,13.6,95.0,14.2,54.78666666666666,1014.2266666666668,13.586666666666668
2025-01-05 07:00:00,0.0,0.0,0.0,121.03,1.46,11.1,85.0,14.1,55.02333333333333,1010.9900000000001,13.263333333333334
2025-01-05 08:00:00,0.0,0.0,0.0,129.56,9.18,10.9,87.0,14.1,55.29333333333333,1011.44,13.22
2025-01-05 09:00:00,0.0,0.0,0.0,142.15,17.89,10.7,100.0,14.1,55.31333333333333,1011.44,13.26
2025-01-05 10:00:00,0.0,0.0,0.0,155.51,23.87,10.8,94.0,14.1,55.32666666666666,1010.6233333333333,13.356666666666667
2025-01-05 11:00:00,0.0,0.0,0.0,170.44,27.27,11.6,94.0,14.2,55.54666666666666,1009.62,13.469999999999999
2025-01-05 12:00:00,0.0,0.0,0.0,186.17,27.62,14.0,100.0,14.2,55.98,1008.4466666666667,13.623333333333333
2025-01-05 13:00:00,0.0,0.0,0.0,201.29,24.88,14.9,100.0,14.2,56.43000000000001,1006.9366666666666,13.74
2025-01-05 14:00:00,0.0,0.0,0.0,215.02,19.44,16.3,92.0,14.3,56.54,1006.3866666666667,13.886666666666665
2025-01-05 15:00:00,0.0,0.0,0.0,227.8,11.32,17.1,98.0,14.3,56.5,1006.3866666666667,13.923333333333332
2025-01-05 16:00:00,0.0,0.0,0.0,237.0,3.47,17.9,99.0,14.3,56.60666666666666,1005.8866666666667,13.950000000000001
2025-01-05 17:00:00,0.0,0.0,0.0,245.74,-6.11,18.2,100.0,14.4,56.94,1006.21,13.959999999999999
2025-01-05 18:00:00,0.0,0.0,0.0,254.45,-16.92,17.4,100.0,14.4,56.85666666666666,1006.3366666666666,13.863333333333335
2025-01-05 19:00:00,0.0,0.0,0.0,263.97,-29.38,15.8,100.0,14.4,56.96666666666667,1006.11,13.83
2025-01-05 20:00:00,0.0,0.0,0.0,273.4,-40.93,14.6,84.0,14.4,56.900000000000006,1005.9866666666667,13.770000000000001
2025-01-05 21:00:00,0.0,0.0,0.0,285.03,-52.33,13.9,96.0,14.4,56.81666666666666,1005.4666666666667,13.76
2025-01-06 07:00:00,0.0,0.0,0.0,120.87,1.47,12.1,100.0,14.4,54.63666666666666,1002.4333333333334,14.666666666666666
2025-01-06 08:00:00,0.0,0.0,0.0,129.38,9.2,11.8,96.0,14.8,53.29,1002.6066666666667,15.453333333333333
2025-01-06 09:00:00,0.0,0.0,0.0,141.96,17.92,11.9,69.0,15.9,52.973333333333336,1002.9666666666667,15.729999999999999
2025-01-06 10:00:00,0.0,0.0,0.0,155.32,23.93,11.8,82.0,16.5,52.63333333333333,1002.8933333333333,16.006666666666664
2025-01-06 11:00:00,0.0,0.0,0.0,170.18,27.36,12.8,100.0,17.0,52.45333333333334,1002.3233333333333,16.246666666666666
2025-01-06 12:00:00,0.0,0.0,0.0,185.75,27.77,15.0,100.0,17.4,52.336666666666666,1001.6066666666667,16.5
2025-01-06 13:00:00,0.0,0.0,0.0,201.33,25.0,17.0,100.0,17.7,52.26666666666667,1001.0,16.72
2025-01-06 14:00:00,0.0,0.0,0.0,215.08,19.55,18.2,100.0,18.0,52.120000000000005,1000.88,16.93
2025-01-06 15:00:00,0.0,0.0,0.0,227.93,11.37,16.9,100.0,18.3,51.870000000000005,1001.23,17.12
2025-01-06 16:00:00,0.0,0.0,0.0,237.19,3.46,16.4,100.0,18.5,51.81999999999999,1001.6666666666666,17.19333333333333
2025-01-06 17:00:00,0.0,0.0,0.0,245.91,-6.11,16.2,100.0,18.8,51.666666666666664,1002.7233333333334,17.30333333333333
2025-01-06 18:00:00,0.0,0.0,0.0,254.61,-16.92,16.4,100.0,19.0,50.416666666666664,1003.9233333333333,17.37333333333333
2025-01-06 19:00:00,0.0,0.0,0.0,264.15,-29.39,15.4,81.0,19.2,49.120000000000005,1005.0433333333334,17.37333333333333
2025-01-06 20:00:00,0.0,0.0,0.0,273.6,-40.94,14.8,14.0,19.3,49.126666666666665,1006.0266666666666,16.86666666666667
2025-01-06 21:00:00,0.0,0.0,0.0,285.28,-52.32,14.2,61.0,19.4,50.42666666666667,1006.9466666666667,16.266666666666666
2025-01-07 07:00:00,0.0,0.0,0.0,120.7,1.47,10.2,0.0,17.0,52.593333333333334,1013.9766666666668,17.173333333333332
2025-01-07 08:00:00,0.0,0.0,0.0,129.2,9.21,9.9,8.0,17.8,57.446666666666665,1014.85,18.849999999999998
2025-01-07 09:00:00,0.0,0.0,0.0,141.75,17.95,9.3,0.0,19.1,58.26,1015.4333333333334,19.51666666666667
2025-01-07 10:00:00,0.0,0.0,0.0,155.11,24.0,8.9,5.0,20.2,50.54333333333333,1015.6899999999999,18.913333333333334
2025-01-07 11:00:00,0.0,0.0,0.0,169.99,27.47,10.0,5.0,20.7,48.21333333333334,1015.29,19.396666666666665
2025-01-07 12:00:00,0.0,0.0,0.0,185.75,27.89,11.8,5.0,20.4,50.31333333333333,1014.4666666666666,20.12
2025-01-07 13:00:00,0.0,0.0,0.0,201.39,25.12,13.3,57.0,20.8,44.86666666666667,1013.8233333333333,19.326666666666668
2025-01-07 14:00:00,0.0,0.0,0.0,215.16,19.65,14.6,42.0,21.4,43.373333333333335,1013.4133333333333,18.59
2025-01-07 15:00:00,0.0,0.0,0.0,227.82,11.62,16.1,2.0,20.5,49.60999999999999,1013.8166666666666,19.57
2025-01-07 16:00:00,0.0,0.0,0.0,237.22,3.6,16.2,3.0,20.4,51.84666666666667,1014.1933333333333,20.03
2025-01-07 17:00:00,0.0,0.0,0.0,246.08,-6.12,15.5,24.0,20.6,50.93333333333334,1014.5633333333332,19.676666666666666
2025-01-07 18:00:00,0.0,0.0,0.0,254.78,-16.92,15.0,93.0,21.0,52.93333333333333,1015.3933333333334,20.363333333333333
2025-01-07 19:00:00,0.0,0.0,0.0,264.34,-29.4,14.2,73.0,21.5,52.84666666666667,1015.7533333333334,20.12666666666667
2025-01-07 20:00:00,0.0,0.0,0.0,273.82,-40.94,13.4,23.0,22.0,49.01333333333333,1016.1533333333333,18.863333333333333
2025-01-07 21:00:00,0.0,0.0,0.0,285.54,-52.32,12.7,49.0,21.5,48.51,1016.62,17.926666666666666
2025-01-08 07:00:00,0.0,0.0,0.0,120.52,1.48,12.8,14.0,18.6,53.6,1014.9333333333334,18.006666666666664
2025-01-08 08:00:00,0.0,0.0,0.0,129.0,9.22,12.7,45.0,18.9,58.71,1015.0,19.433333333333334
2025-01-08 09:00:00,0.0,0.0,0.0,141.53,17.98,12.3,15.0,20.3,61.81,1014.9233333333333,19.956666666666667
2025-01-08 10:00:00,0.0,0.0,0.0,154.89,24.06,12.2,75.0,21.0,57.16,1014.3666666666667,19.203333333333333
2025-01-08 11:00:00,0.0,0.0,0.0,169.8,27.58,13.2,91.0,21.2,55.77,1013.3333333333334,19.37
2025-01-08 12:00:00,0.0,0.0,0.0,185.21,28.08,14.7,95.0,20.7,54.116666666666674,1012.5266666666666,19.60333333333333
2025-01-08 13:00:00,0.0,0.0,0.0,200.44,25.52,15.7,99.0,21.0,49.99666666666667,1012.1466666666666,18.923333333333332
2025-01-08 14:00:00,0.0,0.0,0.0,214.35,20.22,16.4,100.0,21.1,43.843333333333334,1011.6666666666666,19.03333333333333
2025-01-08 15:00:00,0.0,0.0,0.0,227.59,11.94,18.2,74.0,20.3,45.663333333333334,1011.5799999999999,19.656666666666666
2025-01-08 16:00:00,0.0,0.0,0.0,237.43,3.58,19.4,98.0,20.8,51.72,1011.09,20.426666666666666
2025-01-08 17:00:00,0.0,0.0,0.0,246.27,-6.12,19.5,100.0,21.2,47.626666666666665,1011.14,20.356666666666666
2025-01-08 18:00:00,0.0,0.0,0.0,254.96,-16.92,19.1,100.0,21.3,48.953333333333326,1011.6166666666667,20.846666666666668
2025-01-08 19:00:00,0.0,0.0,0.0,264.53,-29.4,18.3,100.0,22.1,52.803333333333335,1012.02,20.78
2025-01-08 20:00:00,0.0,0.0,0.0,274.04,-40.95,18.0,99.0,22.3,46.89666666666667,1012.34,19.613333333333333
2025-01-08 21:00:00,0.0,0.0,0.0,285.82,-52.32,17.7,82.0,21.9,43.60333333333333,1012.66,18.95
2025-01-09 07:00:00,0.0,0.0,0.0,120.33,1.48,14.6,86.0,19.6,51.63666666666666,1013.4833333333332,18.936666666666667
2025-01-09 08:00:00,0.0,0.0,0.0,128.8,9.24,14.5,95.0,20.0,52.03,1014.5166666666668,20.233333333333334
2025-01-09 09:00:00,0.0,0.0,0.0,141.31,18.01,14.4,98.0,21.3,50.70666666666667,1014.9699999999999,21.013333333333332
2025-01-09 10:00:00,0.0,0.0,0.0,154.67,24.14,14.5,87.0,21.9,50.04333333333333,1015.3100000000001,21.043333333333333
2025-01-09 11:00:00,0.0,0.0,0.0,169.58,27.69,15.3,91.0,22.1,47.76333333333333,1014.9399999999999,21.213333333333335
2025-01-09 12:00:00,0.0,0.0,0.0,185.2,28.22,16.5,42.0,22.3,47.21,1014.7700000000001,21.516666666666666
2025-01-09 13:00:00,0.0,0.0,0.0,200.49,25.66,17.7,19.0,22.2,44.9,1014.2933333333334,21.226666666666667
2025-01-09 14:00:00,0.0,0.0,0.0,214.43,20.34,18.7,13.0,22.1,43.95333333333334,1014.5166666666668,20.72
2025-01-09 15:00:00,0.0,0.0,0.0,227.46,12.23,20.7,8.0,22.1,44.919999999999995,1015.2133333333335,21.033333333333335
2025-01-09 16:00:00,0.0,0.0,0.0,237.48,3.72,21.4,1.0,22.4,44.96333333333333,1015.52,21.153333333333332
2025-01-09 17:00:00,0.0,0.0,0.0,246.46,-6.13,21.3,2.0,22.7,46.68,1016.18,20.953333333333337
2025-01-09 18:00:00,0.0,0.0,0.0,255.15,-16.92,20.8,36.0,22.4,47.370000000000005,1016.6266666666667,20.643333333333334
2025-01-09 19:00:00,0.0,0.0,0.0,264.73,-29.41,19.6,26.0,22.5,50.52333333333333,1017.2566666666667,20.88
2025-01-09 20:00:00,0.0,0.0,0.0,274.28,-40.96,18.1,68.0,22.9,51.17333333333334,1017.8166666666666,20.486666666666665
2025-01-09 21:00:00,0.0,0.0,0.0,286.11,-52.32,16.6,3.0,22.9,51.24333333333334,1017.9699999999999,20.150000000000002
2025-01-10 07:00:00,0.0,0.0,0.0,120.29,1.65,12.6,4.0,20.6,52.45666666666667,1019.2966666666666,19.413333333333334
2025-01-10 08:00:00,0.0,0.0,0.0,128.78,9.42,12.5,0.0,21.0,55.00666666666667,1019.3766666666667,20.180000000000003
2025-01-10 09:00:00,0.0,0.0,0.0,141.07,18.05,12.6,15.0,21.8,55.953333333333326,1019.4133333333333,20.716666666666665
2025-01-10 10:00:00,0.0,0.0,0.0,154.42,24.21,13.0,29.0,22.3,56.41,1019.8833333333333,20.636666666666667
2025-01-10 11:00:00,0.0,0.0,0.0,169.36,27.81,14.5,64.0,22.0,58.67333333333334,1019.2633333333333,21.353333333333335
2025-01-10 12:00:00,0.0,0.0,0.0,185.19,28.37,16.1,47.0,21.9,57.55666666666667,1018.0266666666666,21.73
2025-01-10 13:00:00,0.0,0.0,0.0,200.54,25.8,17.8,39.0,22.1,52.92333333333334,1016.86,20.973333333333333
2025-01-10 14:00:00,0.0,0.0,0.0,214.5,20.47,19.4,58.0,22.2,52.080000000000005,1016.7966666666666,20.509999999999998
2025-01-10 15:00:00,0.0,0.0,0.0,227.49,12.4,20.7,55.0,21.9,51.01333333333334,1016.5966666666667,20.246666666666666
2025-01-10 16:00:00,0.0,0.0,0.0,237.38,4.03,21.0,45.0,22.2,50.73333333333333,1016.71,20.14
2025-01-10 17:00:00,0.0,0.0,0.0,245.85,-5.15,20.8,47.0,22.5,49.97333333333333,1017.3566666666667,19.853333333333335
2025-01-10 18:00:00,0.0,0.0,0.0,254.71,-16.1,20.0,28.0,22.3,49.11666666666667,1017.5866666666666,19.650000000000002
2025-01-10 19:00:00,0.0,0.0,0.0,264.95,-29.41,18.3,19.0,22.5,48.79333333333333,1018.16,19.57
2025-01-10 20:00:00,0.0,0.0,0.0,274.53,-40.96,17.2,0.0,22.0,48.04333333333333,1018.3366666666667,19.62
2025-01-10 21:00:00,0.0,0.0,0.0,286.42,-52.31,16.5,1.0,21.9,48.17666666666667,1018.11,19.496666666666666
2025-01-11 07:00:00,0.0,0.0,0.0,119.98,1.55,16.0,100.0,20.9,50.71666666666667,1016.4933333333333,18.966666666666665
2025-01-11 08:00:00,0.0,0.0,0.0,128.4,9.3,16.3,100.0,20.9,51.19,1016.4233333333333,18.936666666666667
2025-01-11 09:00:00,0.0,0.0,0.0,140.81,18.08,16.5,100.0,20.9,52.06666666666666,1016.3133333333332,18.903333333333332
2025-01-11 10:00:00,0.0,0.0,0.0,154.17,24.29,16.7,100.0,20.8,52.71333333333333,1017.5566666666667,18.926666666666666
2025-01-11 11:00:00,0.0,0.0,0.0,169.12,27.94,17.3,100.0,20.8,53.04333333333333,1016.9466666666667,19.17
2025-01-11 12:00:00,0.0,0.0,0.0,184.83,28.55,18.8,9.0,20.8,52.71333333333333,1015.6733333333333,19.376666666666665
2025-01-11 13:00:00,0.0,0.0,0.0,200.59,25.95,20.7,25.0,20.9,51.15,1015.3433333333334,19.576666666666664
2025-01-11 14:00:00,0.0,0.0,0.0,214.58,20.61,21.7,2.0,20.9,49.120000000000005,1015.34,19.51666666666667
2025-01-11 15:00:00,0.0,0.0,0.0,227.63,12.48,23.1,11.0,21.0,47.06,1016.16,19.653333333333336
2025-01-11 16:00:00,0.0,0.0,0.0,237.62,4.01,24.2,6.0,20.9,45.98,1017.4966666666666,19.686666666666667
2025-01-11 17:00:00,0.0,0.0,0.0,246.06,-5.16,23.6,4.0,21.0,45.723333333333336,1018.34,19.593333333333334
2025-01-11 18:00:00,0.0,0.0,0.0,254.92,-16.1,22.9,2.0,21.0,45.173333333333325,1018.5566666666667,19.526666666666667
2025-01-11 19:00:00,0.0,0.0,0.0,265.18,-29.42,22.0,7.0,20.9,44.586666666666666,1018.9466666666667,19.39
2025-01-11 20:00:00,0.0,0.0,0.0,274.79,-40.97,21.0,5.0,20.8,45.13333333333333,1019.1966666666667,19.38
2025-01-11 21:00:00,0.0,0.0,0.0,286.75,-52.31,19.0,73.0,20.8,45.48333333333333,1019.5333333333334,19.296666666666667
2025-01-12 07:00:00,0.0,0.0,0.0,119.87,1.67,12.6,14.0,19.6,36.053333333333335,1019.8366666666667,17.883333333333336
2025-01-12 08:00:00,0.0,0.0,0.0,128.59,9.66,12.5,5.0,19.4,36.31,1020.1533333333333,17.86
2025-01-12 09:00:00,0.0,0.0,0.0,141.39,18.6,12.3,3.0,19.3,36.38333333333333,1019.7266666666668,17.966666666666665
2025-01-12 10:00:00,0.0,0.0,0.0,154.87,24.71,12.1,3.0,19.3,35.86666666666667,1020.2666666666668,18.103333333333335
2025-01-12 11:00:00,0.0,0.0,0.0,169.92,28.21,13.9,19.0,19.4,35.22333333333333,1019.9133333333333,18.19666666666667
2025-01-12 12:00:00,0.0,0.0,0.0,185.3,28.69,15.1,24.0,19.4,35.53333333333333,1018.8933333333333,18.30666666666667
2025-01-12 13:00:00,0.0,0.0,0.0,200.64,26.11,15.7,7.0,19.4,36.07333333333333,1018.4133333333333,18.426666666666666
2025-01-12 14:00:00,0.0,0.0,0.0,214.66,20.75,16.4,0.0,19.5,36.95666666666667,1018.6366666666667,18.49333333333333
2025-01-12 15:00:00,0.0,0.0,0.0,227.49,12.8,18.6,0.0,19.7,37.65333333333333,1019.0733333333334,18.546666666666667
2025-01-12 16:00:00,0.0,0.0,0.0,237.55,4.3,18.3,14.0,19.7,38.07666666666666,1019.7133333333333,18.59
2025-01-12 17:00:00,0.0,0.0,0.0,246.28,-5.16,16.9,1.0,19.8,38.64,1020.8333333333334,18.570000000000004
2025-01-12 18:00:00,0.0,0.0,0.0,255.13,-16.11,15.7,1.0,19.7,39.346666666666664,1021.5300000000001,18.580000000000002
2025-01-12 19:00:00,0.0,0.0,0.0,265.41,-29.43,14.9,0.0,19.8,39.94,1022.3766666666667,18.59
2025-01-12 20:00:00,0.0,0.0,0.0,275.07,-40.97,13.7,0.0,19.8,40.870000000000005,1022.9,18.580000000000002
2025-01-12 21:00:00,0.0,0.0,0.0,287.09,-52.3,12.7,11.0,19.9,41.403333333333336,1023.3499999999999,18.580000000000002
2025-01-13 07:00:00,0.0,0.0,0.0,119.64,1.67,6.0,4.0,19.1,40.03666666666667,1023.2866666666665,17.416666666666668
2025-01-13 08:00:00,0.0,0.0,0.0,128.34,9.68,5.9,11.0,19.2,44.0,1023.5766666666667,19.473333333333333
2025-01-13 09:00:00,0.0,0.0,0.0,141.12,18.65,5.7,4.0,20.1,42.17,1023.8066666666667,19.69666666666667
2025-01-13 10:00:00,0.0,0.0,0.0,154.6,24.8,5.7,0.0,20.7,40.153333333333336,1023.89,19.903333333333332
2025-01-13 11:00:00,0.0,0.0,0.0,169.67,28.35,7.2,0.0,20.9,37.49666666666666,1023.1266666666667,20.296666666666667
2025-01-13 12:00:00,0.0,0.0,0.0,185.29,28.86,9.9,0.0,20.9,35.97,1022.4266666666666,20.033333333333335
2025-01-13 13:00:00,0.0,0.0,0.0,200.7,26.27,12.1,0.0,21.2,35.346666666666664,1021.8633333333333,19.673333333333332
2025-01-13 14:00:00,0.0,0.0,0.0,214.75,20.9,13.3,0.0,20.7,34.74666666666666,1021.3499999999999,19.060000000000002
2025-01-13 15:00:00,0.0,0.0,0.0,227.63,12.91,14.2,0.0,21.0,35.50333333333333,1021.7733333333334,19.69666666666667
2025-01-13 16:00:00,0.0,0.0,0.0,237.66,4.44,14.1,0.0,21.5,34.03,1022.41,20.14
2025-01-13 17:00:00,0.0,0.0,0.0,246.19,-4.76,13.6,0.0,21.6,33.86333333333333,1023.0166666666668,20.256666666666664
2025-01-13 18:00:00,0.0,0.0,0.0,255.36,-16.11,12.6,0.0,20.9,34.21,1023.64,20.936666666666667
2025-01-13 19:00:00,0.0,0.0,0.0,265.66,-29.43,11.5,0.0,21.1,34.083333333333336,1024.216666666667,21.223333333333333
2025-01-13 20:00:00,0.0,0.0,0.0,275.35,-40.98,11.0,0.0,21.4,34.75666666666666,1025.0133333333333,20.453333333333333
2025-01-13 21:00:00,0.0,0.0,0.0,287.44,-52.3,10.5,0.0,21.4,35.48333333333334,1025.4766666666667,19.666666666666668
2025-01-14 07:00:00,0.0,0.0,0.0,119.4,1.68,3.7,0.0,19.1,36.699999999999996,1026.28,18.396666666666665
2025-01-14 08:00:00,0.0,0.0,0.0,128.09,9.69,3.3,0.0,19.5,40.68333333333334,1026.6899999999998,19.503333333333334
2025-01-14 09:00:00,0.0,0.0,0.0,140.83,18.69,3.2,0.0,20.6,36.583333333333336,1027.0033333333333,19.776666666666667
2025-01-14 10:00:00,0.0,0.0,0.0,154.32,24.89,3.4,0.0,21.2,35.66666666666667,1026.89,19.846666666666664
2025-01-14 11:00:00,0.0,0.0,0.0,169.41,28.49,5.6,0.0,21.5,39.02,1026.2433333333333,20.896666666666665
2025-01-14 12:00:00,0.0,0.0,0.0,185.27,29.04,8.8,0.0,21.7,34.43000000000001,1025.3533333333332,21.27
2025-01-14 13:00:00,0.0,0.0,0.0,200.76,26.44,11.3,0.0,21.7,30.026666666666667,1024.2866666666666,20.286666666666665
2025-01-14 14:00:00,0.0,0.0,0.0,214.84,21.06,12.5,0.0,21.4,29.566666666666666,1023.6266666666667,19.333333333333332
2025-01-14 15:00:00,0.0,0.0,0.0,227.47,13.26,12.9,0.0,21.0,32.70333333333333,1023.9,19.97
2025-01-14 16:00:00,0.0,0.0,0.0,237.76,4.58,12.9,0.0,21.4,31.14333333333333,1023.9,20.389999999999997
2025-01-14 17:00:00,0.0,0.0,0.0,246.43,-4.77,12.7,0.0,21.6,33.623333333333335,1024.1866666666667,20.266666666666666
2025-01-14 18:00:00,0.0,0.0,0.0,255.59,-16.11,12.1,0.0,21.6,37.98333333333333,1024.7533333333333,20.823333333333334
2025-01-14 19:00:00,0.0,0.0,0.0,265.91,-29.44,10.5,0.0,22.2,40.07666666666666,1025.0366666666666,21.066666666666666
2025-01-14 20:00:00,0.0,0.0,0.0,275.65,-40.99,9.5,0.0,21.8,37.89666666666667,1025.2533333333333,20.180000000000003
2025-01-14 21:00:00,0.0,0.0,0.0,287.81,-52.29,8.9,0.0,21.8,37.47,1025.5266666666666,19.26
2025-01-15 07:00:00,0.0,0.0,0.0,119.15,1.69,2.2,0.0,19.2,34.81,1023.6266666666667,18.209999999999997
2025-01-15 08:00:00,0.0,0.0,0.0,127.83,9.71,2.0,0.0,19.4,39.446666666666665,1023.9,19.546666666666667
2025-01-15 09:00:00,0.0,0.0,0.0,140.54,18.73,1.7,0.0,20.6,42.19,1023.6,20.08666666666667
2025-01-15 10:00:00,0.0,0.0,0.0,154.02,24.98,2.2,0.0,21.4,36.050000000000004,1023.7266666666668,19.846666666666664
2025-01-15 11:00:00,0.0,0.0,0.0,169.14,28.64,4.4,0.0,21.9,32.98666666666666,1022.7800000000001,20.13
2025-01-15 12:00:00,0.0,0.0,0.0,185.26,29.22,7.5,0.0,22.1,30.39333333333333,1021.4733333333334,20.37
2025-01-15 13:00:00,0.0,0.0,0.0,200.82,26.62,10.5,0.0,22.8,27.69666666666667,1020.0666666666666,19.926666666666666
2025-01-15 14:00:00,0.0,0.0,0.0,214.94,21.22,12.2,0.0,22.7,26.87,1019.1366666666667,19.116666666666664
2025-01-15 15:00:00,0.0,0.0,0.0,227.56,13.43,13.7,12.0,21.8,27.310000000000002,1018.7466666666666,19.326666666666668
2025-01-15 16:00:00,0.0,0.0,0.0,237.71,4.87,14.1,0.0,21.8,29.51,1018.5966666666667,19.57
2025-01-15 17:00:00,0.0,0.0,0.0,246.38,-4.4,14.1,51.0,21.7,34.71,1018.4733333333334,19.80333333333333
2025-01-15 18:00:00,0.0,0.0,0.0,255.84,-16.12,13.7,55.0,21.8,37.87333333333333,1018.4233333333333,20.293333333333337
2025-01-15 19:00:00,0.0,0.0,0.0,266.18,-29.45,11.6,84.0,22.6,40.96333333333334,1018.3666666666667,20.433333333333334
2025-01-15 20:00:00,0.0,0.0,0.0,275.96,-41.0,10.7,86.0,22.1,40.9,1017.98,19.843333333333334
2025-01-15 21:00:00,0.0,0.0,0.0,288.19,-52.29,9.8,45.0,22.0,40.163333333333334,1017.57,18.933333333333334
2025-01-16 07:00:00,0.0,0.0,0.0,118.9,1.7,3.1,0.0,19.5,32.54666666666666,1019.5733333333334,17.763333333333332
2025-01-16 08:00:00,0.0,0.0,0.0,127.55,9.73,4.1,2.0,19.7,36.623333333333335,1020.0166666666668,19.2
2025-01-16 09:00:00,0.0,0.0,0.0,140.24,18.78,5.5,33.0,20.8,39.42666666666667,1020.5,19.906666666666666
2025-01-16 10:00:00,0.0,0.0,0.0,153.72,25.08,7.5,0.0,21.7,40.11666666666667,1020.4333333333333,19.386666666666667
2025-01-16 11:00:00,0.0,0.0,0.0,168.86,28.79,9.8,2.0,21.8,44.25,1019.8466666666667,20.293333333333337
2025-01-16 12:00:00,0.0,0.0,0.0,184.88,29.43,11.7,5.0,21.8,44.29,1019.0666666666666,20.53
2025-01-16 13:00:00,0.0,0.0,0.0,200.89,26.8,12.7,23.0,22.2,42.36666666666667,1018.4233333333333,20.23
2025-01-16 14:00:00,0.0,0.0,0.0,215.04,21.39,12.8,31.0,22.3,38.73,1018.1966666666667,19.323333333333334
2025-01-16 15:00:00,0.0,0.0,0.0,227.7,13.56,12.9,34.0,22.0,44.74,1018.6233333333333,19.53
2025-01-16 16:00:00,0.0,0.0,0.0,238.01,4.85,12.6,19.0,22.5,46.473333333333336,1019.6366666666667,19.856666666666666
2025-01-16 17:00:00,0.0,0.0,0.0,246.64,-4.41,11.5,52.0,23.0,47.21,1021.09,20.03
2025-01-16 18:00:00,0.0,0.0,0.0,256.09,-16.12,9.8,92.0,23.1,45.830000000000005,1021.5833333333334,20.673333333333332
2025-01-16 19:00:00,0.0,0.0,0.0,266.45,-29.46,8.7,100.0,23.3,45.85999999999999,1022.1133333333333,20.173333333333332
2025-01-16 20:00:00,0.0,0.0,0.0,276.27,-41.0,9.1,98.0,23.5,45.56666666666666,1021.8233333333334,19.013333333333335
2025-01-16 21:00:00,0.0,0.0,0.0,288.58,-52.27,8.9,100.0,23.0,45.673333333333325,1021.9900000000001,18.44
2025-01-17 07:00:00,0.0,0.0,0.0,118.8,1.87,9.0,92.0,19.9,48.49333333333334,1022.84,17.723333333333333
2025-01-17 08:00:00,0.0,0.0,0.0,127.47,9.92,9.1,50.0,20.1,51.70666666666667,1023.5766666666667,18.493333333333336
2025-01-17 09:00:00,0.0,0.0,0.0,139.93,18.83,9.3,57.0,21.3,52.53666666666667,1023.9766666666668,19.366666666666667
2025-01-17 10:00:00,0.0,0.0,0.0,153.41,25.18,9.7,86.0,22.1,52.72666666666667,1024.216666666667,19.63
2025-01-17 11:00:00,0.0,0.0,0.0,168.57,28.95,9.8,93.0,22.0,54.73,1023.5966666666667,20.53666666666667
2025-01-17 12:00:00,0.0,0.0,0.0,184.85,29.62,10.1,99.0,21.6,56.11333333333334,1023.04,21.05666666666667
2025-01-17 13:00:00,0.0,0.0,0.0,200.96,26.98,10.2,100.0,22.3,66.56,1022.5333333333333,21.386666666666667
2025-01-17 14:00:00,1338.0,90.0,90.0,215.14,21.56,10.9,94.0,22.8,48.376666666666665,1022.43,19.76
2025-01-17 15:00:00,2404.0,0.0,0.0,227.51,13.96,11.8,95.0,22.4,46.406666666666666,1022.6066666666667,19.626666666666665
2025-01-17 16:00:00,0.0,0.0,0.0,237.97,5.15,12.5,100.0,22.1,45.446666666666665,1022.8133333333334,19.83666666666667
2025-01-17 17:00:00,0.0,0.0,0.0,246.64,-4.08,12.3,97.0,22.3,44.84666666666667,1023.1066666666667,19.923333333333336
2025-01-17 18:00:00,0.0,0.0,0.0,256.35,-16.12,12.0,82.0,22.4,44.38333333333333,1023.4766666666666,19.976666666666663
2025-01-17 19:00:00,85.0,0.0,0.0,266.74,-29.46,11.9,86.0,23.1,43.68000000000001,1023.5500000000001,20.126666666666665
2025-01-17 20:00:00,0.0,0.0,0.0,276.6,-41.0,11.6,87.0,23.3,44.199999999999996,1023.5,19.48
2025-01-17 21:00:00,0.0,0.0,0.0,288.99,-52.26,11.7,53.0,23.2,45.01,1023.6166666666668,18.846666666666668
2025-01-18 07:00:00,0.0,0.0,0.0,118.53,1.88,5.8,9.0,20.3,41.690000000000005,1021.3166666666666,16.59
2025-01-18 08:00:00,0.0,0.0,0.0,127.17,9.94,5.8,0.0,20.1,41.126666666666665,1021.3333333333334,16.353333333333335
2025-01-18 09:00:00,0.0,0.0,0.0,139.6,18.87,5.8,0.0,20.0,40.5,1021.5766666666667,16.12666666666667
2025-01-18 10:00:00,0.0,0.0,0.0,153.08,25.28,6.0,0.0,19.9,40.526666666666664,1021.29,16.136666666666667
2025-01-18 11:00:00,0.0,0.0,0.0,168.26,29.11,7.9,10.0,19.7,40.59,1020.3433333333334,16.25
2025-01-18 12:00:00,0.0,0.0,0.0,184.28,29.87,10.8,58.0,19.6,40.57,1019.3666666666667,16.41
2025-01-18 13:00:00,0.0,0.0,0.0,200.02,27.45,13.5,93.0,19.6,40.626666666666665,1018.37,16.47
2025-01-18 14:00:00,0.0,0.0,0.0,214.36,22.18,15.2,97.0,19.5,40.796666666666674,1018.4333333333333,16.533333333333335
2025-01-18 15:00:00,0.0,0.0,0.0,226.87,14.68,15.9,92.0,19.5,40.87,1018.1,16.606666666666666
2025-01-18 16:00:00,0.0,0.0,0.0,237.95,5.45,15.8,98.0,19.4,41.120000000000005,1018.1333333333333,16.62
2025-01-18 17:00:00,0.0,0.0,0.0,246.66,-3.78,15.2,100.0,19.4,41.333333333333336,1018.4166666666666,16.61
2025-01-18 18:00:00,0.0,0.0,0.0,255.74,-14.99,14.0,100.0,19.3,41.67333333333334,1018.6666666666666,16.580000000000002
2025-01-18 19:00:00,0.0,0.0,0.0,264.0,-25.62,11.9,99.0,19.3,42.25666666666667,1018.7999999999998,16.573333333333334
2025-01-18 20:00:00,0.0,0.0,0.0,273.46,-37.17,10.7,54.0,19.2,42.85999999999999,1018.6333333333333,16.503333333333334
2025-01-18 21:00:00,0.0,0.0,0.0,284.81,-48.57,10.3,88.0,19.2,43.39000000000001,1018.84,16.393333333333334
2025-01-19 07:00:00,0.0,0.0,0.0,118.25,1.89,4.9,100.0,18.5,41.89,1017.0,15.713333333333333
2025-01-19 08:00:00,0.0,0.0,0.0,127.18,10.2,4.5,100.0,18.4,41.62,1017.2833333333333,15.616666666666667
2025-01-19 09:00:00,0.0,0.0,0.0,140.11,19.42,4.0,100.0,18.3,41.45,1017.5333333333333,15.523333333333333
2025-01-19 10:00:00,0.0,0.0,0.0,153.72,25.73,4.0,88.0,18.2,41.39333333333334,1017.4399999999999,15.453333333333333
2025-01-19 11:00:00,0.0,0.0,0.0,169.01,29.43,6.1,25.0,18.1,41.18666666666667,1016.7566666666667,15.42
2025-01-19 12:00:00,0.0,0.0,0.0,184.8,30.07,9.0,86.0,18.1,41.02,1015.9933333333333,15.466666666666667
2025-01-19 13:00:00,0.0,0.0,0.0,200.08,27.65,11.6,25.0,18.1,41.04,1014.9066666666668,15.506666666666666
2025-01-19 14:00:00,0.0,0.0,0.0,214.46,22.36,13.2,4.0,18.0,41.063333333333325,1014.2333333333335,15.51
2025-01-19 15:00:00,0.0,0.0,0.0,227.0,14.85,14.4,0.0,18.0,41.163333333333334,1014.4000000000001,15.549999999999999
2025-01-19 16:00:00,0.0,0.0,0.0,238.1,5.59,14.8,0.0,18.0,41.28,1014.7066666666666,15.56
2025-01-19 17:00:00,0.0,0.0,0.0,246.57,-3.32,14.8,0.0,18.0,41.54666666666666,1015.2666666666668,15.549999999999999
2025-01-19 18:00:00,0.0,0.0,0.0,255.41,-14.22,14.2,0.0,17.9,41.98666666666667,1015.36,15.503333333333332
2025-01-19 19:00:00,0.0,0.0,0.0,264.29,-25.63,12.3,0.0,17.9,42.57666666666666,1015.5500000000001,15.479999999999999
2025-01-19 20:00:00,0.0,0.0,0.0,273.79,-37.18,11.2,17.0,17.8,43.220000000000006,1015.5166666666668,15.469999999999999
2025-01-19 21:00:00,0.0,0.0,0.0,285.22,-48.56,10.4,91.0,17.8,43.669999999999995,1015.5833333333334,15.386666666666665
2025-01-20 07:00:00,2129.0,10257.0,10257.0,117.96,1.9,7.1,28.0,17.3,48.339999999999996,1013.7666666666668,16.79
2025-01-20 08:00:00,65.0,18000.0,18000.0,126.86,10.22,7.1,40.0,17.6,50.529999999999994,1013.6899999999999,18.7
2025-01-20 09:00:00,759.0,18000.0,18000.0,139.77,19.47,6.8,45.0,19.1,48.56666666666667,1013.8433333333332,18.990000000000002
2025-01-20 10:00:00,1838.0,18000.0,18000.0,153.38,25.84,6.9,99.0,20.0,48.123333333333335,1014.3800000000001,19.133333333333333
2025-01-20 11:00:00,215.0,18000.0,18000.0,168.69,29.61,8.4,93.0,20.1,51.083333333333336,1013.8633333333333,19.986666666666668
2025-01-20 12:00:00,576.0,18000.0,18000.0,184.42,30.3,10.4,93.0,20.5,50.22666666666667,1012.94,20.08666666666667
2025-01-20 13:00:00,182.0,18000.0,18000.0,200.16,27.85,12.7,64.0,20.4,47.75,1011.9933333333332,19.706666666666667
2025-01-20 14:00:00,167.0,18000.0,18000.0,214.57,22.55,14.8,100.0,20.6,47.02,1011.6566666666668,19.206666666666667
2025-01-20 15:00:00,3277.0,18000.0,18000.0,227.14,15.02,14.8,100.0,20.7,48.89333333333334,1011.5866666666667,19.536666666666665
2025-01-20 16:00:00,3600.0,18000.0,18000.0,238.26,5.73,15.3,64.0,20.6,48.78,1011.3233333333334,20.039999999999996
2025-01-20 17:00:00,3600.0,18000.0,18000.0,246.64,-3.05,15.4,79.0,20.9,49.339999999999996,1011.7333333333332,19.950000000000003
2025-01-20 18:00:00,3178.0,18000.0,18000.0,255.7,-14.23,14.8,100.0,20.9,49.330000000000005,1012.0766666666667,20.483333333333334
2025-01-20 19:00:00,176.0,18000.0,18000.0,264.59,-25.64,13.8,100.0,21.2,50.56333333333333,1012.4933333333333,20.953333333333333
2025-01-20 20:00:00,0.0,18000.0,18000.0,274.14,-37.19,12.9,100.0,21.3,51.89666666666667,1012.35,19.849999999999998
2025-01-20 21:00:00,0.0,18000.0,18000.0,285.63,-48.56,12.5,100.0,21.4,52.45666666666667,1012.1333333333332,18.72666666666667
2025-01-21 07:00:00,1381.0,18000.0,18000.0,118.03,2.3,10.2,100.0,19.2,60.57,1010.1266666666667,18.416666666666668
2025-01-21 08:00:00,959.0,18000.0,18000.0,126.75,10.42,9.9,100.0,19.6,60.43333333333334,1010.2566666666667,19.64
2025-01-21 09:00:00,454.0,18000.0,18000.0,139.42,19.53,10.0,98.0,20.8,59.95333333333334,1011.1833333333334,19.96
2025-01-21 10:00:00,2267.0,18000.0,18000.0,153.03,25.95,10.1,98.0,21.3,59.94333333333333,1011.2833333333334,19.846666666666668
2025-01-21 11:00:00,3600.0,18000.0,18000.0,168.37,29.79,11.2,78.0,21.6,58.663333333333334,1010.4533333333334,20.66333333333333
2025-01-21 12:00:00,3600.0,18000.0,18000.0,184.38,30.52,13.1,100.0,21.5,57.946666666666665,1009.5466666666666,21.106666666666666
2025-01-21 13:00:00,1256.0,18000.0,18000.0,200.23,28.07,14.7,100.0,21.7,58.32666666666666,1008.64,20.606666666666666
2025-01-21 14:00:00,1016.0,18000.0,18000.0,214.69,22.75,14.7,85.0,22.0,59.653333333333336,1007.9333333333334,19.583333333333332
2025-01-21 15:00:00,147.0,18000.0,18000.0,227.28,15.19,16.5,100.0,22.3,63.29,1008.2266666666668,20.146666666666665
2025-01-21 16:00:00,243.0,18000.0,18000.0,238.45,5.87,16.2,100.0,22.4,62.73666666666667,1008.07,21.38
2025-01-21 17:00:00,2238.0,9427.0,9427.0,246.89,-3.01,15.9,100.0,22.8,59.52,1008.2666666666668,21.246666666666666
2025-01-21 18:00:00,483.0,7200.0,7200.0,255.99,-14.23,15.3,60.0,23.0,58.91,1008.5166666666668,20.966666666666665
2025-01-21 19:00:00,341.0,1520.0,1520.0,266.21,-27.26,14.1,100.0,23.0,59.73333333333334,1008.7533333333334,20.78333333333333
2025-01-21 20:00:00,0.0,0.0,0.0,276.69,-39.61,13.4,96.0,22.9,60.196666666666665,1008.8233333333334,19.993333333333336
2025-01-21 21:00:00,0.0,0.0,0.0,288.95,-50.86,12.9,92.0,22.4,60.09,1008.89,19.463333333333335
2025-01-22 07:00:00,3600.0,0.0,0.0,117.73,2.31,9.7,80.0,20.3,54.68,1007.2800000000001,19.27
2025-01-22 08:00:00,3286.0,0.0,0.0,126.45,10.47,9.5,93.0,20.6,55.166666666666664,1007.4433333333333,19.926666666666666
2025-01-22 09:00:00,46.0,0.0,0.0,139.06,19.58,9.1,20.0,21.2,56.09,1007.8166666666667,20.259999999999998
2025-01-22 10:00:00,967.0,0.0,0.0,152.67,26.07,9.0,78.0,22.0,57.36333333333334,1007.6333333333332,20.203333333333333
2025-01-22 11:00:00,835.0,0.0,0.0,168.03,29.97,10.6,12.0,22.3,58.64666666666667,1006.6999999999999,21.07
2025-01-22 12:00:00,414.0,0.0,0.0,184.34,30.75,13.8,39.0,21.8,59.156666666666666,1005.5966666666667,21.823333333333334
2025-01-22 13:00:00,73.0,0.0,0.0,200.3,28.29,16.8,61.0,22.3,57.28333333333333,1004.7999999999998,21.413333333333338
2025-01-22 14:00:00,453.0,0.0,0.0,214.81,22.95,19.0,30.0,22.6,56.92666666666667,1004.4266666666667,20.626666666666665
2025-01-22 15:00:00,3600.0,0.0,0.0,227.43,15.38,19.5,67.0,22.7,47.71333333333333,1004.5266666666666,20.59
2025-01-22 16:00:00,3326.0,0.0,0.0,238.77,5.87,19.9,42.0,22.7,44.0,1005.15,20.576666666666668
2025-01-22 17:00:00,3510.0,0.0,0.0,247.18,-2.99,19.4,2.0,22.6,44.410000000000004,1005.4933333333333,21.113333333333333
2025-01-22 18:00:00,3600.0,0.0,0.0,256.3,-14.23,18.2,51.0,22.9,45.73333333333334,1006.15,21.663333333333338
2025-01-22 19:00:00,2800.0,0.0,0.0,265.95,-26.55,16.8,27.0,23.4,47.19,1006.3800000000001,21.63
2025-01-22 20:00:00,0.0,0.0,0.0,275.66,-38.1,16.0,53.0,24.0,47.93333333333334,1006.6366666666667,20.843333333333334
2025-01-22 21:00:00,0.0,0.0,0.0,287.56,-49.41,14.8,90.0,23.7,48.70000000000001,1007.29,20.336666666666662
2025-01-23 07:00:00,2638.0,0.0,0.0,117.41,2.32,12.4,99.0,21.2,51.81666666666667,1010.0766666666667,19.7
2025-01-23 08:00:00,3600.0,0.0,0.0,126.11,10.49,12.3,67.0,21.2,52.653333333333336,1010.5833333333334,20.846666666666668
2025-01-23 09:00:00,3485.0,0.0,0.0,138.69,19.64,12.0,81.0,22.0,52.196666666666665,1010.7933333333334,21.676666666666666
2025-01-23 10:00:00,616.0,0.0,0.0,152.3,26.19,12.3,100.0,22.4,50.379999999999995,1011.5533333333333,21.8
2025-01-23 11:00:00,216.0,0.0,0.0,167.69,30.15,14.3,100.0,22.6,47.839999999999996,1011.5,21.790000000000003
2025-01-23 12:00:00,1115.0,0.0,0.0,184.01,30.99,16.3,91.0,22.5,49.050000000000004,1010.6933333333333,22.53
2025-01-23 13:00:00,762.0,0.0,0.0,200.38,28.51,18.2,3.0,23.5,47.76666666666667,1009.8266666666667,22.56
2025-01-23 14:00:00,857.0,0.0,0.0,214.93,23.16,19.7,1.0,24.1,46.29333333333333,1010.1,21.659999999999997
2025-01-23 15:00:00,1860.0,0.0,0.0,227.58,15.56,21.7,2.0,23.5,45.22,1010.4933333333333,21.743333333333336
2025-01-23 16:00:00,3153.0,0.0,0.0,238.8,6.17,22.1,2.0,23.3,43.546666666666674,1011.2633333333333,21.876666666666665
2025-01-23 17:00:00,2974.0,0.0,0.0,247.28,-2.73,22.0,3.0,23.3,46.39333333333334,1011.3166666666666,21.856666666666666
2025-01-23 18:00:00,3600.0,0.0,0.0,256.61,-14.24,21.3,5.0,23.7,48.10999999999999,1011.8666666666667,21.916666666666668
2025-01-23 19:00:00,3177.0,0.0,0.0,265.55,-25.65,19.4,4.0,23.9,48.04,1012.6899999999999,21.94333333333334
2025-01-23 20:00:00,0.0,0.0,0.0,275.22,-37.2,18.3,5.0,24.0,48.49,1013.36,21.67
2025-01-23 21:00:00,0.0,0.0,0.0,286.94,-48.53,17.7,0.0,24.1,48.98333333333333,1013.9333333333333,21.323333333333334
2025-01-24 07:00:00,517.0,0.0,0.0,117.26,2.5,12.7,0.0,21.9,52.849999999999994,1015.6733333333333,20.863333333333333
2025-01-24 08:00:00,148.0,0.0,0.0,126.32,10.97,12.7,1.0,22.0,55.333333333333336,1016.2433333333333,21.826666666666664
2025-01-24 09:00:00,425.0,0.0,0.0,139.16,20.2,13.4,2.0,22.4,54.63333333333333,1016.3933333333333,22.33666666666667
2025-01-24 10:00:00,864.0,0.0,0.0,152.9,26.66,14.0,25.0,22.7,52.1,1016.6566666666666,21.73
2025-01-24 11:00:00,941.0,0.0,0.0,168.41,30.5,15.6,35.0,23.0,49.699999999999996,1015.9133333333333,21.743333333333336
2025-01-24 12:00:00,3600.0,0.0,0.0,184.47,31.22,16.7,6.0,23.0,48.68333333333334,1015.0933333333332,21.676666666666666
2025-01-24 13:00:00,638.0,0.0,0.0,200.46,28.74,17.8,2.0,23.2,49.20666666666667,1013.8433333333332,21.506666666666664
2025-01-24 14:00:00,0.0,0.0,0.0,215.05,23.37,18.8,2.0,22.9,48.123333333333335,1013.4900000000001,21.26
2025-01-24 15:00:00,0.0,0.0,0.0,227.73,15.75,20.0,0.0,22.7,47.01666666666667,1013.2933333333334,21.133333333333333
2025-01-24 16:00:00,0.0,0.0,0.0,238.98,6.33,20.8,0.0,23.0,46.35333333333333,1013.0500000000001,21.00333333333333
2025-01-24 17:00:00,0.0,0.0,0.0,247.39,-2.49,21.3,1.0,23.5,46.49666666666667,1013.1,20.94666666666667
2025-01-24 18:00:00,0.0,0.0,0.0,256.92,-14.24,21.5,0.0,23.5,46.620000000000005,1013.1500000000001,20.813333333333333
2025-01-24 19:00:00,68.0,0.0,0.0,265.89,-25.66,18.3,0.0,23.5,46.906666666666666,1012.8000000000001,20.733333333333334
2025-01-24 20:00:00,0.0,0.0,0.0,275.6,-37.2,16.3,0.0,23.6,47.083333333333336,1013.0666666666666,20.596666666666668
2025-01-24 21:00:00,0.0,0.0,0.0,287.4,-48.52,15.7,0.0,23.5,47.39333333333334,1012.85,20.62
2025-01-25 07:00:00,0.0,0.0,0.0,116.93,2.51,12.2,7.0,22.1,48.72,1011.6766666666667,20.043333333333333
2025-01-25 08:00:00,0.0,0.0,0.0,125.96,10.99,12.5,1.0,22.1,48.88999999999999,1011.9333333333334,19.933333333333334
2025-01-25 09:00:00,0.0,0.0,0.0,138.77,20.26,12.8,42.0,22.0,49.04333333333333,1012.1566666666668,19.94666666666667
2025-01-25 10:00:00,0.0,0.0,0.0,152.51,26.79,13.7,100.0,21.9,49.17333333333334,1012.15,19.94
2025-01-25 11:00:00,0.0,0.0,0.0,168.06,30.7,15.3,100.0,21.9,49.46666666666666,1011.4666666666667,19.886666666666667
2025-01-25 12:00:00,0.0,0.0,0.0,184.43,31.47,16.8,100.0,21.8,49.116666666666674,1010.8866666666667,19.823333333333334
2025-01-25 13:00:00,0.0,0.0,0.0,200.54,28.98,16.9,96.0,21.8,47.88666666666666,1010.4333333333334,19.776666666666667
2025-01-25 14:00:00,0.0,0.0,0.0,215.18,23.59,18.3,92.0,21.7,47.22,1010.4166666666666,19.76
2025-01-25 15:00:00,0.0,0.0,0.0,227.89,15.95,18.9,100.0,21.7,47.46666666666667,1010.8699999999999,19.720000000000002
2025-01-25 16:00:00,0.0,0.0,0.0,239.34,6.33,17.9,90.0,21.6,47.94,1011.1933333333333,19.68
2025-01-25 17:00:00,0.0,0.0,0.0,247.74,-2.5,17.9,100.0,21.6,48.49,1011.6133333333333,19.656666666666666
2025-01-25 18:00:00,0.0,0.0,0.0,257.25,-14.24,17.5,100.0,21.6,48.629999999999995,1012.4933333333332,19.643333333333334
2025-01-25 19:00:00,0.0,0.0,0.0,266.23,-25.66,17.3,93.0,21.5,48.56333333333333,1013.2166666666666,19.643333333333334
2025-01-25 20:00:00,0.0,0.0,0.0,275.99,-37.21,16.2,99.0,21.5,48.403333333333336,1013.59,19.58666666666667
2025-01-25 21:00:00,0.0,0.0,0.0,287.87,-48.51,15.7,80.0,21.5,48.23333333333333,1014.7766666666666,19.536666666666665
2025-01-26 07:00:00,0.0,0.0,0.0,116.59,2.52,10.2,36.0,21.0,47.89666666666667,1016.4,19.126666666666665
2025-01-26 08:00:00,0.0,0.0,0.0,125.6,11.01,9.9,92.0,20.9,47.95333333333334,1016.5633333333334,19.03
2025-01-26 09:00:00,0.0,0.0,0.0,138.38,20.33,10.5,17.0,20.9,48.156666666666666,1015.9833333333332,18.856666666666666
2025-01-26 10:00:00,0.0,0.0,0.0,152.12,26.92,11.1,44.0,20.8,48.06333333333333,1016.0133333333333,18.823333333333334
2025-01-26 11:00:00,0.0,0.0,0.0,167.69,30.9,12.9,90.0,20.8,47.69,1015.5266666666666,18.819999999999997
2025-01-26 12:00:00,0.0,0.0,0.0,184.38,31.72,13.8,83.0,20.7,46.96,1014.6533333333333,18.843333333333334
2025-01-26 13:00:00,0.0,0.0,0.0,200.62,29.22,15.4,98.0,20.7,46.53333333333333,1013.2866666666667,18.89
2025-01-26 14:00:00,0.0,0.0,0.0,215.31,23.81,16.8,100.0,20.7,46.53,1012.2533333333334,18.933333333333334
2025-01-26 15:00:00,0.0,0.0,0.0,228.05,16.15,18.4,100.0,20.6,47.03,1011.6433333333334,18.97
2025-01-26 16:00:00,0.0,0.0,0.0,239.4,6.62,19.7,100.0,20.6,47.44333333333333,1011.6666666666666,18.98
2025-01-26 17:00:00,0.0,0.0,0.0,247.55,-1.88,19.5,100.0,20.6,48.053333333333335,1011.65,19.013333333333335
2025-01-26 18:00:00,0.0,0.0,0.0,256.98,-13.49,19.4,100.0,20.6,48.25666666666667,1011.5333333333333,18.919999999999998
2025-01-26 19:00:00,0.0,0.0,0.0,266.58,-25.67,17.4,88.0,20.6,48.446666666666665,1011.6066666666667,18.903333333333336
2025-01-26 20:00:00,0.0,0.0,0.0,276.39,-37.21,15.5,62.0,20.6,48.68333333333334,1011.5433333333334,18.886666666666667
2025-01-26 21:00:00,0.0,0.0,0.0,288.35,-48.49,14.9,23.0,20.5,48.94333333333333,1010.96,18.89
2025-01-27 07:00:00,920.0,0.0,0.0,116.42,2.7,17.9,97.0,20.4,57.573333333333345,1006.4733333333334,19.99
2025-01-27 08:00:00,136.0,0.0,0.0,125.45,11.24,17.9,60.0,20.8,56.846666666666664,1006.6033333333334,20.72666666666667
2025-01-27 09:00:00,277.0,0.0,0.0,137.98,20.39,18.3,46.0,21.4,54.70333333333334,1006.5166666666668,21.396666666666665
2025-01-27 10:00:00,172.0,0.0,0.0,151.72,27.05,18.6,87.0,21.7,54.129999999999995,1006.1633333333333,21.75
2025-01-27 11:00:00,356.0,0.0,0.0,167.31,31.11,19.7,49.0,21.7,50.44,1005.0066666666668,22.62
2025-01-27 12:00:00,140.0,0.0,0.0,184.04,31.99,21.4,21.0,22.1,47.99333333333334,1003.5533333333333,23.166666666666668
2025-01-27 13:00:00,758.0,0.0,0.0,200.71,29.47,22.9,98.0,22.4,48.81333333333333,1002.9499999999999,22.44666666666667
2025-01-27 14:00:00,361.0,0.0,0.0,215.45,24.04,23.3,68.0,22.4,47.72,1003.8766666666667,21.919999999999998
2025-01-27 15:00:00,3600.0,0.0,0.0,228.21,16.35,23.9,44.0,22.2,51.43666666666667,1003.35,21.893333333333334
2025-01-27 16:00:00,2286.0,0.0,0.0,239.59,6.79,24.5,76.0,22.8,52.879999999999995,1002.8633333333333,22.166666666666668
2025-01-27 17:00:00,3600.0,0.0,0.0,247.72,-1.67,23.5,40.0,23.0,53.74333333333333,1003.2333333333332,22.060000000000002
2025-01-27 18:00:00,3600.0,0.0,0.0,257.32,-13.49,23.1,14.0,23.1,54.97,1003.5666666666666,22.313333333333333
2025-01-27 19:00:00,3159.0,0.0,0.0,266.95,-25.67,22.0,18.0,23.4,54.086666666666666,1004.0300000000001,22.296666666666667
2025-01-27 20:00:00,0.0,0.0,0.0,276.8,-37.22,21.0,51.0,23.5,50.24333333333334,1004.3433333333334,21.563333333333333
2025-01-27 21:00:00,0.0,0.0,0.0,288.86,-48.49,20.2,39.0,23.4,47.25333333333333,1004.8833333333333,20.99
2025-01-28 07:00:00,1484.0,0.0,0.0,116.26,2.92,12.9,33.0,19.3,42.80666666666667,1010.9966666666668,19.57
2025-01-28 08:00:00,106.0,0.0,0.0,125.41,11.53,12.8,24.0,20.0,44.85333333333333,1012.7366666666667,20.963333333333335
2025-01-28 09:00:00,320.0,0.0,0.0,138.44,20.98,12.7,20.0,20.3,42.04333333333333,1012.5166666666668,20.983333333333334
2025-01-28 10:00:00,1539.0,0.0,0.0,152.32,27.55,12.7,77.0,20.9,38.900000000000006,1012.4966666666666,19.986666666666665
2025-01-28 11:00:00,22.0,0.0,0.0,168.05,31.49,13.4,91.0,21.6,40.413333333333334,1012.75,20.706666666666667
2025-01-28 12:00:00,333.0,0.0,0.0,184.53,32.24,14.0,62.0,21.4,38.82666666666667,1012.2033333333334,20.86
2025-01-28 13:00:00,436.0,0.0,0.0,200.8,29.72,15.2,98.0,21.3,32.306666666666665,1011.8866666666667,19.830000000000002
2025-01-28 14:00:00,2041.0,0.0,0.0,215.59,24.27,15.3,63.0,20.9,31.826666666666668,1012.5433333333334,19.38
2025-01-28 15:00:00,3089.0,0.0,0.0,228.38,16.56,16.0,18.0,20.7,33.24333333333333,1013.0633333333334,19.55333333333333
2025-01-28 16:00:00,187.0,0.0,0.0,239.79,6.97,16.3,21.0,21.2,35.763333333333335,1013.6466666666666,20.25
2025-01-28 17:00:00,3325.0,0.0,0.0,247.89,-1.47,16.9,64.0,20.9,34.836666666666666,1015.0133333333333,20.47
2025-01-28 18:00:00,3600.0,0.0,0.0,257.67,-13.5,16.1,7.0,21.0,35.02333333333333,1016.3733333333333,20.79
2025-01-28 19:00:00,3175.0,0.0,0.0,267.31,-25.68,15.8,0.0,21.3,35.89666666666667,1017.1833333333334,21.646666666666665
2025-01-28 20:00:00,0.0,0.0,0.0,277.22,-37.21,15.0,3.0,21.5,36.419999999999995,1017.4866666666667,20.923333333333336
2025-01-28 21:00:00,0.0,0.0,0.0,289.34,-48.45,14.4,3.0,21.7,36.75666666666667,1018.5233333333332,20.013333333333332
2025-01-29 07:00:00,792.0,0.0,0.0,116.07,3.1,11.1,48.0,20.6,45.06666666666666,1017.4433333333333,19.786666666666665
2025-01-29 08:00:00,137.0,0.0,0.0,125.25,11.76,10.6,33.0,21.0,52.28666666666667,1017.3733333333333,20.706666666666667
2025-01-29 09:00:00,349.0,0.0,0.0,138.0,21.04,10.2,76.0,21.1,49.78,1017.6066666666666,20.813333333333333
2025-01-29 10:00:00,1504.0,0.0,0.0,151.87,27.68,10.3,66.0,21.1,45.599999999999994,1016.89,20.53
2025-01-29 11:00:00,2539.0,186.0,186.0,167.63,31.69,11.2,99.0,20.9,44.95333333333334,1015.82,20.563333333333333
2025-01-29 12:00:00,3598.0,14400.0,14400.0,184.47,32.5,11.5,100.0,20.7,39.43333333333333,1014.1933333333333,19.63
2025-01-29 13:00:00,0.0,14400.0,14400.0,200.89,29.97,12.6,100.0,20.9,39.1,1012.7166666666667,19.66
2025-01-29 14:00:00,2127.0,14400.0,14400.0,215.73,24.5,13.2,100.0,21.1,38.50666666666666,1011.7199999999999,19.63
2025-01-29 15:00:00,3600.0,14400.0,14400.0,228.56,16.77,13.7,100.0,21.3,40.83,1010.1966666666667,20.153333333333332
2025-01-29 16:00:00,920.0,14400.0,14400.0,240.16,6.98,15.3,100.0,21.9,44.51666666666667,1009.16,20.816666666666666
2025-01-29 17:00:00,78.0,14400.0,14400.0,248.27,-1.49,15.9,100.0,22.3,44.81,1008.4900000000001,21.043333333333333
2025-01-29 18:00:00,32.0,14400.0,14400.0,258.03,-13.5,16.2,100.0,22.5,45.946666666666665,1007.8533333333334,21.303333333333335
2025-01-29 19:00:00,275.0,14400.0,14400.0,267.69,-25.68,15.6,100.0,22.3,47.49333333333333,1007.6666666666666,21.679999999999996
2025-01-29 20:00:00,0.0,14400.0,14400.0,277.64,-37.22,13.1,100.0,21.9,45.10666666666666,1007.04,21.256666666666664
2025-01-29 21:00:00,0.0,14400.0,14400.0,289.86,-48.43,13.3,93.0,21.8,43.656666666666666,1006.63,20.529999999999998
2025-01-30 07:00:00,669.0,14400.0,14400.0,115.7,3.11,10.2,1.0,20.3,41.49333333333333,1009.3333333333334,19.713333333333335
2025-01-30 08:00:00,57.0,14400.0,14400.0,124.85,11.78,10.0,0.0,20.7,43.35,1010.0333333333333,20.57
2025-01-30 09:00:00,794.0,14400.0,14400.0,137.58,21.11,9.9,1.0,21.1,42.67333333333334,1011.09,21.283333333333335
2025-01-30 10:00:00,81.0,14400.0,14400.0,151.45,27.82,10.3,1.0,21.3,39.26,1011.3433333333334,20.966666666666665
2025-01-30 11:00:00,103.0,14400.0,14400.0,167.24,31.91,11.9,66.0,21.5,35.11,1011.2133333333335,20.52
2025-01-30 12:00:00,167.0,14400.0,14400.0,184.12,32.79,14.1,69.0,21.1,34.96,1011.02,20.98
2025-01-30 13:00:00,1233.0,14400.0,14400.0,200.99,30.24,15.9,28.0,20.6,32.693333333333335,1011.0466666666666,20.33666666666667
2025-01-30 14:00:00,2061.0,14400.0,14400.0,215.87,24.75,17.0,25.0,21.3,33.013333333333335,1011.2733333333332,20.303333333333338
2025-01-30 15:00:00,3600.0,14400.0,14400.0,228.73,16.99,18.4,66.0,21.0,38.46,1011.69,20.746666666666666
2025-01-30 16:00:00,3376.0,14400.0,14400.0,240.25,7.28,15.2,100.0,22.2,38.703333333333326,1012.0933333333334,21.32
2025-01-30 17:00:00,2995.0,14400.0,14400.0,248.46,-1.3,12.8,99.0,22.9,37.85333333333333,1012.7400000000001,21.05666666666667
2025-01-30 18:00:00,2211.0,14400.0,14400.0,258.39,-13.5,13.8,71.0,22.5,34.55,1013.6266666666667,20.35
2025-01-30 19:00:00,190.0,9477.0,9477.0,268.07,-25.68,14.7,91.0,22.2,35.73666666666667,1014.5733333333333,20.553333333333335
2025-01-30 20:00:00,0.0,7200.0,7200.0,278.08,-37.22,14.4,76.0,22.0,35.870000000000005,1015.6666666666666,20.046666666666667
2025-01-30 21:00:00,0.0,7200.0,7200.0,290.37,-48.4,14.2,100.0,22.0,35.843333333333334,1016.7133333333333,19.62666666666667
2025-01-31 07:00:00,1109.0,7200.0,7200.0,115.46,3.26,10.9,34.0,20.2,38.14,1021.2966666666667,19.016666666666666
2025-01-31 08:00:00,47.0,7200.0,7200.0,124.57,11.91,10.6,4.0,20.5,42.203333333333326,1022.0233333333334,20.466666666666665
2025-01-31 09:00:00,260.0,7200.0,7200.0,137.15,21.18,10.1,8.0,21.1,38.57333333333333,1022.6933333333333,20.763333333333335
2025-01-31 10:00:00,342.0,7200.0,7200.0,151.02,27.96,10.0,11.0,21.4,37.27666666666667,1023.1733333333333,20.386666666666667
2025-01-31 11:00:00,57.0,7200.0,7200.0,166.83,32.13,11.5,26.0,21.4,41.24666666666667,1022.6333333333333,21.15
2025-01-31 12:00:00,565.0,7200.0,7200.0,184.05,33.07,13.2,33.0,21.4,41.21666666666667,1021.7933333333334,21.516666666666666
2025-01-31 13:00:00,751.0,7200.0,7200.0,201.08,30.5,15.3,6.0,21.8,38.24333333333333,1021.0300000000001,20.796666666666667
2025-01-31 14:00:00,0.0,7200.0,7200.0,216.02,24.99,16.3,3.0,22.1,36.99333333333333,1020.5666666666666,20.136666666666667
2025-01-31 15:00:00,0.0,7200.0,7200.0,228.91,17.21,16.7,0.0,21.7,37.88666666666666,1020.3533333333334,19.853333333333335
2025-01-31 16:00:00,0.0,7200.0,7200.0,240.45,7.47,16.8,1.0,22.2,39.723333333333336,1020.41,19.706666666666667
2025-01-31 17:00:00,0.0,7200.0,7200.0,248.49,-0.91,16.6,1.0,22.5,41.93333333333334,1021.0099999999999,19.55666666666667
2025-01-31 18:00:00,0.0,7200.0,7200.0,258.76,-13.51,15.6,2.0,22.8,43.14000000000001,1021.8233333333334,19.446666666666665
2025-01-31 19:00:00,80.0,7200.0,7200.0,268.46,-25.69,14.2,2.0,22.5,44.57666666666666,1021.7633333333333,19.423333333333332
2025-01-31 20:00:00,0.0,7200.0,7200.0,278.52,-37.22,13.1,0.0,22.8,44.21666666666667,1021.9666666666667,19.400000000000002
2025-01-31 21:00:00,0.0,7200.0,7200.0,290.91,-48.38,12.6,0.0,22.8,44.166666666666664,1022.1333333333332,19.323333333333334
2025-02-01 07:00:00,0.0,7200.0,7200.0,115.25,3.44,6.2,6.0,20.8,38.123333333333335,1018.2066666666666,18.323333333333334
2025-02-01 08:00:00,0.0,7200.0,7200.0,124.78,12.45,5.8,0.0,20.7,37.593333333333334,1018.1999999999999,18.216666666666665
2025-02-01 09:00:00,0.0,7200.0,7200.0,137.57,21.77,5.8,0.0,20.6,37.24333333333333,1018.15,18.150000000000002
2025-02-01 10:00:00,0.0,7200.0,7200.0,151.57,28.48,6.2,1.0,20.5,37.04333333333333,1017.4,18.046666666666667
2025-02-01 11:00:00,0.0,7200.0,7200.0,167.53,32.53,8.4,88.0,20.4,37.00666666666667,1016.3433333333332,17.996666666666666
2025-02-01 12:00:00,0.0,7200.0,7200.0,184.55,33.34,10.9,87.0,20.3,36.723333333333336,1015.0466666666666,18.023333333333337
2025-02-01 13:00:00,0.0,7200.0,7200.0,201.18,30.77,12.0,99.0,20.3,36.70666666666667,1013.68,18.046666666666667
2025-02-01 14:00:00,0.0,7200.0,7200.0,216.17,25.24,11.9,55.0,20.2,36.78333333333333,1013.1433333333334,18.11
2025-02-01 15:00:00,0.0,7200.0,7200.0,229.09,17.43,15.5,43.0,20.2,36.81333333333333,1014.1899999999999,18.043333333333333
2025-02-01 16:00:00,0.0,7200.0,7200.0,240.84,7.49,14.7,54.0,20.2,38.78,1015.1333333333333,17.926666666666666
2025-02-01 17:00:00,0.0,7200.0,7200.0,248.89,-0.92,11.9,82.0,20.1,39.88333333333333,1015.4633333333333,17.94333333333333
2025-02-01 18:00:00,0.0,7200.0,7200.0,259.13,-13.51,9.3,63.0,20.1,41.28666666666667,1015.8033333333333,17.959999999999997
2025-02-01 19:00:00,0.0,7200.0,7200.0,268.86,-25.69,9.6,66.0,20.0,42.25333333333333,1016.5166666666668,17.856666666666666
2025-02-01 20:00:00,0.0,7200.0,7200.0,278.97,-37.22,9.2,47.0,20.0,43.26,1016.5833333333334,17.806666666666665
2025-02-01 21:00:00,0.0,7200.0,7200.0,291.45,-48.35,8.7,100.0,19.9,43.63,1016.7666666666668,17.796666666666667
2025-02-02 07:00:00,0.0,7200.0,7200.0,115.05,3.67,6.2,0.0,19.2,43.38333333333333,1015.5,16.47
2025-02-02 08:00:00,0.0,7200.0,7200.0,124.36,12.47,5.9,0.0,19.2,42.74333333333333,1015.5566666666667,16.30333333333333
2025-02-02 09:00:00,0.0,7200.0,7200.0,137.12,21.85,5.7,0.0,19.1,42.32,1015.3166666666666,16.286666666666665
2025-02-02 10:00:00,0.0,7200.0,7200.0,151.13,28.62,6.0,0.0,19.0,42.36666666666667,1015.0933333333334,16.416666666666668
2025-02-02 11:00:00,0.0,7200.0,7200.0,167.12,32.76,7.8,0.0,18.9,42.47333333333333,1014.9266666666666,16.540000000000003
2025-02-02 12:00:00,0.0,7200.0,7200.0,184.2,33.64,10.3,1.0,18.9,42.35666666666666,1014.4499999999999,16.613333333333333
2025-02-02 13:00:00,0.0,7200.0,7200.0,201.28,31.05,12.2,0.0,18.9,42.20666666666667,1014.1166666666668,16.659999999999997
2025-02-02 14:00:00,0.0,7200.0,7200.0,216.32,25.49,13.4,0.0,18.8,42.056666666666665,1014.3333333333334,16.66
2025-02-02 15:00:00,0.0,7200.0,7200.0,229.28,17.66,14.0,1.0,18.8,42.04666666666666,1014.2333333333332,16.66
2025-02-02 16:00:00,0.0,7200.0,7200.0,240.95,7.79,14.1,3.0,18.8,42.07333333333333,1014.3733333333333,16.716666666666665
2025-02-02 17:00:00,0.0,7200.0,7200.0,249.11,-0.73,13.6,6.0,18.8,42.09,1014.9733333333334,16.72
2025-02-02 18:00:00,0.0,7200.0,7200.0,259.52,-13.52,12.8,0.0,18.7,42.35,1015.7366666666667,16.676666666666666
2025-02-02 19:00:00,0.0,7200.0,7200.0,269.27,-25.7,12.1,0.0,18.7,42.75333333333333,1016.3666666666667,16.650000000000002
2025-02-02 20:00:00,0.0,7200.0,7200.0,279.43,-37.21,11.2,0.0,18.7,43.17666666666667,1016.7666666666668,16.616666666666667
2025-02-02 21:00:00,0.0,7200.0,7200.0,292.0,-48.32,10.4,0.0,18.6,43.49666666666667,1017.2000000000002,16.456666666666667
2025-02-03 07:00:00,0.0,7200.0,7200.0,114.83,3.85,5.4,76.0,18.0,39.83,1019.2266666666666,16.686666666666667
2025-02-03 08:00:00,0.0,7200.0,7200.0,124.2,12.74,5.3,86.0,18.1,38.836666666666666,1019.6266666666667,16.926666666666666
2025-02-03 09:00:00,3086.0,7200.0,7200.0,136.67,21.92,5.1,25.0,19.2,41.38333333333333,1019.7999999999998,17.386666666666667
2025-02-03 10:00:00,3600.0,7200.0,7200.0,150.67,28.77,5.6,40.0,20.0,42.656666666666666,1020.2433333333333,18.286666666666665
2025-02-03 11:00:00,2941.0,7200.0,7200.0,166.69,32.99,8.0,12.0,20.2,41.36666666666667,1019.7433333333333,19.439999999999998
2025-02-03 12:00:00,87.0,7200.0,7200.0,184.12,33.93,11.2,7.0,20.5,41.39333333333333,1019.1666666666666,19.87333333333333
2025-02-03 13:00:00,833.0,7200.0,7200.0,201.38,31.33,13.8,1.0,20.7,37.446666666666665,1018.68,19.253333333333334
2025-02-03 14:00:00,288.0,7200.0,7200.0,216.48,25.75,14.9,4.0,20.6,35.52,1018.54,18.81
2025-02-03 15:00:00,3600.0,7200.0,7200.0,229.47,17.89,15.6,1.0,20.6,38.36000000000001,1018.7566666666668,19.346666666666668
2025-02-03 16:00:00,3600.0,7200.0,7200.0,241.15,8.0,15.7,2.0,20.9,37.64666666666667,1018.8333333333334,19.74
2025-02-03 17:00:00,3600.0,7200.0,7200.0,249.04,-0.19,15.5,0.0,21.5,38.04333333333333,1019.21,19.55666666666667
2025-02-03 18:00:00,3600.0,7200.0,7200.0,259.3,-12.77,14.9,7.0,21.7,39.733333333333334,1019.66,19.66
2025-02-03 19:00:00,2652.0,7200.0,7200.0,269.68,-25.7,13.7,81.0,22.1,40.57666666666667,1020.3433333333332,19.553333333333335
2025-02-03 20:00:00,0.0,7200.0,7200.0,279.9,-37.21,12.6,58.0,22.2,40.96333333333333,1021.44,18.916666666666668
2025-02-03 21:00:00,0.0,7200.0,7200.0,292.55,-48.29,11.4,10.0,22.1,41.07333333333334,1021.41,18.426666666666666
2025-02-04 07:00:00,1040.0,7200.0,7200.0,114.43,3.86,6.0,0.0,19.2,43.17666666666667,1023.1533333333333,17.963333333333335
2025-02-04 08:00:00,52.0,7200.0,7200.0,124.13,13.06,5.9,0.0,19.4,45.71666666666667,1023.5833333333334,19.25666666666667
2025-02-04 09:00:00,305.0,7200.0,7200.0,137.08,22.52,5.6,0.0,20.3,40.04333333333333,1023.9133333333333,19.67
2025-02-04 10:00:00,141.0,7200.0,7200.0,151.22,29.3,6.2,0.0,21.1,39.663333333333334,1023.9233333333333,19.25
2025-02-04 11:00:00,569.0,7200.0,7200.0,167.39,33.4,8.5,0.0,21.9,42.35666666666666,1023.4433333333333,19.82
2025-02-04 12:00:00,248.0,7200.0,7200.0,184.63,34.22,11.6,0.0,21.5,40.76,1022.5666666666666,19.72666666666667
2025-02-04 13:00:00,207.0,7200.0,7200.0,201.49,31.61,14.5,0.0,21.3,36.300000000000004,1021.7466666666666,19.31
2025-02-04 14:00:00,1655.0,7200.0,7200.0,216.64,26.01,16.7,0.0,20.9,35.300000000000004,1021.4166666666666,18.926666666666666
2025-02-04 15:00:00,5.0,7200.0,7200.0,229.67,18.13,17.9,0.0,21.1,41.86666666666667,1021.2833333333333,19.796666666666667
2025-02-04 16:00:00,17.0,7200.0,7200.0,241.55,8.04,18.2,0.0,21.4,45.56666666666666,1021.8766666666667,20.456666666666667
2025-02-04 17:00:00,1974.0,7200.0,7200.0,249.46,-0.21,18.3,0.0,22.0,42.04333333333333,1022.5666666666666,20.51
2025-02-04 18:00:00,0.0,7200.0,7200.0,259.69,-12.77,17.9,0.0,21.9,38.23666666666667,1023.4266666666667,19.703333333333333
2025-02-04 19:00:00,0.0,7200.0,7200.0,270.1,-25.7,16.6,0.0,22.4,39.30666666666667,1024.3,19.19666666666667
2025-02-04 20:00:00,0.0,7200.0,7200.0,280.38,-37.2,14.8,0.0,22.3,41.10999999999999,1025.0166666666667,18.950000000000003
2025-02-04 21:00:00,0.0,7200.0,7200.0,293.12,-48.26,12.5,0.0,21.8,42.39666666666667,1025.47,18.736666666666665
2025-02-05 07:00:00,209.0,7200.0,7200.0,114.2,4.05,5.7,0.0,19.4,41.88666666666666,1028.1499999999999,18.650000000000002
2025-02-05 08:00:00,811.0,7200.0,7200.0,123.97,13.33,5.3,0.0,19.7,41.82,1028.3500000000001,19.849999999999998
2025-02-05 09:00:00,213.0,7200.0,7200.0,136.61,22.6,4.9,0.0,20.5,43.11333333333334,1028.3999999999999,20.53333333333333
2025-02-05 10:00:00,553.0,7200.0,7200.0,150.75,29.46,5.5,0.0,21.1,38.49333333333333,1028.6000000000001,19.913333333333334
2025-02-05 11:00:00,619.0,7200.0,7200.0,166.95,33.64,8.3,0.0,21.5,40.85333333333333,1028.18,20.28
2025-02-05 12:00:00,321.0,7200.0,7200.0,184.27,34.53,11.8,0.0,21.2,39.17333333333334,1027.6766666666667,20.30666666666667
2025-02-05 13:00:00,519.0,7200.0,7200.0,201.6,31.91,14.6,0.0,21.6,37.18,1026.7166666666667,19.689999999999998
2025-02-05 14:00:00,1059.0,7200.0,7200.0,216.81,26.28,16.0,0.0,21.7,36.553333333333335,1026.2533333333333,19.19
2025-02-05 15:00:00,999.0,7200.0,7200.0,229.87,18.37,16.9,0.0,21.3,43.26333333333334,1026.05,19.94666666666667
2025-02-05 16:00:00,3269.0,7200.0,7200.0,241.67,8.34,16.6,0.0,21.6,43.75666666666666,1026.3066666666666,20.543333333333333
2025-02-05 17:00:00,1320.0,7200.0,7200.0,249.71,-0.03,15.9,0.0,21.8,43.10999999999999,1026.7333333333333,20.560000000000002
2025-02-05 18:00:00,11.0,7200.0,7200.0,260.1,-12.77,15.1,0.0,21.5,43.39000000000001,1026.8833333333334,20.63333333333333
2025-02-05 19:00:00,5.0,7200.0,7200.0,270.53,-25.71,13.6,0.0,21.7,44.17333333333334,1027.3166666666666,20.19333333333333
2025-02-05 20:00:00,0.0,7200.0,7200.0,280.86,-37.19,12.3,0.0,22.4,44.76,1027.6166666666668,19.493333333333336
2025-02-05 21:00:00,0.0,7200.0,7200.0,293.7,-48.22,11.5,0.0,22.2,44.80666666666667,1027.7833333333335,19.209999999999997
2025-02-06 07:00:00,2606.0,7200.0,7200.0,113.97,4.26,5.2,0.0,19.5,40.27333333333333,1026.5800000000002,18.55666666666667
2025-02-06 08:00:00,717.0,7200.0,7200.0,123.52,13.36,5.1,0.0,19.7,42.46,1026.6733333333334,19.926666666666666
2025-02-06 09:00:00,474.0,7200.0,7200.0,136.14,22.69,5.0,0.0,20.4,41.64333333333334,1026.4,20.646666666666665
2025-02-06 10:00:00,265.0,7200.0,7200.0,150.28,29.61,5.9,1.0,20.9,37.626666666666665,1026.1333333333332,19.95
2025-02-06 11:00:00,137.0,7200.0,7200.0,166.51,33.88,8.6,2.0,21.1,41.49,1025.5666666666668,20.596666666666668
2025-02-06 12:00:00,20.0,7200.0,7200.0,184.2,34.84,11.9,1.0,21.1,41.93333333333333,1024.5833333333333,21.113333333333333
2025-02-06 13:00:00,1117.0,7200.0,7200.0,201.7,32.2,13.9,1.0,21.6,41.13333333333333,1023.3833333333333,20.733333333333334
2025-02-06 14:00:00,2540.0,7200.0,7200.0,216.97,26.55,14.7,2.0,22.2,40.50333333333333,1022.6,19.993333333333336
2025-02-06 15:00:00,1924.0,7200.0,7200.0,230.07,18.61,15.6,1.0,21.4,40.40333333333333,1022.1233333333333,20.33
2025-02-06 16:00:00,42.0,7200.0,7200.0,241.88,8.56,15.4,4.0,21.3,41.766666666666666,1021.8166666666666,20.91
2025-02-06 17:00:00,448.0,7200.0,7200.0,249.96,0.14,14.9,1.0,21.4,41.86333333333333,1021.7000000000002,20.823333333333334
2025-02-06 18:00:00,1165.0,7200.0,7200.0,260.5,-12.77,14.0,0.0,22.2,42.76666666666667,1021.7566666666667,20.13
2025-02-06 19:00:00,0.0,7200.0,7200.0,270.96,-25.71,13.0,0.0,22.0,43.413333333333334,1021.7666666666668,19.743333333333332
2025-02-06 20:00:00,0.0,7200.0,7200.0,281.35,-37.19,12.1,0.0,22.4,43.60666666666666,1021.4766666666668,19.416666666666668
2025-02-06 21:00:00,0.0,7200.0,7200.0,294.28,-48.18,11.6,0.0,22.2,43.65,1021.25,19.19333333333333
2025-02-07 07:00:00,1014.0,7200.0,7200.0,113.72,4.44,4.8,0.0,20.3,48.910000000000004,1016.7666666666668,19.49666666666667
2025-02-07 08:00:00,214.0,7200.0,7200.0,123.36,13.65,4.5,0.0,20.5,54.28666666666667,1017.0333333333333,21.043333333333333
2025-02-07 09:00:00,209.0,7200.0,7200.0,135.67,22.77,4.3,13.0,21.3,52.35333333333333,1016.6933333333333,21.486666666666668
2025-02-07 10:00:00,1183.0,7200.0,7200.0,149.8,29.77,5.0,25.0,21.9,44.02333333333333,1016.18,20.906666666666666
2025-02-07 11:00:00,139.0,7200.0,7200.0,166.06,34.13,7.5,1.0,22.0,40.84666666666667,1015.2233333333334,20.706666666666667
2025-02-07 12:00:00,228.0,7200.0,7200.0,184.13,35.15,10.7,20.0,21.9,38.766666666666666,1013.9966666666666,20.38
2025-02-07 13:00:00,342.0,7200.0,7200.0,201.82,32.49,13.6,33.0,21.7,33.47,1012.8566666666667,19.513333333333332
2025-02-07 14:00:00,0.0,7200.0,7200.0,217.14,26.82,15.5,19.0,21.5,35.403333333333336,1011.9833333333335,18.996666666666666
2025-02-07 15:00:00,0.0,7200.0,7200.0,230.27,18.85,16.6,29.0,21.1,43.68666666666667,1011.4,18.80333333333333
2025-02-07 16:00:00,0.0,7200.0,7200.0,242.09,8.8,17.3,87.0,21.7,42.346666666666664,1011.5500000000001,18.540000000000003
2025-02-07 17:00:00,0.0,7200.0,7200.0,250.22,0.32,16.7,97.0,22.2,40.803333333333335,1012.0099999999999,18.540000000000003
2025-02-07 18:00:00,0.0,7200.0,7200.0,260.32,-12.04,14.7,100.0,22.6,42.23,1012.4333333333334,18.326666666666664
2025-02-07 19:00:00,91.0,7200.0,7200.0,268.21,-21.85,14.4,100.0,22.6,43.89666666666667,1012.6066666666666,18.11
2025-02-07 20:00:00,0.0,7200.0,7200.0,278.16,-33.38,14.2,100.0,23.0,43.376666666666665,1012.9466666666667,18.206666666666667
2025-02-07 21:00:00,0.0,7200.0,7200.0,290.11,-44.58,12.6,99.0,22.5,43.07666666666666,1012.9233333333333,18.1
2025-02-08 07:00:00,0.0,7200.0,7200.0,113.3,4.45,12.0,3.0,20.9,46.083333333333336,1014.0600000000001,17.83666666666667
2025-02-08 08:00:00,0.0,7200.0,7200.0,123.28,13.98,11.2,17.0,20.8,46.166666666666664,1015.1999999999999,17.686666666666664
2025-02-08 09:00:00,0.0,7200.0,7200.0,136.06,23.38,11.2,8.0,20.8,46.02333333333333,1015.6,17.74333333333333
2025-02-08 10:00:00,0.0,7200.0,7200.0,150.33,30.32,12.2,2.0,20.6,42.73333333333334,1015.98,17.526666666666667
2025-02-08 11:00:00,0.0,7200.0,7200.0,166.75,34.56,13.9,1.0,20.7,37.26666666666667,1016.18,17.423333333333336
2025-02-08 12:00:00,0.0,7200.0,7200.0,184.35,35.47,15.2,0.0,20.4,35.10999999999999,1015.8066666666667,17.47
2025-02-08 13:00:00,0.0,7200.0,7200.0,201.93,32.8,16.5,0.0,20.3,32.68666666666667,1015.3466666666667,17.55666666666667
2025-02-08 14:00:00,0.0,7200.0,7200.0,217.32,27.1,17.1,1.0,20.2,31.889999999999997,1015.37,17.636666666666667
2025-02-08 15:00:00,0.0,7200.0,7200.0,230.48,19.11,18.1,2.0,20.2,33.63,1015.8933333333333,17.79
2025-02-08 16:00:00,0.0,7200.0,7200.0,242.42,8.92,18.1,0.0,20.1,35.46333333333333,1016.4966666666668,17.87666666666667
2025-02-08 17:00:00,0.0,7200.0,7200.0,250.66,0.3,16.6,0.0,20.2,36.86666666666667,1017.54,17.893333333333334
2025-02-08 18:00:00,0.0,7200.0,7200.0,260.73,-12.04,14.9,5.0,20.2,38.36333333333334,1018.9033333333333,17.876666666666665
2025-02-08 19:00:00,0.0,7200.0,7200.0,268.64,-21.85,13.6,2.0,20.3,39.82333333333333,1019.6433333333333,17.883333333333333
2025-02-08 20:00:00,0.0,7200.0,7200.0,278.65,-33.38,13.1,11.0,20.2,40.82666666666666,1020.4266666666666,17.903333333333336
2025-02-08 21:00:00,0.0,7200.0,7200.0,290.67,-44.55,13.0,82.0,20.3,41.983333333333334,1021.5,17.85666666666667
2025-02-09 07:00:00,0.0,7200.0,7200.0,113.05,4.64,6.9,1.0,19.7,43.29,1021.5833333333334,17.276666666666667
2025-02-09 08:00:00,0.0,7200.0,7200.0,123.44,14.56,6.7,0.0,19.6,42.550000000000004,1021.96,17.01
2025-02-09 09:00:00,0.0,7200.0,7200.0,135.57,23.47,6.5,0.0,19.7,41.93666666666666,1021.9499999999999,16.846666666666664
2025-02-09 10:00:00,0.0,7200.0,7200.0,149.84,30.48,7.0,0.0,19.6,41.516666666666666,1022.0,16.896666666666665
2025-02-09 11:00:00,0.0,7200.0,7200.0,166.29,34.82,9.3,0.0,19.6,41.45666666666667,1021.5833333333334,17.039999999999996
2025-02-09 12:00:00,0.0,7200.0,7200.0,184.27,35.78,12.4,0.0,19.5,41.583333333333336,1021.0266666666666,17.103333333333335
2025-02-09 13:00:00,0.0,7200.0,7200.0,202.05,33.1,14.4,0.0,19.5,41.78333333333333,1020.0833333333334,17.113333333333333
2025-02-09 14:00:00,0.0,7200.0,7200.0,217.49,27.37,15.3,9.0,19.5,41.99666666666666,1019.9,17.14
2025-02-09 15:00:00,0.0,7200.0,7200.0,230.69,19.35,16.3,11.0,19.5,42.37,1019.85,17.189999999999998
2025-02-09 16:00:00,0.0,7200.0,7200.0,242.63,9.17,15.8,83.0,19.4,42.833333333333336,1019.9833333333332,17.243333333333336
2025-02-09 17:00:00,0.0,7200.0,7200.0,250.9,0.5,15.1,30.0,19.5,43.22666666666667,1020.4,17.186666666666667
2025-02-09 18:00:00,0.0,7200.0,7200.0,261.16,-12.04,14.6,18.0,19.4,43.93,1020.6500000000001,17.226666666666663
2025-02-09 19:00:00,0.0,7200.0,7200.0,269.08,-21.85,13.6,96.0,19.5,44.56333333333333,1021.2266666666666,17.25
2025-02-09 20:00:00,0.0,7200.0,7200.0,279.13,-33.37,12.8,90.0,19.4,44.910000000000004,1021.11,17.23
2025-02-09 21:00:00,0.0,7200.0,7200.0,291.24,-44.51,12.4,89.0,19.4,45.153333333333336,1021.1566666666666,17.206666666666667
2025-02-10 07:00:00,1118.0,7200.0,7200.0,112.78,4.83,7.3,91.0,19.0,47.703333333333326,1019.39,18.426666666666666
2025-02-10 08:00:00,91.0,7200.0,7200.0,122.96,14.59,7.4,100.0,19.2,53.07,1019.5666666666666,19.88
2025-02-10 09:00:00,239.0,7200.0,7200.0,135.07,23.56,7.6,100.0,20.1,55.583333333333336,1019.75,20.703333333333333
2025-02-10 10:00:00,3146.0,7200.0,7200.0,149.34,30.65,9.0,100.0,20.8,50.42666666666667,1019.8333333333334,20.286666666666665
2025-02-10 11:00:00,1447.0,7200.0,7200.0,165.82,35.07,10.9,100.0,21.1,48.373333333333335,1019.37,20.323333333333334
2025-02-10 12:00:00,2797.0,7200.0,7200.0,184.2,36.1,13.0,100.0,20.9,48.53666666666667,1018.4133333333333,20.49
2025-02-10 13:00:00,722.0,7200.0,7200.0,202.16,33.41,14.5,100.0,21.4,48.93666666666667,1017.5266666666666,19.99
2025-02-10 14:00:00,1620.0,7200.0,7200.0,217.67,27.66,15.0,100.0,21.8,50.29,1016.9266666666666,19.213333333333335
2025-02-10 15:00:00,354.0,7200.0,7200.0,230.9,19.61,15.2,100.0,21.5,55.403333333333336,1016.91,19.503333333333334
2025-02-10 16:00:00,3528.0,7200.0,7200.0,242.83,9.43,15.2,100.0,21.8,56.89666666666667,1016.8766666666667,20.026666666666667
2025-02-10 17:00:00,3600.0,7200.0,7200.0,250.93,0.97,14.6,100.0,22.2,55.593333333333334,1016.9900000000001,19.849999999999998
2025-02-10 18:00:00,85.0,7200.0,7200.0,260.98,-11.29,14.4,49.0,22.2,56.696666666666665,1016.9733333333334,20.296666666666667
2025-02-10 19:00:00,258.0,7200.0,7200.0,269.52,-21.86,14.1,100.0,22.3,58.34,1017.1766666666666,20.686666666666667
2025-02-10 20:00:00,0.0,7200.0,7200.0,279.63,-33.37,13.6,100.0,22.4,57.31333333333333,1017.3666666666668,20.099999999999998
2025-02-10 21:00:00,0.0,7200.0,7200.0,291.82,-44.48,13.4,94.0,22.3,56.19,1017.1666666666666,19.419999999999998
2025-02-11 07:00:00,3073.0,7200.0,7200.0,112.51,5.01,9.3,43.0,20.2,54.28,1015.9,19.433333333333334
2025-02-11 08:00:00,2892.0,7200.0,7200.0,123.23,15.26,8.8,77.0,20.5,52.88666666666666,1016.1333333333333,20.736666666666668
2025-02-11 09:00:00,182.0,7200.0,7200.0,135.45,24.18,8.1,33.0,21.2,51.77,1016.1333333333333,20.356666666666666
2025-02-11 10:00:00,374.0,7200.0,7200.0,149.87,31.2,8.9,18.0,22.0,53.626666666666665,1015.8766666666667,20.09
2025-02-11 11:00:00,258.0,7200.0,7200.0,166.52,35.51,11.5,8.0,22.2,52.77666666666667,1015.4,20.753333333333334
2025-02-11 12:00:00,110.0,7200.0,7200.0,184.42,36.44,13.7,20.0,22.2,50.45666666666667,1014.38,20.886666666666667
2025-02-11 13:00:00,948.0,7200.0,7200.0,202.28,33.72,15.1,2.0,22.3,50.17333333333334,1013.5100000000001,20.543333333333333
2025-02-11 14:00:00,1080.0,7200.0,7200.0,217.86,27.94,16.1,3.0,22.1,51.35333333333333,1012.9,19.936666666666667
2025-02-11 15:00:00,3600.0,7200.0,7200.0,231.12,19.87,16.7,2.0,22.6,53.68,1012.4766666666666,20.55333333333333
2025-02-11 16:00:00,3083.0,7200.0,7200.0,243.18,9.54,16.7,10.0,22.7,52.083333333333336,1012.4333333333334,21.060000000000002
2025-02-11 17:00:00,762.0,7200.0,7200.0,251.39,0.95,15.8,30.0,23.1,52.626666666666665,1012.7399999999999,20.61
2025-02-11 18:00:00,0.0,7200.0,7200.0,261.41,-11.29,14.9,15.0,22.9,54.366666666666674,1013.25,20.77333333333333
2025-02-11 19:00:00,771.0,4621.0,4621.0,269.97,-21.86,13.8,21.0,23.3,53.916666666666664,1013.4,20.596666666666668
2025-02-11 20:00:00,0.0,0.0,0.0,280.13,-33.36,13.3,34.0,23.6,53.67666666666667,1013.6166666666667,20.15
2025-02-11 21:00:00,0.0,0.0,0.0,292.4,-44.44,12.5,82.0,23.4,53.81333333333333,1013.4,19.833333333333332
2025-02-12 07:00:00,3118.0,0.0,0.0,112.23,5.2,10.5,89.0,21.2,53.85666666666666,1010.35,20.076666666666664
2025-02-12 08:00:00,856.0,0.0,0.0,122.74,15.28,10.4,98.0,21.5,56.39333333333334,1010.1666666666666,21.016666666666666
2025-02-12 09:00:00,236.0,0.0,0.0,134.95,24.27,10.5,92.0,22.3,60.56999999999999,1010.4833333333332,21.486666666666668
2025-02-12 10:00:00,347.0,0.0,0.0,149.36,31.38,10.2,57.0,22.2,57.403333333333336,1010.4899999999999,20.88
2025-02-12 11:00:00,3295.0,0.0,0.0,166.04,35.78,11.5,76.0,22.3,56.276666666666664,1010.0233333333332,20.646666666666665
2025-02-12 12:00:00,3512.0,0.0,0.0,184.34,36.76,13.3,35.0,22.3,55.823333333333345,1009.6066666666667,21.06
2025-02-12 13:00:00,0.0,0.0,0.0,202.4,34.04,15.6,97.0,22.6,55.446666666666665,1008.66,20.796666666666667
2025-02-12 14:00:00,795.0,0.0,0.0,218.04,28.23,16.8,100.0,22.7,55.46666666666666,1008.64,20.28
2025-02-12 15:00:00,3600.0,0.0,0.0,231.34,20.13,17.6,60.0,22.4,57.29333333333333,1009.1033333333334,20.48
2025-02-12 16:00:00,3070.0,0.0,0.0,243.38,9.81,17.4,52.0,23.0,57.15,1009.8266666666665,20.89333333333333
2025-02-12 17:00:00,3390.0,0.0,0.0,251.68,1.12,17.7,22.0,23.1,58.28,1010.96,20.936666666666664
2025-02-12 18:00:00,910.0,0.0,0.0,261.84,-11.29,17.4,38.0,23.2,59.24666666666667,1011.8766666666667,21.196666666666662
2025-02-12 19:00:00,2704.0,0.0,0.0,270.43,-21.86,15.4,79.0,23.1,60.78333333333333,1012.5866666666667,21.439999999999998
2025-02-12 20:00:00,0.0,0.0,0.0,280.63,-33.35,14.7,45.0,23.4,59.92666666666667,1013.0833333333334,20.830000000000002
2025-02-12 21:00:00,0.0,0.0,0.0,292.99,-44.4,14.0,5.0,23.2,56.830000000000005,1013.1333333333333,20.153333333333336
2025-02-13 07:00:00,1675.0,9748.0,9748.0,111.97,5.4,9.9,6.0,21.0,46.78666666666666,1015.7599999999999,19.613333333333333
2025-02-13 08:00:00,54.0,14400.0,14400.0,123.01,15.96,9.2,2.0,21.3,45.88,1016.3033333333333,20.173333333333336
2025-02-13 09:00:00,982.0,14400.0,14400.0,135.32,24.91,8.4,1.0,22.0,47.18,1016.3766666666667,20.720000000000002
2025-02-13 10:00:00,522.0,14400.0,14400.0,149.89,31.94,9.0,9.0,22.5,45.1,1016.3766666666666,20.403333333333336
2025-02-13 11:00:00,122.0,14400.0,14400.0,166.74,36.23,11.4,22.0,22.5,41.89666666666667,1016.1266666666667,20.933333333333334
2025-02-13 12:00:00,51.0,14400.0,14400.0,184.87,37.09,14.0,49.0,22.5,40.580000000000005,1015.3333333333334,21.330000000000002
2025-02-13 13:00:00,91.0,14400.0,14400.0,202.53,34.36,16.1,1.0,22.5,40.29333333333333,1014.6666666666666,21.433333333333334
2025-02-13 14:00:00,1260.0,14400.0,14400.0,218.23,28.53,17.4,6.0,23.2,39.663333333333334,1014.15,20.953333333333337
2025-02-13 15:00:00,2784.0,14400.0,14400.0,231.57,20.39,18.1,73.0,23.0,41.300000000000004,1013.8333333333334,20.916666666666668
2025-02-13 16:00:00,102.0,14400.0,14400.0,243.56,10.1,18.3,100.0,23.0,43.21666666666667,1014.0666666666666,20.953333333333333
2025-02-13 17:00:00,2769.0,14400.0,14400.0,251.97,1.29,18.1,100.0,22.8,44.53333333333333,1014.2766666666666,20.860000000000003
2025-02-13 18:00:00,3600.0,14400.0,14400.0,262.29,-11.3,16.8,100.0,23.0,45.423333333333325,1014.7833333333333,21.039999999999996
2025-02-13 19:00:00,2212.0,14400.0,14400.0,270.89,-21.86,15.3,99.0,23.0,45.06999999999999,1015.0500000000001,20.936666666666667
2025-02-13 20:00:00,0.0,14400.0,14400.0,281.15,-33.34,14.0,100.0,23.2,45.45333333333334,1015.0500000000001,20.516666666666666
2025-02-13 21:00:00,0.0,14400.0,14400.0,293.59,-44.36,13.5,98.0,23.2,46.11333333333334,1015.1333333333332,20.243333333333336
2025-02-14 07:00:00,706.0,14400.0,14400.0,111.68,5.58,9.7,6.0,21.4,48.56333333333333,1013.7333333333332,20.42
2025-02-14 08:00:00,208.0,14400.0,14400.0,122.51,15.99,9.4,0.0,21.6,54.083333333333336,1013.3833333333333,21.393333333333334
2025-02-14 09:00:00,231.0,14400.0,14400.0,134.81,25.0,9.1,0.0,22.2,55.446666666666665,1013.6,21.72
2025-02-14 10:00:00,599.0,14400.0,14400.0,149.36,32.12,10.1,0.0,22.4,49.63999999999999,1013.4833333333332,21.30666666666667
2025-02-14 11:00:00,45.0,14400.0,14400.0,166.25,36.5,12.5,0.0,22.1,50.96333333333333,1012.79,22.123333333333335
2025-02-14 12:00:00,445.0,14400.0,14400.0,184.49,37.44,15.8,0.0,22.4,50.06999999999999,1011.6333333333333,22.349999999999998
2025-02-14 13:00:00,506.0,14400.0,14400.0,202.65,34.68,18.3,1.0,22.7,48.166666666666664,1010.4933333333333,21.816666666666666
2025-02-14 14:00:00,288.0,14400.0,14400.0,218.42,28.82,19.8,10.0,23.0,47.81,1009.8333333333334,21.169999999999998
2025-02-14 15:00:00,0.0,14400.0,14400.0,231.79,20.65,21.7,2.0,22.7,48.76666666666667,1009.7000000000002,20.923333333333332
2025-02-14 16:00:00,0.0,14400.0,14400.0,243.95,10.2,22.3,2.0,23.0,49.51,1009.6833333333334,20.75
2025-02-14 17:00:00,0.0,14400.0,14400.0,252.22,1.54,21.8,5.0,23.0,49.413333333333334,1009.6833333333334,20.64666666666667
2025-02-14 18:00:00,0.0,14400.0,14400.0,261.58,-9.87,19.9,6.0,23.6,50.126666666666665,1010.3833333333333,20.483333333333334
2025-02-14 19:00:00,88.0,14400.0,14400.0,270.27,-20.55,18.6,3.0,23.6,50.88666666666666,1010.6833333333334,20.39
2025-02-14 20:00:00,0.0,14400.0,14400.0,281.67,-33.33,17.5,2.0,23.9,51.01666666666667,1010.9,20.316666666666666
2025-02-14 21:00:00,0.0,14400.0,14400.0,294.19,-44.32,15.9,26.0,23.8,50.95666666666667,1010.9666666666667,20.26
2025-02-15 07:00:00,0.0,14400.0,14400.0,111.39,5.77,9.5,5.0,21.8,50.68333333333333,1012.0500000000001,19.53
2025-02-15 08:00:00,0.0,14400.0,14400.0,122.01,16.01,9.4,0.0,21.7,51.050000000000004,1012.4,19.363333333333333
2025-02-15 09:00:00,0.0,14400.0,14400.0,134.28,25.1,9.2,0.0,21.7,52.02333333333333,1012.7600000000001,19.256666666666668
2025-02-15 10:00:00,0.0,14400.0,14400.0,148.84,32.29,10.4,0.0,21.5,52.01333333333334,1012.75,19.316666666666666
2025-02-15 11:00:00,0.0,14400.0,14400.0,165.76,36.77,13.4,9.0,21.5,52.05666666666667,1012.0933333333334,19.313333333333333
2025-02-15 12:00:00,0.0,14400.0,14400.0,184.42,37.78,15.2,48.0,21.5,52.096666666666664,1011.2999999999998,19.3
2025-02-15 13:00:00,0.0,14400.0,14400.0,202.79,35.01,16.5,59.0,21.5,52.14000000000001,1010.2166666666666,19.32
2025-02-15 14:00:00,0.0,14400.0,14400.0,218.62,29.12,17.3,86.0,21.4,52.34666666666667,1009.84,19.33666666666667
2025-02-15 15:00:00,0.0,14400.0,14400.0,232.02,20.92,16.9,41.0,21.4,52.67666666666667,1009.8566666666666,19.33666666666667
2025-02-15 16:00:00,0.0,14400.0,14400.0,244.13,10.51,16.9,41.0,21.4,53.23333333333333,1009.7666666666668,19.310000000000002
2025-02-15 17:00:00,0.0,14400.0,14400.0,252.53,1.71,16.4,56.0,21.4,53.85333333333333,1010.3166666666666,19.30666666666667
2025-02-15 18:00:00,0.0,14400.0,14400.0,262.03,-9.88,15.8,96.0,21.3,54.26666666666667,1010.4666666666667,19.273333333333333
2025-02-15 19:00:00,0.0,14400.0,14400.0,270.74,-20.55,15.2,92.0,21.3,54.74666666666667,1010.6666666666666,19.293333333333333
2025-02-15 20:00:00,0.0,14400.0,14400.0,282.19,-33.32,14.4,100.0,21.3,55.17333333333334,1010.6899999999999,19.276666666666667
2025-02-15 21:00:00,0.0,14400.0,14400.0,294.8,-44.26,14.0,100.0,21.3,55.660000000000004,1010.6666666666666,19.256666666666664
2025-02-16 07:00:00,0.0,14400.0,14400.0,111.12,5.98,9.4,98.0,20.7,52.653333333333336,1009.7233333333334,18.746666666666666
2025-02-16 08:00:00,0.0,14400.0,14400.0,122.27,16.7,8.9,100.0,20.6,52.553333333333335,1009.7166666666666,18.64666666666667
2025-02-16 09:00:00,0.0,14400.0,14400.0,134.66,25.74,8.6,100.0,20.6,52.836666666666666,1010.1500000000001,18.55666666666667
2025-02-16 10:00:00,0.0,14400.0,14400.0,149.37,32.87,9.6,16.0,20.5,52.95000000000001,1010.0166666666668,18.536666666666665
2025-02-16 11:00:00,0.0,14400.0,14400.0,166.46,37.23,11.9,31.0,20.5,52.97333333333333,1009.5099999999999,18.57
2025-02-16 12:00:00,0.0,14400.0,14400.0,184.96,38.11,14.6,21.0,20.5,53.093333333333334,1008.6533333333333,18.606666666666666
2025-02-16 13:00:00,0.0,14400.0,14400.0,202.92,35.34,16.6,11.0,20.5,53.39666666666667,1007.9,18.69666666666667
2025-02-16 14:00:00,0.0,14400.0,14400.0,218.82,29.42,18.1,7.0,20.5,53.93333333333334,1007.6,18.776666666666667
2025-02-16 15:00:00,0.0,14400.0,14400.0,232.26,21.19,18.3,0.0,20.5,54.23333333333333,1007.6066666666667,18.8
2025-02-16 16:00:00,0.0,14400.0,14400.0,244.29,10.84,18.0,0.0,20.5,54.69666666666666,1008.14,18.81
2025-02-16 17:00:00,0.0,14400.0,14400.0,252.84,1.88,17.2,0.0,20.6,54.946666666666665,1008.8866666666667,18.793333333333333
2025-02-16 18:00:00,0.0,14400.0,14400.0,262.49,-9.88,15.9,4.0,20.5,55.50666666666667,1009.6300000000001,18.78
2025-02-16 19:00:00,0.0,14400.0,14400.0,271.21,-20.55,14.7,23.0,20.6,56.303333333333335,1010.1666666666666,18.736666666666668
2025-02-16 20:00:00,0.0,14400.0,14400.0,282.72,-33.3,13.8,26.0,20.5,56.57333333333333,1010.5499999999998,18.75
2025-02-16 21:00:00,0.0,14400.0,14400.0,295.41,-44.21,13.3,8.0,20.5,56.906666666666666,1011.3333333333334,18.75
2025-02-17 07:00:00,3236.0,14400.0,14400.0,110.82,6.17,10.2,31.0,20.2,59.27333333333333,1010.9333333333334,19.52
2025-02-17 08:00:00,897.0,14400.0,14400.0,121.76,16.73,9.8,96.0,20.5,58.419999999999995,1011.2166666666667,20.62333333333333
2025-02-17 09:00:00,173.0,14400.0,14400.0,134.13,25.84,10.0,88.0,21.2,57.39000000000001,1011.1666666666666,21.48333333333333
2025-02-17 10:00:00,1619.0,14400.0,14400.0,148.83,33.05,10.9,40.0,21.9,57.22,1011.2166666666667,21.560000000000002
2025-02-17 11:00:00,41.0,14400.0,14400.0,165.96,37.51,13.2,6.0,22.0,55.78,1011.3666666666667,21.52333333333333
2025-02-17 12:00:00,471.0,14400.0,14400.0,184.57,38.48,15.5,1.0,21.9,53.38,1010.4499999999999,21.346666666666668
2025-02-17 13:00:00,624.0,14400.0,14400.0,203.05,35.67,17.3,0.0,22.0,53.156666666666666,1009.7566666666667,20.713333333333335
2025-02-17 14:00:00,171.0,14400.0,14400.0,219.02,29.72,18.1,0.0,22.2,57.54333333333333,1009.6833333333334,20.043333333333337
2025-02-17 15:00:00,3456.0,14400.0,14400.0,232.5,21.46,17.3,0.0,21.8,59.98,1009.6666666666666,20.560000000000002
2025-02-17 16:00:00,3600.0,14400.0,14400.0,244.71,10.92,16.8,4.0,21.6,58.330000000000005,1010.0666666666666,21.290000000000003
2025-02-17 17:00:00,3600.0,14400.0,14400.0,253.11,2.11,16.3,4.0,21.5,57.77,1010.5099999999999,21.47666666666667
2025-02-17 18:00:00,731.0,14400.0,14400.0,262.46,-9.28,15.6,4.0,21.7,57.906666666666666,1011.2966666666667,21.99333333333333
2025-02-17 19:00:00,106.0,14400.0,14400.0,271.69,-20.55,14.6,12.0,21.8,60.49666666666667,1011.5533333333333,22.24
2025-02-17 20:00:00,0.0,14400.0,14400.0,283.25,-33.29,13.7,6.0,22.1,59.583333333333336,1011.89,21.439999999999998
2025-02-17 21:00:00,0.0,14400.0,14400.0,296.03,-44.16,13.6,1.0,22.6,58.39666666666667,1012.3133333333334,20.766666666666666
2025-02-18 07:00:00,1320.0,14400.0,14400.0,110.35,6.18,9.8,100.0,20.9,55.576666666666675,1012.1566666666666,20.283333333333335
2025-02-18 08:00:00,85.0,14400.0,14400.0,121.25,16.77,9.5,100.0,21.2,54.086666666666666,1012.3000000000001,21.30666666666667
2025-02-18 09:00:00,234.0,14400.0,14400.0,133.59,25.94,9.2,100.0,21.7,52.60333333333333,1012.3666666666667,21.863333333333333
2025-02-18 10:00:00,428.0,14400.0,14400.0,148.29,33.23,10.2,100.0,22.0,50.923333333333325,1012.3166666666666,21.203333333333333
2025-02-18 11:00:00,37.0,14400.0,14400.0,165.46,37.79,12.5,100.0,22.5,52.416666666666664,1011.9166666666666,21.41333333333333
2025-02-18 12:00:00,149.0,14400.0,14400.0,184.49,38.82,13.5,100.0,22.3,53.76,1011.21,21.776666666666667
2025-02-18 13:00:00,3417.0,14400.0,14400.0,203.19,36.0,14.6,100.0,22.6,52.526666666666664,1010.1,21.41
2025-02-18 14:00:00,1310.0,14400.0,14400.0,219.22,30.03,15.8,98.0,22.7,53.10333333333333,1009.6999999999999,20.86
2025-02-18 15:00:00,3560.0,14400.0,14400.0,232.73,21.74,15.7,96.0,22.3,56.56666666666666,1009.9499999999999,21.30666666666667
2025-02-18 16:00:00,583.0,14400.0,14400.0,244.87,11.26,15.7,88.0,22.7,58.04666666666666,1010.2166666666667,21.733333333333334
2025-02-18 17:00:00,2021.0,14400.0,14400.0,253.43,2.27,15.3,97.0,23.0,57.76666666666667,1010.5499999999998,21.566666666666663
2025-02-18 18:00:00,81.0,14400.0,14400.0,262.92,-9.28,14.9,100.0,23.2,59.276666666666664,1010.7866666666667,21.8
2025-02-18 19:00:00,1544.0,14400.0,14400.0,272.17,-20.55,14.1,100.0,22.8,59.34666666666667,1011.2166666666667,21.85666666666667
2025-02-18 20:00:00,0.0,14400.0,14400.0,283.79,-33.27,13.8,100.0,23.4,57.92666666666667,1011.5833333333334,21.323333333333334
2025-02-18 21:00:00,0.0,14400.0,14400.0,296.65,-44.1,13.7,97.0,23.0,57.946666666666665,1012.0833333333334,20.903333333333332
2025-02-19 07:00:00,3600.0,14400.0,14400.0,110.24,6.58,9.9,96.0,21.4,57.69333333333333,1014.2133333333335,20.22
2025-02-19 08:00:00,3600.0,14400.0,14400.0,121.49,17.45,9.3,88.0,21.2,56.400000000000006,1015.1300000000001,21.21
2025-02-19 09:00:00,3600.0,14400.0,14400.0,133.95,26.59,8.9,85.0,21.5,56.576666666666675,1015.4433333333333,21.713333333333335
2025-02-19 10:00:00,1496.0,14400.0,14400.0,148.81,33.81,10.5,100.0,22.2,56.88333333333333,1015.7833333333334,21.69333333333333
2025-02-19 11:00:00,481.0,14400.0,14400.0,166.16,38.26,12.3,100.0,22.6,55.669999999999995,1015.6333333333333,21.906666666666666
2025-02-19 12:00:00,451.0,14400.0,14400.0,185.04,39.17,13.7,100.0,22.5,54.13999999999999,1015.2433333333333,21.863333333333333
2025-02-19 13:00:00,94.0,14400.0,14400.0,203.32,36.34,15.3,95.0,22.7,53.95333333333334,1015.1266666666667,21.303333333333335
2025-02-19 14:00:00,300.0,14400.0,14400.0,219.42,30.34,16.5,44.0,22.4,54.943333333333335,1015.4633333333335,20.956666666666667
2025-02-19 15:00:00,5.0,14400.0,14400.0,232.97,22.02,16.4,100.0,22.0,58.050000000000004,1015.8333333333334,21.439999999999998
2025-02-19 16:00:00,109.0,14400.0,14400.0,245.0,11.63,16.2,100.0,22.4,56.26,1016.5266666666666,21.736666666666668
2025-02-19 17:00:00,3600.0,14400.0,14400.0,253.76,2.44,15.9,100.0,22.7,57.17666666666667,1017.65,21.513333333333335
2025-02-19 18:00:00,3600.0,14400.0,14400.0,263.39,-9.29,15.1,100.0,23.0,57.54,1018.4266666666666,21.883333333333336
2025-02-19 19:00:00,2830.0,14400.0,14400.0,272.66,-20.55,14.4,14.0,23.3,56.75666666666667,1019.1933333333333,22.070000000000004
2025-02-19 20:00:00,0.0,14400.0,14400.0,284.34,-33.26,13.8,3.0,23.5,56.53333333333333,1019.9200000000001,21.516666666666666
2025-02-19 21:00:00,0.0,14400.0,14400.0,297.28,-44.05,13.1,4.0,23.1,56.46333333333334,1020.4166666666666,21.02333333333333
2025-02-20 07:00:00,1073.0,14400.0,14400.0,109.81,6.64,10.4,100.0,21.5,53.52,1022.4433333333333,20.453333333333333
2025-02-20 08:00:00,148.0,14400.0,14400.0,120.97,17.49,10.7,100.0,21.8,53.95666666666667,1023.0266666666666,20.973333333333333
2025-02-20 09:00:00,704.0,14400.0,14400.0,133.41,26.69,11.0,100.0,22.0,52.22,1023.2233333333334,21.366666666666664
2025-02-20 10:00:00,1931.0,14400.0,14400.0,148.25,34.0,11.7,100.0,21.9,52.04666666666666,1023.1766666666666,20.813333333333333
2025-02-20 11:00:00,843.0,14400.0,14400.0,165.65,38.55,13.1,100.0,22.1,54.03666666666666,1022.6999999999999,21.62
2025-02-20 12:00:00,334.0,14400.0,14400.0,184.64,39.54,14.7,100.0,22.0,52.873333333333335,1022.1,21.89
2025-02-20 13:00:00,44.0,14400.0,14400.0,203.46,36.68,15.9,89.0,22.2,51.79666666666666,1021.42,21.536666666666665
2025-02-20 14:00:00,1371.0,14400.0,14400.0,219.63,30.65,17.1,19.0,22.5,52.24666666666667,1021.3433333333332,20.94333333333333
2025-02-20 15:00:00,3600.0,14400.0,14400.0,233.22,22.29,17.3,2.0,22.1,54.330000000000005,1021.4,21.37
2025-02-20 16:00:00,2675.0,14400.0,14400.0,245.45,11.7,16.5,17.0,22.8,53.156666666666666,1021.7033333333333,21.843333333333334
2025-02-20 17:00:00,3190.0,14400.0,14400.0,254.16,2.52,15.9,46.0,23.1,53.49,1022.3366666666667,21.673333333333332
2025-02-20 18:00:00,3600.0,14400.0,14400.0,263.86,-9.29,15.0,23.0,23.2,53.88666666666666,1022.7000000000002,21.840000000000003
2025-02-20 19:00:00,2820.0,14400.0,14400.0,273.15,-20.54,14.4,45.0,23.1,53.47666666666667,1023.0500000000001,21.88
2025-02-20 20:00:00,21.0,14400.0,14400.0,284.89,-33.24,14.2,34.0,23.6,53.48333333333333,1023.1433333333334,21.426666666666666
2025-02-20 21:00:00,0.0,14400.0,14400.0,297.92,-43.99,14.0,56.0,23.6,53.80666666666667,1023.5,21.12666666666667
2025-02-21 07:00:00,3546.0,14400.0,14400.0,109.33,6.66,13.1,100.0,21.9,58.99666666666667,1021.85,21.093333333333334
2025-02-21 08:00:00,3600.0,14400.0,14400.0,120.45,17.52,13.0,100.0,21.9,57.1,1022.0833333333334,21.833333333333332
2025-02-21 09:00:00,1370.0,14400.0,14400.0,132.86,26.79,12.9,100.0,22.2,56.47,1021.9933333333333,21.993333333333336
2025-02-21 10:00:00,286.0,14400.0,14400.0,147.7,34.19,13.2,100.0,22.4,56.73333333333334,1021.6166666666668,21.39
2025-02-21 11:00:00,2770.0,14400.0,14400.0,165.12,38.83,13.7,100.0,22.6,57.830000000000005,1020.9733333333334,21.553333333333338
2025-02-21 12:00:00,3215.0,14400.0,14400.0,184.56,39.89,14.8,81.0,22.6,55.97333333333333,1019.93,21.596666666666664
2025-02-21 13:00:00,0.0,14400.0,14400.0,203.61,37.02,16.1,100.0,22.6,54.75333333333333,1018.71,21.19
2025-02-21 14:00:00,0.0,14400.0,14400.0,219.85,30.96,16.2,100.0,22.4,53.88333333333333,1017.73,20.99
2025-02-21 15:00:00,0.0,14400.0,14400.0,233.47,22.57,16.2,100.0,22.3,54.40333333333333,1017.2333333333332,20.92
2025-02-21 16:00:00,0.0,14400.0,14400.0,245.58,12.08,16.1,100.0,22.5,55.553333333333335,1016.6666666666666,20.799999999999997
2025-02-21 17:00:00,0.0,14400.0,14400.0,254.28,2.94,15.3,100.0,22.7,56.23,1016.8333333333334,20.756666666666668
2025-02-21 18:00:00,0.0,14400.0,14400.0,263.89,-8.74,14.8,100.0,22.9,56.526666666666664,1016.6233333333333,20.680000000000003
2025-02-21 19:00:00,102.0,14400.0,14400.0,273.64,-20.54,14.4,100.0,23.2,56.88666666666666,1016.9500000000002,20.606666666666666
2025-02-21 20:00:00,0.0,14400.0,14400.0,285.44,-33.22,13.9,100.0,23.6,56.916666666666664,1016.8166666666667,20.596666666666668
2025-02-21 21:00:00,0.0,14400.0,14400.0,298.56,-43.92,14.1,100.0,23.7,56.833333333333336,1016.4866666666667,20.563333333333333
2025-02-22 07:00:00,0.0,14400.0,14400.0,109.24,7.08,9.3,82.0,21.8,53.49,1015.2999999999998,19.906666666666666
2025-02-22 08:00:00,0.0,14400.0,14400.0,120.69,18.22,9.3,100.0,21.8,53.596666666666664,1016.0966666666667,19.849999999999998
2025-02-22 09:00:00,0.0,14400.0,14400.0,133.22,27.45,9.4,100.0,21.7,53.839999999999996,1016.0366666666667,19.816666666666666
2025-02-22 10:00:00,0.0,14400.0,14400.0,148.22,34.78,10.8,100.0,21.6,54.19,1015.9,19.786666666666665
2025-02-22 11:00:00,0.0,14400.0,14400.0,165.84,39.31,12.1,100.0,21.6,54.336666666666666,1015.3766666666667,19.78
2025-02-22 12:00:00,0.0,14400.0,14400.0,185.13,40.24,14.2,100.0,21.6,54.413333333333334,1015.0033333333334,19.766666666666666
2025-02-22 13:00:00,0.0,14400.0,14400.0,203.75,37.37,17.2,100.0,21.6,54.276666666666664,1014.82,19.80333333333333
2025-02-22 14:00:00,0.0,14400.0,14400.0,220.06,31.27,18.5,100.0,21.5,54.800000000000004,1014.8666666666667,19.786666666666665
2025-02-22 15:00:00,0.0,14400.0,14400.0,233.72,22.85,19.6,100.0,21.5,55.29333333333333,1015.0666666666666,19.723333333333333
2025-02-22 16:00:00,0.0,14400.0,14400.0,245.68,12.5,16.5,100.0,21.5,55.38666666666666,1015.1333333333333,19.726666666666667
2025-02-22 17:00:00,0.0,14400.0,14400.0,254.61,3.11,16.1,100.0,21.4,56.00333333333333,1015.96,19.69333333333333
2025-02-22 18:00:00,0.0,14400.0,14400.0,263.79,-8.03,15.0,100.0,21.4,56.64000000000001,1017.0733333333333,19.686666666666664
2025-02-22 19:00:00,0.0,14400.0,14400.0,273.22,-19.45,14.5,100.0,21.4,57.47666666666667,1017.9,19.646666666666665
2025-02-22 20:00:00,0.0,14400.0,14400.0,286.0,-33.19,13.6,100.0,21.3,58.41,1018.8100000000001,19.536666666666665
2025-02-22 21:00:00,0.0,14400.0,14400.0,299.2,-43.85,13.0,100.0,21.3,58.093333333333334,1019.4233333333333,19.436666666666667
2025-02-23 07:00:00,0.0,14400.0,14400.0,108.92,7.28,11.6,100.0,20.8,57.71,1023.4166666666666,19.113333333333333
2025-02-23 08:00:00,0.0,14400.0,14400.0,120.16,18.26,11.7,66.0,20.8,57.836666666666666,1024.64,19.063333333333333
2025-02-23 09:00:00,0.0,14400.0,14400.0,132.66,27.56,11.0,52.0,20.7,57.330000000000005,1024.8333333333333,18.98
2025-02-23 10:00:00,0.0,14400.0,14400.0,147.65,34.97,11.5,26.0,20.7,57.223333333333336,1024.9666666666667,18.98
2025-02-23 11:00:00,0.0,14400.0,14400.0,165.31,39.61,13.0,17.0,20.7,57.13666666666666,1024.8,18.98
2025-02-23 12:00:00,0.0,14400.0,14400.0,184.72,40.63,14.9,14.0,20.6,56.843333333333334,1024.3999999999999,18.97
2025-02-23 13:00:00,0.0,14400.0,14400.0,203.9,37.72,16.2,0.0,20.6,56.04666666666666,1024.06,18.95
2025-02-23 14:00:00,0.0,14400.0,14400.0,220.28,31.59,16.8,1.0,20.6,54.800000000000004,1023.56,18.973333333333333
2025-02-23 15:00:00,0.0,14400.0,14400.0,233.97,23.14,16.6,100.0,20.6,53.79666666666666,1023.9333333333334,18.94333333333333
2025-02-23 16:00:00,0.0,14400.0,14400.0,246.17,12.54,16.4,100.0,20.5,53.419999999999995,1024.2333333333333,18.970000000000002
2025-02-23 17:00:00,0.0,14400.0,14400.0,255.11,3.09,15.8,100.0,20.5,52.99,1024.76,19.03
2025-02-23 18:00:00,0.0,14400.0,14400.0,264.27,-8.03,15.6,100.0,20.5,52.666666666666664,1025.4233333333334,19.02333333333333
2025-02-23 19:00:00,0.0,14400.0,14400.0,273.72,-19.45,15.2,0.0,20.5,52.416666666666664,1026.0666666666666,19.01
2025-02-23 20:00:00,0.0,14400.0,14400.0,286.56,-33.17,13.4,0.0,20.5,52.126666666666665,1026.53,18.953333333333333
2025-02-23 21:00:00,0.0,14400.0,14400.0,299.84,-43.78,12.6,9.0,20.4,51.79,1026.8233333333333,18.89
2025-02-24 07:00:00,1030.0,14400.0,14400.0,108.83,7.72,8.0,1.0,20.0,50.36333333333332,1024.9066666666665,19.459999999999997
2025-02-24 08:00:00,69.0,14400.0,14400.0,120.4,18.96,7.4,85.0,20.2,53.77333333333333,1025.26,20.913333333333338
2025-02-24 09:00:00,536.0,14400.0,14400.0,133.02,28.23,7.1,86.0,20.8,53.65666666666666,1025.0,21.786666666666665
2025-02-24 10:00:00,1467.0,14400.0,14400.0,148.18,35.58,8.6,89.0,21.4,51.93666666666667,1024.5666666666666,21.706666666666667
2025-02-24 11:00:00,506.0,14400.0,14400.0,166.04,40.09,11.4,99.0,21.8,51.879999999999995,1023.5666666666666,21.706666666666667
2025-02-24 12:00:00,419.0,14400.0,14400.0,185.29,40.98,14.4,100.0,21.8,46.98,1022.3866666666668,21.62
2025-02-24 13:00:00,1094.0,14400.0,14400.0,204.05,38.07,17.1,100.0,21.7,42.99666666666667,1021.0500000000001,21.12
2025-02-24 14:00:00,0.0,14400.0,14400.0,220.5,31.9,19.1,100.0,21.6,41.099999999999994,1020.0,20.53333333333333
2025-02-24 15:00:00,3589.0,14400.0,14400.0,234.23,23.42,20.1,100.0,21.4,44.14666666666667,1019.4433333333333,20.826666666666668
2025-02-24 16:00:00,3600.0,14400.0,14400.0,246.26,12.98,20.8,100.0,21.9,42.65,1019.5466666666667,21.33666666666667
2025-02-24 17:00:00,3600.0,14400.0,14400.0,255.26,3.49,20.5,100.0,22.2,41.21333333333333,1019.2666666666665,21.403333333333332
2025-02-24 18:00:00,1877.0,14400.0,14400.0,264.34,-7.53,19.7,100.0,22.3,42.14333333333334,1019.1666666666666,21.02
2025-02-24 19:00:00,215.0,14400.0,14400.0,274.23,-19.45,18.9,96.0,22.6,43.01666666666667,1019.2766666666666,20.826666666666664
2025-02-24 20:00:00,0.0,14400.0,14400.0,287.13,-33.15,17.1,1.0,22.8,42.07333333333333,1019.6266666666667,20.366666666666664
2025-02-24 21:00:00,0.0,14400.0,14400.0,300.5,-43.71,15.9,27.0,22.7,42.13,1019.6666666666666,20.176666666666666
2025-02-25 07:00:00,976.0,14400.0,14400.0,108.34,7.74,14.6,100.0,20.9,44.623333333333335,1016.6633333333334,20.09
2025-02-25 08:00:00,87.0,14400.0,14400.0,119.86,19.0,14.8,100.0,21.2,41.88999999999999,1017.2033333333333,20.496666666666666
2025-02-25 09:00:00,188.0,14400.0,14400.0,132.46,28.33,14.8,100.0,21.9,41.556666666666665,1017.2933333333334,20.776666666666667
2025-02-25 10:00:00,218.0,14400.0,14400.0,147.6,35.77,15.2,100.0,22.0,43.053333333333335,1017.3933333333333,20.723333333333333
2025-02-25 11:00:00,499.0,14400.0,14400.0,165.5,40.39,16.2,100.0,22.3,45.32333333333333,1016.96,21.023333333333337
2025-02-25 12:00:00,3600.0,14400.0,14400.0,185.23,41.35,16.8,100.0,22.3,45.123333333333335,1016.0733333333333,20.37
2025-02-25 13:00:00,1314.0,14400.0,14400.0,204.2,38.42,17.1,100.0,22.2,45.379999999999995,1015.5099999999999,19.903333333333332
2025-02-25 14:00:00,1081.0,14400.0,14400.0,220.72,32.22,17.8,100.0,22.0,45.296666666666674,1015.3033333333333,19.87
2025-02-25 15:00:00,2246.0,14400.0,14400.0,234.49,23.71,18.9,100.0,21.9,49.48333333333333,1015.2666666666668,20.596666666666668
2025-02-25 16:00:00,102.0,14400.0,14400.0,246.77,12.99,19.1,100.0,22.4,53.4,1015.7366666666667,21.433333333333337
2025-02-25 17:00:00,3447.0,14400.0,14400.0,255.77,3.48,19.6,100.0,22.9,51.52333333333333,1016.5366666666667,21.263333333333335
2025-02-25 18:00:00,3600.0,14400.0,14400.0,264.83,-7.53,19.2,100.0,23.2,50.126666666666665,1017.77,21.673333333333332
2025-02-25 19:00:00,3360.0,14400.0,14400.0,274.74,-19.44,16.5,100.0,23.4,48.46,1018.89,21.533333333333335
2025-02-25 20:00:00,0.0,14400.0,14400.0,287.7,-33.12,15.3,100.0,23.0,44.843333333333334,1019.29,20.80666666666667
2025-02-25 21:00:00,0.0,14400.0,14400.0,301.15,-43.63,14.3,85.0,22.4,43.580000000000005,1019.9733333333334,20.413333333333338
2025-02-26 07:00:00,694.0,14400.0,14400.0,108.01,7.94,7.6,1.0,20.8,40.27,1022.0,19.653333333333332
2025-02-26 08:00:00,26.0,14400.0,14400.0,119.33,19.04,6.9,73.0,21.0,44.47333333333333,1022.2666666666668,20.816666666666666
2025-02-26 09:00:00,246.0,14400.0,14400.0,131.89,28.44,6.6,88.0,21.4,45.160000000000004,1022.2333333333332,21.436666666666667
2025-02-26 10:00:00,1172.0,14400.0,14400.0,147.02,35.96,7.8,0.0,21.7,41.669999999999995,1022.1,21.076666666666668
2025-02-26 11:00:00,1450.0,14400.0,14400.0,164.96,40.69,10.2,4.0,22.2,34.78333333333334,1021.1066666666666,20.91
2025-02-26 12:00:00,211.0,14400.0,14400.0,184.81,41.73,12.8,8.0,22.2,35.00666666666667,1019.7766666666666,21.10666666666667
2025-02-26 13:00:00,219.0,14400.0,14400.0,204.36,38.77,14.7,0.0,22.1,32.89333333333334,1018.63,20.763333333333332
2025-02-26 14:00:00,501.0,14400.0,14400.0,220.96,32.54,15.9,0.0,22.0,30.570000000000004,1017.7466666666666,20.180000000000003
2025-02-26 15:00:00,532.0,14400.0,14400.0,234.75,23.99,17.5,19.0,21.8,35.61333333333334,1017.3666666666667,20.543333333333333
2025-02-26 16:00:00,58.0,14400.0,14400.0,246.84,13.45,18.0,40.0,22.4,38.53,1017.25,20.72
2025-02-26 17:00:00,3142.0,14400.0,14400.0,256.11,3.65,18.0,14.0,23.1,42.63,1017.0666666666666,21.01
2025-02-26 18:00:00,3600.0,14400.0,14400.0,265.32,-7.54,16.5,19.0,23.3,43.85999999999999,1017.25,21.283333333333335
2025-02-26 19:00:00,2860.0,14400.0,14400.0,273.88,-17.89,14.9,8.0,23.0,44.97,1017.5833333333334,21.39
2025-02-26 20:00:00,0.0,14400.0,14400.0,284.42,-29.4,13.9,77.0,23.2,45.19666666666666,1018.0566666666667,20.766666666666666
2025-02-26 21:00:00,0.0,14400.0,14400.0,296.9,-40.2,12.9,66.0,22.8,45.32333333333333,1018.1333333333332,20.313333333333333
2025-02-27 07:00:00,880.0,14400.0,14400.0,107.93,8.4,7.6,100.0,20.9,38.973333333333336,1015.8866666666667,19.62
2025-02-27 08:00:00,3600.0,14400.0,14400.0,119.56,19.75,7.9,100.0,21.1,38.06,1016.0166666666668,20.243333333333332
2025-02-27 09:00:00,931.0,14400.0,14400.0,132.24,29.11,8.0,100.0,21.4,40.893333333333324,1015.8733333333333,21.180000000000003
2025-02-27 10:00:00,708.0,14400.0,14400.0,147.55,36.57,9.1,100.0,21.7,40.626666666666665,1015.7333333333332,21.423333333333332
2025-02-27 11:00:00,287.0,14400.0,14400.0,165.69,41.18,11.2,100.0,21.6,40.88333333333333,1015.4233333333333,21.77333333333333
2025-02-27 12:00:00,1189.0,14400.0,14400.0,185.38,42.09,13.1,100.0,21.7,40.81333333333333,1014.7966666666666,21.973333333333333
2025-02-27 13:00:00,2577.0,14400.0,14400.0,204.51,39.12,14.8,100.0,21.6,37.52,1013.6566666666666,21.16
2025-02-27 14:00:00,1289.0,14400.0,14400.0,221.18,32.87,15.8,100.0,21.5,36.82333333333333,1013.43,20.599999999999998
2025-02-27 15:00:00,982.0,14400.0,14400.0,235.01,24.28,15.1,56.0,21.3,37.78333333333333,1013.2333333333332,20.563333333333333
2025-02-27 16:00:00,487.0,14400.0,14400.0,246.89,13.95,16.2,91.0,21.9,38.00666666666667,1013.29,20.723333333333333
2025-02-27 17:00:00,3571.0,14400.0,14400.0,256.46,3.81,15.6,27.0,22.4,42.48,1013.7000000000002,20.763333333333332
2025-02-27 18:00:00,699.0,14400.0,14400.0,265.82,-7.54,15.1,1.0,22.9,44.96,1014.4433333333333,20.939999999999998
2025-02-27 19:00:00,1479.0,14400.0,14400.0,274.39,-17.89,14.1,3.0,23.3,45.31,1014.9466666666667,20.703333333333333
2025-02-27 20:00:00,0.0,14400.0,14400.0,284.97,-29.38,13.0,2.0,23.4,44.906666666666666,1015.0666666666666,20.44
2025-02-27 21:00:00,0.0,14400.0,14400.0,297.53,-40.14,12.4,27.0,23.3,44.57666666666666,1015.1333333333333,20.099999999999998
2025-02-28 07:00:00,640.0,14400.0,14400.0,107.43,8.41,8.0,100.0,21.0,41.01333333333333,1014.4766666666668,19.563333333333333
2025-02-28 08:00:00,217.0,14400.0,14400.0,119.01,19.79,7.8,100.0,21.1,41.35666666666667,1014.8266666666667,20.346666666666668
2025-02-28 09:00:00,18.0,14400.0,14400.0,131.66,29.22,7.8,95.0,21.5,44.376666666666665,1014.9033333333333,21.05666666666667
2025-02-28 10:00:00,612.0,14400.0,14400.0,146.96,36.77,10.0,89.0,21.9,47.73333333333333,1014.5500000000001,20.86
2025-02-28 11:00:00,317.0,14400.0,14400.0,165.14,41.48,13.0,100.0,22.1,51.75333333333333,1014.1833333333334,21.029999999999998
2025-02-28 12:00:00,342.0,14400.0,14400.0,185.33,42.47,14.6,100.0,22.1,52.330000000000005,1013.4733333333334,20.756666666666664
2025-02-28 13:00:00,1874.0,14400.0,14400.0,204.67,39.48,15.0,100.0,21.7,52.28333333333333,1012.7966666666666,20.07
2025-02-28 14:00:00,191.0,14400.0,14400.0,221.42,33.19,14.6,100.0,21.7,52.43000000000001,1012.3766666666667,19.763333333333332
2025-02-28 15:00:00,0.0,14400.0,14400.0,235.28,24.57,14.4,100.0,21.6,52.63999999999999,1012.0633333333334,19.703333333333333
2025-02-28 16:00:00,263.0,14400.0,14400.0,247.44,13.94,14.3,100.0,22.3,52.71333333333334,1012.0666666666666,19.753333333333334
2025-02-28 17:00:00,0.0,14400.0,14400.0,256.79,4.02,14.4,100.0,23.0,52.88666666666666,1012.1833333333334,19.753333333333334
2025-02-28 18:00:00,0.0,14400.0,14400.0,265.92,-7.05,14.3,79.0,22.8,53.089999999999996,1012.2433333333333,19.78333333333333
2025-02-28 19:00:00,74.0,14400.0,14400.0,274.9,-17.89,13.7,67.0,22.8,53.11000000000001,1012.3000000000001,19.783333333333335
2025-02-28 20:00:00,0.0,14400.0,14400.0,285.53,-29.36,12.9,99.0,22.4,53.07,1012.1233333333333,19.680000000000003
2025-02-28 21:00:00,0.0,14400.0,14400.0,298.17,-40.07,12.6,100.0,22.2,53.01333333333333,1012.29,19.613333333333333
2025-03-01 07:00:00,0.0,14400.0,14400.0,107.35,8.88,11.4,98.0,21.1,53.02,1011.2366666666667,18.653333333333332
2025-03-01 08:00:00,0.0,14400.0,14400.0,119.24,20.51,11.3,98.0,21.1,53.446666666666665,1011.8866666666667,18.569999999999997
2025-03-01 09:00:00,0.0,14400.0,14400.0,132.02,29.9,11.0,100.0,21.0,53.59666666666667,1012.15,18.476666666666663
2025-03-01 10:00:00,0.0,14400.0,14400.0,147.5,37.38,11.4,100.0,20.9,53.56999999999999,1012.1166666666667,18.373333333333335
2025-03-01 11:00:00,0.0,14400.0,14400.0,165.9,41.98,12.2,99.0,20.8,53.54,1012.35,18.33
2025-03-01 12:00:00,0.0,14400.0,14400.0,185.54,42.85,13.3,87.0,20.8,52.60666666666666,1012.2566666666667,18.286666666666665
2025-03-01 13:00:00,0.0,14400.0,14400.0,204.83,39.84,14.0,100.0,20.7,51.423333333333325,1012.0166666666668,18.263333333333332
2025-03-01 14:00:00,0.0,14400.0,14400.0,221.65,33.51,14.0,100.0,20.7,50.870000000000005,1012.1,18.226666666666663
2025-03-01 15:00:00,0.0,14400.0,14400.0,235.55,24.86,13.3,100.0,20.6,50.28333333333333,1012.2000000000002,18.223333333333333
2025-03-01 16:00:00,0.0,14400.0,14400.0,247.47,14.45,13.3,100.0,20.5,50.026666666666664,1012.4933333333332,18.19
2025-03-01 17:00:00,0.0,14400.0,14400.0,257.15,4.18,13.0,100.0,20.5,49.45333333333334,1013.1066666666667,18.153333333333332
2025-03-01 18:00:00,0.0,14400.0,14400.0,265.88,-6.41,12.9,100.0,20.4,48.95000000000001,1013.6933333333333,18.16
2025-03-01 19:00:00,0.0,14400.0,14400.0,274.68,-17.02,12.7,100.0,20.3,49.1,1014.0166666666668,18.166666666666668
2025-03-01 20:00:00,0.0,14400.0,14400.0,286.1,-29.34,12.6,100.0,20.3,49.666666666666664,1014.25,18.123333333333335
2025-03-01 21:00:00,0.0,14400.0,14400.0,298.8,-40.01,12.5,100.0,20.3,50.096666666666664,1014.7533333333332,18.146666666666665
2025-03-02 07:00:00,0.0,14400.0,14400.0,107.03,9.09,10.8,100.0,19.7,49.449999999999996,1016.0099999999999,17.566666666666666
2025-03-02 08:00:00,0.0,14400.0,14400.0,118.69,20.56,10.9,100.0,19.6,48.97333333333333,1016.6999999999999,17.49
2025-03-02 09:00:00,0.0,14400.0,14400.0,131.44,30.01,10.9,100.0,19.6,48.77,1016.5733333333334,17.333333333333332
2025-03-02 10:00:00,0.0,14400.0,14400.0,146.9,37.58,11.2,100.0,19.5,48.53333333333333,1016.6233333333333,17.209999999999997
2025-03-02 11:00:00,0.0,14400.0,14400.0,165.34,42.28,11.8,100.0,19.5,48.88999999999999,1016.5300000000001,17.13
2025-03-02 12:00:00,0.0,14400.0,14400.0,185.49,43.22,12.3,100.0,19.4,49.696666666666665,1016.1666666666666,17.1
2025-03-02 13:00:00,0.0,14400.0,14400.0,205.0,40.2,12.5,100.0,19.4,50.96666666666667,1015.77,17.076666666666668
2025-03-02 14:00:00,0.0,14400.0,14400.0,221.89,33.84,12.9,100.0,19.3,51.879999999999995,1015.6166666666667,17.02
2025-03-02 15:00:00,0.0,14400.0,14400.0,235.82,25.16,12.2,100.0,19.3,52.77333333333333,1015.5833333333334,17.01
2025-03-02 16:00:00,0.0,14400.0,14400.0,247.78,14.69,12.3,100.0,19.2,53.75666666666667,1015.6999999999999,16.973333333333333
2025-03-02 17:00:00,0.0,14400.0,14400.0,257.66,4.17,12.3,100.0,19.2,54.589999999999996,1016.1,16.960000000000004
2025-03-02 18:00:00,0.0,14400.0,14400.0,266.38,-6.41,12.2,100.0,19.2,55.98,1016.4,16.9
2025-03-02 19:00:00,0.0,14400.0,14400.0,275.19,-17.02,12.0,100.0,19.1,56.88666666666666,1016.4333333333334,16.893333333333334
2025-03-02 20:00:00,0.0,14400.0,14400.0,286.67,-29.32,12.0,100.0,19.1,57.876666666666665,1016.4833333333332,16.843333333333334
2025-03-02 21:00:00,0.0,14400.0,14400.0,299.45,-39.94,11.9,100.0,19.0,58.53333333333333,1016.4433333333333,16.89
2025-03-03 07:00:00,0.0,14400.0,14400.0,106.69,9.31,12.1,100.0,18.8,62.67666666666667,1015.2066666666666,17.726666666666667
2025-03-03 08:00:00,0.0,14400.0,14400.0,118.14,20.6,12.1,100.0,19.2,62.10999999999999,1014.8366666666667,18.256666666666668
2025-03-03 09:00:00,2050.0,14400.0,14400.0,130.85,30.12,12.2,100.0,19.9,65.38,1014.8833333333333,18.99
2025-03-03 10:00:00,2016.0,14400.0,14400.0,146.29,37.78,12.4,100.0,20.3,67.25666666666666,1014.4766666666666,19.656666666666666
2025-03-03 11:00:00,255.0,14400.0,14400.0,164.77,42.59,12.8,100.0,20.6,68.92333333333333,1014.38,20.62
2025-03-03 12:00:00,2466.0,14400.0,14400.0,185.07,43.62,12.8,100.0,20.8,67.85666666666667,1013.6,20.69333333333333
2025-03-03 13:00:00,0.0,14400.0,14400.0,205.16,40.56,13.3,100.0,21.0,66.86333333333333,1013.13,19.853333333333335
2025-03-03 14:00:00,159.0,14400.0,14400.0,222.13,34.17,14.5,100.0,21.0,66.43666666666667,1013.0566666666667,19.72
2025-03-03 15:00:00,3573.0,14400.0,14400.0,236.09,25.45,13.7,100.0,21.0,68.20333333333333,1012.65,19.52
2025-03-03 16:00:00,3600.0,14400.0,14400.0,248.06,14.96,14.2,100.0,20.9,67.68333333333334,1012.8499999999999,20.029999999999998
2025-03-03 17:00:00,3600.0,14400.0,14400.0,258.02,4.34,13.8,100.0,21.3,66.25666666666666,1012.9733333333334,19.98
2025-03-03 18:00:00,390.0,14400.0,14400.0,266.88,-6.41,13.7,100.0,21.7,65.62666666666667,1013.6,20.296666666666667
2025-03-03 19:00:00,429.0,14400.0,14400.0,275.72,-17.02,13.6,100.0,22.1,65.57333333333334,1013.6666666666666,20.2
2025-03-03 20:00:00,0.0,14400.0,14400.0,287.24,-29.29,13.0,100.0,21.9,65.35333333333334,1013.6166666666667,19.543333333333333
2025-03-03 21:00:00,0.0,14400.0,14400.0,300.09,-39.86,12.8,100.0,21.9,65.74666666666667,1014.1333333333333,19.146666666666665
2025-03-04 07:00:00,0.0,14400.0,14400.0,106.45,9.6,13.1,94.0,20.1,66.83666666666666,1014.4833333333332,17.9
2025-03-04 08:00:00,0.0,14400.0,14400.0,118.37,21.32,12.9,79.0,20.4,67.81,1014.7266666666666,17.69
2025-03-04 09:00:00,0.0,14400.0,14400.0,131.2,30.81,12.8,95.0,20.6,68.55666666666667,1014.9233333333333,17.56
2025-03-04 10:00:00,0.0,14400.0,14400.0,146.83,38.41,13.4,88.0,20.4,68.23333333333333,1015.1,17.486666666666668
2025-03-04 11:00:00,0.0,14400.0,14400.0,165.54,43.09,13.9,100.0,20.2,68.49,1014.8733333333333,17.38666666666667
2025-03-04 12:00:00,0.0,14400.0,14400.0,185.65,43.99,14.5,84.0,20.1,69.10666666666667,1014.3866666666667,17.34
2025-03-04 13:00:00,0.0,14400.0,14400.0,205.33,40.92,15.3,85.0,20.0,69.67999999999999,1013.6333333333333,17.310000000000002
2025-03-04 14:00:00,0.0,14400.0,14400.0,222.37,34.49,14.9,98.0,19.9,70.25666666666666,1013.4533333333333,17.220000000000002
2025-03-04 15:00:00,0.0,14400.0,14400.0,236.37,25.74,14.9,85.0,19.8,70.35666666666667,1013.7999999999998,17.203333333333333
2025-03-04 16:00:00,0.0,14400.0,14400.0,248.03,15.56,14.6,84.0,19.8,70.14333333333333,1013.6666666666666,17.12666666666667
2025-03-04 17:00:00,0.0,14400.0,14400.0,258.21,4.71,14.2,88.0,19.8,69.49333333333333,1013.9166666666666,17.013333333333332
2025-03-04 18:00:00,0.0,14400.0,14400.0,267.01,-5.95,14.0,96.0,19.7,69.6,1014.3666666666668,16.923333333333332
2025-03-04 19:00:00,0.0,14400.0,14400.0,276.24,-17.01,13.7,98.0,19.6,69.58,1014.4333333333334,16.89333333333333
2025-03-04 20:00:00,0.0,14400.0,14400.0,287.81,-29.27,13.5,100.0,19.5,69.98333333333333,1014.6,16.853333333333335
2025-03-04 21:00:00,0.0,14400.0,14400.0,300.73,-39.79,13.5,100.0,19.5,70.23,1015.1599999999999,16.793333333333333
2025-03-05 07:00:00,0.0,14400.0,14400.0,106.12,9.82,13.5,99.0,19.1,73.23666666666666,1014.0666666666666,16.78333333333333
2025-03-05 08:00:00,0.0,14400.0,14400.0,117.81,21.36,13.3,100.0,19.2,72.70666666666666,1014.9666666666667,16.75
2025-03-05 09:00:00,0.0,14400.0,14400.0,130.61,30.92,13.4,100.0,19.2,72.69666666666667,1015.1500000000001,16.65
2025-03-05 10:00:00,0.0,14400.0,14400.0,146.22,38.61,13.4,99.0,19.1,72.9,1015.2233333333334,16.62
2025-03-05 11:00:00,0.0,14400.0,14400.0,164.97,43.4,13.8,99.0,19.1,73.21333333333332,1014.7833333333334,16.5
2025-03-05 12:00:00,0.0,14400.0,14400.0,185.6,44.37,13.9,100.0,19.0,72.98333333333333,1014.0633333333334,16.406666666666666
2025-03-05 13:00:00,0.0,14400.0,14400.0,205.5,41.28,13.6,100.0,19.0,73.09,1013.3233333333334,16.326666666666668
2025-03-05 14:00:00,0.0,14400.0,14400.0,222.62,34.82,13.6,100.0,19.0,73.49,1013.0333333333333,16.266666666666666
2025-03-05 15:00:00,0.0,14400.0,14400.0,236.65,26.04,13.4,100.0,18.9,73.76666666666667,1013.1333333333333,16.22
2025-03-05 16:00:00,0.0,14400.0,14400.0,248.32,15.82,13.4,100.0,18.8,73.99333333333333,1012.9499999999999,16.176666666666666
2025-03-05 17:00:00,0.0,14400.0,14400.0,258.73,4.7,13.8,100.0,18.8,74.68333333333334,1013.09,16.19666666666667
2025-03-05 18:00:00,0.0,14400.0,14400.0,267.52,-5.95,13.6,100.0,18.8,75.23,1013.2166666666667,16.200000000000003
2025-03-05 19:00:00,0.0,14400.0,14400.0,276.76,-17.01,13.3,100.0,18.7,75.66,1013.2333333333332,16.22666666666667
2025-03-05 20:00:00,0.0,14400.0,14400.0,288.39,-29.24,12.8,100.0,18.7,75.75,1013.3666666666667,16.256666666666668
2025-03-05 21:00:00,0.0,14400.0,14400.0,301.38,-39.72,13.1,100.0,18.7,75.76333333333334,1013.4833333333332,16.28
2025-03-06 07:00:00,0.0,14400.0,14400.0,106.07,10.33,13.1,100.0,18.4,77.03,1011.7166666666667,16.310000000000002
2025-03-06 08:00:00,0.0,14400.0,14400.0,118.04,22.09,13.2,100.0,18.6,77.06666666666666,1012.0666666666666,16.283333333333335
2025-03-06 09:00:00,0.0,14400.0,14400.0,130.96,31.61,12.9,100.0,18.5,77.11333333333333,1012.0166666666668,16.290000000000003
2025-03-06 10:00:00,0.0,14400.0,14400.0,146.76,39.23,13.6,100.0,18.5,76.95333333333333,1011.9333333333334,16.31
2025-03-06 11:00:00,0.0,14400.0,14400.0,165.74,43.91,13.9,100.0,18.4,77.09666666666666,1011.9666666666666,16.356666666666666
2025-03-06 12:00:00,0.0,14400.0,14400.0,185.82,44.76,14.5,100.0,18.4,77.13999999999999,1011.46,16.439999999999998
2025-03-06 13:00:00,0.0,14400.0,14400.0,205.67,41.65,15.1,100.0,18.4,77.20666666666666,1010.9500000000002,16.56
2025-03-06 14:00:00,0.0,14400.0,14400.0,222.87,35.15,14.4,100.0,18.5,76.68666666666667,1010.4,16.59333333333333
2025-03-06 15:00:00,0.0,14400.0,14400.0,236.93,26.33,14.2,100.0,18.4,76.58,1010.1500000000001,16.61
2025-03-06 16:00:00,0.0,14400.0,14400.0,248.61,16.09,14.7,98.0,18.4,76.66666666666667,1010.4566666666666,16.560000000000002
2025-03-06 17:00:00,0.0,14400.0,14400.0,259.09,4.87,15.1,100.0,18.4,76.70666666666666,1011.2400000000001,16.526666666666667
2025-03-06 18:00:00,0.0,14400.0,14400.0,268.03,-5.95,14.5,72.0,18.4,76.79666666666667,1011.09,16.47
2025-03-06 19:00:00,0.0,14400.0,14400.0,277.29,-17.01,14.4,77.0,18.4,76.83333333333333,1011.7333333333335,16.403333333333332
2025-03-06 20:00:00,0.0,14400.0,14400.0,288.97,-29.21,13.7,100.0,18.3,76.55,1012.15,16.349999999999998
2025-03-06 21:00:00,0.0,14400.0,14400.0,302.03,-39.63,13.4,95.0,18.3,76.25333333333333,1012.3166666666666,16.316666666666666
2025-03-07 08:00:00,285.0,14400.0,14400.0,123.18,26.92,12.1,100.0,19.1,70.16666666666667,1010.9833333333332,17.173333333333332
2025-03-07 09:00:00,2979.0,14400.0,14400.0,130.47,31.79,12.6,100.0,19.0,70.58333333333333,1011.4166666666666,17.33666666666667
2025-03-07 10:00:00,968.0,14400.0,14400.0,146.28,39.48,13.0,100.0,19.0,69.61666666666667,1011.3666666666667,17.986666666666668
2025-03-07 11:00:00,161.0,14400.0,14400.0,165.32,44.24,13.5,100.0,19.5,68.74000000000001,1010.8333333333334,18.3
2025-03-07 12:00:00,372.0,14400.0,14400.0,185.8,45.15,14.1,100.0,20.1,68.17,1009.8766666666667,18.426666666666666
2025-03-07 13:00:00,0.0,14400.0,14400.0,205.85,42.01,14.8,76.0,20.2,68.33,1009.0766666666667,18.546666666666667
2025-03-07 14:00:00,0.0,14400.0,14400.0,223.12,35.48,15.8,75.0,20.4,67.81666666666666,1008.3966666666666,18.810000000000002
2025-03-07 15:00:00,0.0,14400.0,14400.0,237.21,26.62,14.8,76.0,20.6,67.61333333333333,1007.7166666666667,18.84333333333333
2025-03-07 16:00:00,0.0,14400.0,14400.0,248.9,16.36,14.7,69.0,21.1,67.01,1007.3100000000001,19.040000000000003
2025-03-07 17:00:00,0.0,14400.0,14400.0,259.29,5.23,14.7,100.0,21.1,66.74666666666667,1006.5766666666667,19.09
2025-03-07 18:00:00,0.0,14400.0,14400.0,268.18,-5.49,14.5,100.0,21.5,66.83333333333333,1006.8166666666666,19.206666666666667
2025-03-07 19:00:00,84.0,14400.0,14400.0,277.82,-17.01,14.1,100.0,21.5,66.42999999999999,1006.5233333333332,19.346666666666668
2025-03-07 20:00:00,0.0,14400.0,14400.0,289.55,-29.19,13.5,100.0,21.7,66.97333333333333,1006.9333333333334,18.94333333333333
2025-03-07 21:00:00,0.0,14400.0,14400.0,302.69,-39.56,13.4,100.0,21.7,67.57666666666667,1006.7933333333334,18.63
2025-03-08 07:00:00,0.0,14400.0,14400.0,105.25,10.6,12.4,100.0,19.7,69.02333333333333,1003.25,17.85
2025-03-08 08:00:00,0.0,14400.0,14400.0,116.92,22.18,12.3,98.0,19.6,69.14666666666666,1002.8666666666668,17.8
2025-03-08 09:00:00,0.0,14400.0,14400.0,129.77,31.84,12.3,100.0,19.6,69.33666666666666,1002.7366666666667,17.8
2025-03-08 10:00:00,0.0,14400.0,14400.0,145.53,39.64,13.6,100.0,19.6,69.56,1002.18,17.803333333333335
2025-03-08 11:00:00,0.0,14400.0,14400.0,164.59,44.53,14.6,96.0,19.5,69.79333333333334,1001.5333333333333,17.810000000000002
2025-03-08 12:00:00,0.0,14400.0,14400.0,185.71,45.53,15.6,97.0,19.5,70.00666666666666,1000.7933333333334,17.85
2025-03-08 13:00:00,0.0,14400.0,14400.0,206.03,42.38,16.1,90.0,19.5,70.02666666666667,999.2666666666665,17.826666666666668
2025-03-08 14:00:00,0.0,14400.0,14400.0,223.38,35.81,15.9,100.0,19.5,70.02,998.2199999999999,17.819999999999997
2025-03-08 15:00:00,0.0,14400.0,14400.0,237.5,26.92,15.5,100.0,19.4,70.27666666666666,997.2000000000002,17.83
2025-03-08 16:00:00,0.0,14400.0,14400.0,249.2,16.62,15.0,100.0,19.4,70.60000000000001,996.5266666666666,17.82
2025-03-08 17:00:00,0.0,14400.0,14400.0,259.81,5.22,15.0,100.0,19.4,70.95333333333333,996.4766666666666,17.81
2025-03-08 18:00:00,0.0,14400.0,14400.0,268.68,-5.49,14.8,100.0,19.4,71.07666666666667,995.9733333333334,17.813333333333333
2025-03-08 19:00:00,0.0,14400.0,14400.0,278.35,-17.0,14.7,100.0,19.4,71.27,995.9900000000001,17.813333333333336
2025-03-08 20:00:00,0.0,14400.0,14400.0,290.14,-29.16,14.5,100.0,19.4,71.38000000000001,995.7266666666668,17.816666666666666
2025-03-08 21:00:00,0.0,14400.0,14400.0,303.34,-39.47,14.5,100.0,19.3,71.18666666666667,996.3533333333334,17.766666666666666
2025-03-09 07:00:00,0.0,14400.0,14400.0,105.24,11.17,10.6,23.0,18.8,54.27333333333333,996.5566666666667,16.78
2025-03-09 08:00:00,0.0,14400.0,14400.0,117.14,22.91,10.2,24.0,18.7,53.32333333333333,996.96,16.753333333333334
2025-03-09 09:00:00,0.0,14400.0,14400.0,130.11,32.54,10.1,4.0,18.7,51.51333333333334,997.0100000000001,16.743333333333336
2025-03-09 10:00:00,0.0,14400.0,14400.0,146.07,40.27,11.2,18.0,18.7,49.623333333333335,996.4833333333332,16.743333333333336
2025-03-09 11:00:00,0.0,14400.0,14400.0,165.38,45.05,12.8,2.0,18.6,48.75333333333333,996.64,16.796666666666667
2025-03-09 12:00:00,0.0,14400.0,14400.0,185.95,45.92,14.4,16.0,18.6,47.27333333333333,995.9933333333333,16.88
2025-03-09 13:00:00,0.0,14400.0,14400.0,206.21,42.75,15.7,89.0,18.6,46.28333333333333,995.2566666666667,16.983333333333334
2025-03-09 14:00:00,0.0,14400.0,14400.0,223.63,36.14,16.6,46.0,18.5,45.720000000000006,995.1366666666667,17.123333333333335
2025-03-09 15:00:00,0.0,14400.0,14400.0,237.79,27.21,16.8,29.0,18.5,48.13666666666666,994.8666666666667,17.296666666666667
2025-03-09 16:00:00,0.0,14400.0,14400.0,249.5,16.89,17.2,23.0,18.5,50.343333333333334,995.1333333333333,17.313333333333336
2025-03-09 17:00:00,0.0,14400.0,14400.0,260.01,5.58,17.2,55.0,18.6,51.10666666666666,995.6,17.313333333333333
2025-03-09 18:00:00,0.0,14400.0,14400.0,268.39,-4.47,15.4,37.0,18.6,51.883333333333326,996.0433333333334,17.296666666666667
2025-03-09 19:00:00,0.0,14400.0,14400.0,278.16,-16.17,14.6,48.0,18.6,52.5,996.9333333333334,17.27
2025-03-09 20:00:00,0.0,14400.0,14400.0,290.72,-29.13,14.0,100.0,18.6,52.61000000000001,997.79,17.203333333333333
2025-03-09 21:00:00,0.0,14400.0,14400.0,303.99,-39.39,13.9,100.0,18.6,52.586666666666666,997.9833333333332,17.076666666666668
2025-03-10 07:00:00,379.0,8961.0,8961.0,104.93,11.42,9.7,100.0,18.5,55.27,997.7600000000001,17.08
2025-03-10 08:00:00,694.0,3600.0,3600.0,116.58,22.96,9.5,93.0,18.4,56.17666666666667,998.23,17.37
2025-03-10 09:00:00,452.0,3600.0,3600.0,129.51,32.65,9.7,89.0,18.5,53.73,998.4,17.973333333333333
2025-03-10 10:00:00,0.0,3600.0,3600.0,145.44,40.48,10.9,25.0,19.0,51.11333333333334,998.5433333333334,18.38
2025-03-10 11:00:00,0.0,3600.0,3600.0,164.79,45.36,13.0,48.0,19.5,48.67333333333334,998.3333333333334,18.646666666666665
2025-03-10 12:00:00,259.0,3600.0,3600.0,186.6,46.24,14.5,89.0,19.8,47.19,997.96,18.846666666666668
2025-03-10 13:00:00,0.0,3600.0,3600.0,207.66,42.76,15.4,12.0,20.1,45.79,997.4699999999999,19.036666666666665
2025-03-10 14:00:00,0.0,3600.0,3600.0,224.93,35.93,16.8,77.0,20.3,44.626666666666665,997.2166666666667,19.290000000000003
2025-03-10 15:00:00,3374.0,8402.0,8402.0,238.92,26.85,17.4,34.0,20.5,44.419999999999995,997.0833333333334,19.626666666666665
2025-03-10 16:00:00,3600.0,10800.0,10800.0,250.51,16.44,17.8,7.0,20.7,41.99333333333333,997.61,20.24
2025-03-10 17:00:00,798.0,10800.0,10800.0,260.7,5.38,18.4,57.0,20.9,46.88333333333333,998.2066666666666,20.666666666666668
2025-03-10 18:00:00,2642.0,10800.0,10800.0,268.9,-4.47,17.5,92.0,21.0,51.580000000000005,998.7400000000001,21.043333333333333
2025-03-10 19:00:00,432.0,10800.0,10800.0,278.7,-16.16,15.5,100.0,21.8,54.10333333333333,999.1433333333333,21.19
2025-03-10 20:00:00,0.0,10800.0,10800.0,291.32,-29.1,13.8,98.0,21.9,54.370000000000005,999.5333333333334,20.499999999999996
2025-03-10 21:00:00,0.0,10800.0,10800.0,304.65,-39.29,13.2,100.0,22.0,55.17666666666667,999.6999999999999,19.849999999999998
2025-03-11 07:00:00,405.0,10800.0,10800.0,104.95,12.01,11.8,100.0,20.0,52.660000000000004,998.75,18.91
2025-03-11 08:00:00,0.0,10800.0,10800.0,116.8,23.7,12.0,99.0,20.4,51.24666666666667,998.6266666666667,19.13
2025-03-11 09:00:00,117.0,10800.0,10800.0,129.86,33.35,11.7,100.0,20.9,49.843333333333334,998.69,19.433333333333334
2025-03-11 10:00:00,19.0,10800.0,10800.0,146.0,41.11,11.8,99.0,21.2,49.26333333333334,998.0833333333334,19.476666666666663
2025-03-11 11:00:00,130.0,10800.0,10800.0,165.6,45.87,13.4,75.0,21.5,47.77333333333333,997.8800000000001,19.236666666666668
2025-03-11 12:00:00,402.0,10800.0,10800.0,187.29,46.61,16.0,73.0,21.4,47.223333333333336,996.6866666666666,19.196666666666665
2025-03-11 13:00:00,0.0,10800.0,10800.0,207.86,43.13,17.4,90.0,21.1,45.72,995.4333333333334,19.30333333333333
2025-03-11 14:00:00,358.0,10800.0,10800.0,225.2,36.26,18.3,43.0,20.9,44.053333333333335,994.86,19.396666666666665
2025-03-11 15:00:00,28.0,2590.0,2590.0,239.22,27.15,19.3,86.0,20.8,49.95666666666667,996.2800000000001,19.950000000000003
2025-03-11 16:00:00,2692.0,0.0,0.0,250.81,16.71,19.6,99.0,20.7,53.77333333333333,995.8233333333334,20.573333333333334
2025-03-11 17:00:00,1976.0,0.0,0.0,261.05,5.56,16.4,100.0,21.0,51.876666666666665,995.5600000000001,20.733333333333334
2025-03-11 18:00:00,737.0,0.0,0.0,269.09,-4.06,17.1,100.0,21.3,53.93333333333333,995.9899999999999,21.236666666666668
2025-03-11 19:00:00,505.0,0.0,0.0,279.23,-16.16,17.2,96.0,21.7,54.096666666666664,996.5133333333333,21.62
2025-03-11 20:00:00,0.0,0.0,0.0,291.91,-29.07,15.0,41.0,21.8,52.846666666666664,996.8166666666667,20.973333333333333
2025-03-11 21:00:00,0.0,0.0,0.0,305.31,-39.21,14.4,35.0,21.9,52.843333333333334,996.84,20.343333333333334
2025-03-12 07:00:00,0.0,0.0,0.0,104.65,12.28,11.2,3.0,20.6,50.27,998.79,19.599999999999998
2025-03-12 08:00:00,0.0,0.0,0.0,116.23,23.74,11.1,3.0,20.8,49.443333333333335,998.8033333333333,19.849999999999998
2025-03-12 09:00:00,0.0,0.0,0.0,129.25,33.46,11.2,5.0,21.2,47.27333333333333,998.8233333333334,19.88
2025-03-12 10:00:00,0.0,0.0,0.0,145.36,41.31,12.7,3.0,21.5,44.03666666666667,998.6666666666666,19.886666666666667
2025-03-12 11:00:00,526.0,0.0,0.0,165.0,46.19,14.8,0.0,21.5,42.76333333333333,998.04,20.04
2025-03-12 12:00:00,475.0,0.0,0.0,186.79,47.03,16.3,0.0,21.4,41.913333333333334,996.9399999999999,20.38
2025-03-12 13:00:00,0.0,0.0,0.0,208.05,43.49,17.8,7.0,21.5,39.696666666666665,996.3566666666667,20.176666666666666
2025-03-12 14:00:00,124.0,0.0,0.0,225.47,36.59,19.3,72.0,21.5,38.64333333333334,996.0633333333334,19.963333333333335
2025-03-12 15:00:00,319.0,0.0,0.0,239.51,27.44,20.1,27.0,21.3,42.74666666666667,995.7366666666667,20.446666666666665
2025-03-12 16:00:00,98.0,0.0,0.0,251.11,16.97,20.7,81.0,21.3,44.53,995.7166666666666,21.343333333333334
2025-03-12 17:00:00,2790.0,2093.0,2093.0,261.42,5.74,18.9,88.0,21.6,43.98,995.9766666666666,20.95
2025-03-12 18:00:00,3600.0,3600.0,3600.0,269.63,-4.09,18.9,100.0,21.7,41.93333333333333,996.35,21.03333333333333
2025-03-12 19:00:00,768.0,3600.0,3600.0,279.76,-16.16,17.0,100.0,21.7,43.68666666666667,996.8766666666667,21.426666666666666
2025-03-12 20:00:00,0.0,3600.0,3600.0,292.5,-29.03,16.1,100.0,21.8,44.419999999999995,997.2766666666666,21.01
2025-03-12 21:00:00,0.0,3600.0,3600.0,305.97,-39.11,15.3,100.0,22.0,43.51,996.8266666666667,20.27
2025-03-13 07:00:00,1400.0,3600.0,3600.0,104.12,12.29,10.5,56.0,20.9,44.92666666666667,994.5833333333334,19.973333333333333
2025-03-13 08:00:00,1257.0,3600.0,3600.0,115.66,23.79,10.4,100.0,21.2,44.93666666666667,994.1633333333333,20.430000000000003
2025-03-13 09:00:00,544.0,3600.0,3600.0,128.64,33.57,10.9,100.0,21.7,43.946666666666665,993.7466666666666,20.283333333333335
2025-03-13 10:00:00,2381.0,3600.0,3600.0,144.73,41.52,12.0,100.0,22.0,45.336666666666666,993.54,20.286666666666665
2025-03-13 11:00:00,178.0,3600.0,3600.0,164.41,46.51,13.5,100.0,22.0,45.596666666666664,992.5799999999999,20.22
2025-03-13 12:00:00,11.0,3600.0,3600.0,186.74,47.41,14.3,100.0,22.0,45.830000000000005,992.04,20.103333333333335
2025-03-13 13:00:00,0.0,3600.0,3600.0,208.25,43.86,14.7,100.0,21.8,47.04,991.5833333333334,19.973333333333333
2025-03-13 14:00:00,798.0,3600.0,3600.0,225.74,36.92,14.7,100.0,21.7,48.48333333333333,990.6733333333333,19.896666666666665
2025-03-13 15:00:00,3506.0,3600.0,3600.0,239.81,27.73,13.5,100.0,21.7,55.75,990.0,20.623333333333335
2025-03-13 16:00:00,474.0,3600.0,3600.0,251.41,17.24,13.3,100.0,21.6,57.653333333333336,989.6766666666666,21.560000000000002
2025-03-13 17:00:00,1443.0,3600.0,3600.0,261.77,5.93,13.1,100.0,21.7,56.946666666666665,990.1833333333334,21.49666666666667
2025-03-13 18:00:00,2177.0,3600.0,3600.0,269.87,-3.75,13.0,100.0,21.8,55.26333333333334,990.4399999999999,21.959999999999997
2025-03-13 19:00:00,1032.0,3600.0,3600.0,280.3,-16.15,13.1,99.0,22.0,57.79,991.15,22.066666666666666
2025-03-13 20:00:00,0.0,3600.0,3600.0,293.1,-29.0,12.3,90.0,22.1,57.46,991.4833333333332,21.313333333333336
2025-03-13 21:00:00,0.0,3600.0,3600.0,306.63,-39.01,11.3,58.0,22.0,56.48666666666666,991.9133333333333,20.656666666666666
2025-03-14 07:00:00,28.0,3600.0,3600.0,104.16,12.92,10.8,100.0,21.1,52.336666666666666,994.1500000000001,19.646666666666665
2025-03-14 08:00:00,51.0,3600.0,3600.0,115.88,24.53,10.9,100.0,21.0,51.300000000000004,994.4866666666667,20.14333333333333
2025-03-14 09:00:00,56.0,3600.0,3600.0,128.99,34.28,10.5,100.0,21.6,51.163333333333334,995.0500000000001,20.2
2025-03-14 10:00:00,0.0,3600.0,3600.0,145.28,42.16,10.3,100.0,22.0,52.06,995.0766666666667,19.793333333333333
2025-03-14 11:00:00,7.0,3600.0,3600.0,165.23,47.02,10.4,100.0,22.0,52.49333333333333,995.0866666666667,19.63
2025-03-14 12:00:00,1040.0,3600.0,3600.0,187.45,47.78,10.5,100.0,21.7,53.13666666666666,995.0266666666666,19.56
2025-03-14 13:00:00,0.0,3600.0,3600.0,208.45,44.23,11.1,100.0,21.5,53.11666666666667,995.3166666666666,19.466666666666665
2025-03-14 14:00:00,0.0,3600.0,3600.0,226.02,37.24,11.3,100.0,21.5,53.169999999999995,995.6833333333334,19.43
2025-03-14 15:00:00,0.0,3600.0,3600.0,240.11,28.02,10.9,100.0,21.5,52.24333333333334,995.85,19.91
2025-03-14 16:00:00,0.0,3600.0,3600.0,251.72,17.51,11.4,100.0,21.7,51.49666666666667,996.2733333333332,20.21666666666667
2025-03-14 17:00:00,0.0,3600.0,3600.0,262.28,5.94,10.6,100.0,22.1,51.94333333333333,997.16,19.83
2025-03-14 18:00:00,0.0,3600.0,3600.0,270.39,-3.75,10.4,100.0,22.2,52.12,998.23,19.576666666666668
2025-03-14 19:00:00,64.0,3600.0,3600.0,280.85,-16.15,10.1,100.0,22.1,51.803333333333335,999.1466666666666,19.669999999999998
2025-03-14 20:00:00,0.0,3600.0,3600.0,293.7,-28.96,9.6,100.0,21.9,51.48,1000.1899999999999,19.656666666666666
2025-03-14 21:00:00,0.0,3600.0,3600.0,307.29,-38.91,9.6,100.0,22.2,51.85999999999999,1000.9133333333333,19.38
2025-03-15 07:00:00,0.0,3600.0,3600.0,103.88,13.21,5.3,0.0,20.6,44.92333333333334,1006.9833333333335,17.783333333333335
2025-03-15 08:00:00,0.0,3600.0,3600.0,115.31,24.57,4.9,0.0,20.4,42.95666666666667,1007.82,17.36
2025-03-15 09:00:00,0.0,3600.0,3600.0,128.37,34.39,5.0,0.0,20.3,40.653333333333336,1008.2833333333333,17.036666666666665
2025-03-15 10:00:00,0.0,3600.0,3600.0,144.64,42.36,6.8,0.0,20.1,38.830000000000005,1008.0766666666667,17.063333333333336
2025-03-15 11:00:00,0.0,3600.0,3600.0,164.63,47.34,9.1,0.0,20.0,36.96333333333334,1008.1966666666667,17.13
2025-03-15 12:00:00,0.0,3600.0,3600.0,186.94,48.2,11.3,0.0,19.9,35.449999999999996,1007.8866666666667,17.150000000000002
2025-03-15 13:00:00,0.0,3600.0,3600.0,208.65,44.59,13.0,0.0,19.8,34.48,1007.65,17.203333333333333
2025-03-15 14:00:00,0.0,3600.0,3600.0,226.29,37.57,14.2,0.0,19.7,34.083333333333336,1007.56,17.220000000000002
2025-03-15 15:00:00,0.0,3600.0,3600.0,240.41,28.32,15.4,17.0,19.6,34.43666666666667,1007.66,17.333333333333332
2025-03-15 16:00:00,0.0,3600.0,3600.0,252.02,17.78,16.1,98.0,19.6,35.166666666666664,1007.9733333333334,17.41
2025-03-15 17:00:00,0.0,3600.0,3600.0,262.49,6.3,15.3,100.0,19.6,36.19,1008.6433333333333,17.51
2025-03-15 18:00:00,0.0,3600.0,3600.0,270.65,-3.43,14.6,82.0,19.6,37.49,1009.4566666666666,17.55333333333333
2025-03-15 19:00:00,0.0,3600.0,3600.0,281.38,-16.15,14.7,39.0,19.6,38.46666666666666,1010.06,17.540000000000003
2025-03-15 20:00:00,0.0,3600.0,3600.0,294.3,-28.92,13.4,9.0,19.6,39.59,1010.71,17.536666666666665
2025-03-15 21:00:00,0.0,3600.0,3600.0,307.95,-38.81,11.6,0.0,19.6,40.443333333333335,1010.9766666666668,17.52
2025-03-16 07:00:00,0.0,3600.0,3600.0,103.95,13.87,7.2,27.0,19.2,43.48666666666667,1011.75,17.133333333333336
2025-03-16 08:00:00,0.0,3600.0,3600.0,115.53,25.32,7.0,16.0,19.2,43.63666666666666,1012.0500000000001,17.133333333333336
2025-03-16 09:00:00,0.0,3600.0,3600.0,128.73,35.11,7.5,97.0,19.1,43.88666666666666,1011.8100000000001,17.14
2025-03-16 10:00:00,0.0,3600.0,3600.0,145.21,43.01,9.0,83.0,19.1,44.21666666666667,1011.8733333333333,17.12
2025-03-16 11:00:00,0.0,3600.0,3600.0,165.47,47.86,11.0,96.0,19.1,44.72,1011.9266666666666,17.05333333333333
2025-03-16 12:00:00,0.0,3600.0,3600.0,187.64,48.57,13.0,99.0,19.0,45.49333333333334,1010.9933333333332,17.05333333333333
2025-03-16 13:00:00,0.0,3600.0,3600.0,208.86,44.96,13.2,100.0,19.0,45.910000000000004,1010.29,17.076666666666668
2025-03-16 14:00:00,0.0,3600.0,3600.0,226.57,37.9,11.8,79.0,19.0,46.99,1010.3466666666667,17.05
2025-03-16 15:00:00,0.0,3600.0,3600.0,240.71,28.61,14.2,35.0,19.0,48.22666666666667,1009.1899999999999,17.096666666666664
2025-03-16 16:00:00,0.0,3600.0,3600.0,252.33,18.04,14.2,42.0,19.0,49.14000000000001,1009.3233333333333,17.153333333333332
2025-03-16 17:00:00,0.0,3600.0,3600.0,262.99,6.32,14.9,41.0,19.0,49.79999999999999,1009.9033333333333,17.186666666666664
2025-03-16 18:00:00,0.0,3600.0,3600.0,270.74,-2.92,14.4,30.0,19.0,49.61000000000001,1010.8233333333334,17.136666666666667
2025-03-16 19:00:00,0.0,3600.0,3600.0,281.23,-15.36,14.6,34.0,18.9,50.00666666666666,1011.7633333333333,17.116666666666664
2025-03-16 20:00:00,0.0,3600.0,3600.0,294.89,-28.88,13.5,14.0,18.9,50.306666666666665,1012.4933333333333,17.123333333333335
2025-03-16 21:00:00,0.0,3600.0,3600.0,308.61,-38.71,12.7,2.0,18.9,50.67333333333334,1012.8566666666667,17.113333333333333
2025-03-17 07:00:00,0.0,3600.0,3600.0,103.69,14.19,8.6,100.0,18.5,50.623333333333335,1013.4633333333335,16.653333333333332
2025-03-17 08:00:00,0.0,3600.0,3600.0,114.95,25.37,8.4,100.0,18.5,51.02,1013.3666666666667,16.58666666666667
2025-03-17 09:00:00,0.0,3600.0,3600.0,128.1,35.22,8.4,100.0,18.4,51.330000000000005,1014.1333333333332,16.476666666666667
2025-03-17 10:00:00,0.0,3600.0,3600.0,144.55,43.21,9.2,100.0,18.4,51.79666666666666,1014.4900000000001,16.340000000000003
2025-03-17 11:00:00,0.0,3600.0,3600.0,164.86,48.18,10.2,100.0,18.3,52.85999999999999,1014.19,16.09
2025-03-17 12:00:00,0.0,3600.0,3600.0,187.63,48.96,10.6,100.0,18.3,52.63333333333333,1013.4233333333333,16.293333333333333
2025-03-17 13:00:00,0.0,3600.0,3600.0,209.07,45.32,10.6,100.0,18.2,52.580000000000005,1012.9966666666666,16.320000000000004
2025-03-17 14:00:00,0.0,3600.0,3600.0,226.85,38.22,11.2,100.0,18.2,52.30333333333334,1013.0,16.3
2025-03-17 15:00:00,0.0,3600.0,3600.0,241.01,28.9,11.4,100.0,18.1,52.169999999999995,1012.5266666666666,16.226666666666667
2025-03-17 16:00:00,0.0,3600.0,3600.0,252.63,18.31,11.1,100.0,18.1,52.21,1012.5833333333334,16.209999999999997
2025-03-17 17:00:00,0.0,3600.0,3600.0,263.32,6.54,11.0,100.0,18.1,52.24,1012.2733333333334,16.173333333333336
2025-03-17 18:00:00,0.0,3600.0,3600.0,271.03,-2.63,11.0,100.0,18.0,52.349999999999994,1012.7866666666667,16.186666666666667
2025-03-17 19:00:00,0.0,3600.0,3600.0,280.78,-14.29,11.0,100.0,18.0,52.48,1013.1533333333333,16.173333333333332
2025-03-17 20:00:00,0.0,3600.0,3600.0,291.51,-25.31,10.5,100.0,18.0,52.44,1013.4499999999999,16.14333333333333
2025-03-17 21:00:00,0.0,3600.0,3600.0,304.33,-35.52,10.4,100.0,17.9,52.413333333333334,1013.3833333333332,16.136666666666667
2025-03-18 07:00:00,0.0,3600.0,3600.0,103.16,14.2,10.7,100.0,17.5,55.403333333333336,1011.5333333333333,15.666666666666666
2025-03-18 08:00:00,0.0,3600.0,3600.0,114.38,25.41,10.8,100.0,17.5,56.21333333333333,1012.1366666666667,15.613333333333335
2025-03-18 09:00:00,0.0,3600.0,3600.0,127.48,35.32,10.9,100.0,17.5,56.830000000000005,1012.69,15.583333333333334
2025-03-18 10:00:00,0.0,3600.0,3600.0,143.89,43.41,11.1,100.0,17.5,57.383333333333326,1013.0066666666667,15.563333333333333
2025-03-18 11:00:00,0.0,3600.0,3600.0,164.25,48.49,11.7,100.0,17.4,57.9,1013.0566666666667,15.553333333333333
2025-03-18 12:00:00,0.0,3600.0,3600.0,187.11,49.37,12.1,100.0,17.4,58.083333333333336,1012.6999999999999,15.569999999999999
2025-03-18 13:00:00,0.0,3600.0,3600.0,209.28,45.69,12.2,100.0,17.4,58.21666666666666,1012.4333333333334,15.523333333333333
2025-03-18 14:00:00,0.0,3600.0,3600.0,227.14,38.55,12.1,100.0,17.4,58.69,1012.6833333333333,15.503333333333332
2025-03-18 15:00:00,0.0,3600.0,3600.0,241.32,29.19,12.7,100.0,17.3,59.48333333333333,1012.39,15.473333333333334
2025-03-18 16:00:00,0.0,3600.0,3600.0,252.94,18.58,12.9,100.0,17.4,60.11666666666667,1012.65,15.43
2025-03-18 17:00:00,0.0,3600.0,3600.0,263.7,6.7,12.7,100.0,17.4,60.74333333333333,1012.9266666666667,15.44
2025-03-18 18:00:00,0.0,3600.0,3600.0,271.54,-2.63,13.0,100.0,17.3,61.20000000000001,1013.41,15.420000000000002
2025-03-18 19:00:00,0.0,3600.0,3600.0,281.32,-14.29,12.6,100.0,17.3,61.51333333333333,1014.2199999999999,15.413333333333332
2025-03-18 20:00:00,0.0,3600.0,3600.0,292.1,-25.29,12.4,100.0,17.2,62.370000000000005,1014.7733333333334,15.393333333333333
2025-03-18 21:00:00,0.0,3600.0,3600.0,304.97,-35.44,12.3,100.0,17.2,62.876666666666665,1015.2333333333332,15.396666666666667
2025-03-19 07:00:00,0.0,3600.0,3600.0,103.26,14.91,12.0,100.0,16.8,66.18666666666667,1016.1700000000001,15.256666666666666
2025-03-19 08:00:00,0.0,3600.0,3600.0,114.6,26.16,11.7,86.0,16.8,66.77666666666666,1016.6166666666667,15.246666666666664
2025-03-19 09:00:00,0.0,3600.0,3600.0,127.83,36.04,11.9,70.0,16.8,67.72666666666667,1016.9433333333333,15.243333333333332
2025-03-19 10:00:00,0.0,3600.0,3600.0,144.47,44.06,13.2,44.0,16.8,68.42666666666666,1016.7666666666668,15.273333333333333
2025-03-19 11:00:00,0.0,3600.0,3600.0,165.11,49.02,14.6,100.0,16.8,69.22333333333334,1016.61,15.326666666666666
2025-03-19 12:00:00,0.0,3600.0,3600.0,187.82,49.74,15.1,100.0,16.8,69.98333333333333,1016.16,15.383333333333333
2025-03-19 13:00:00,0.0,3600.0,3600.0,209.49,46.05,15.3,98.0,16.9,70.13666666666667,1015.7766666666666,15.436666666666667
2025-03-19 14:00:00,0.0,3600.0,3600.0,227.42,38.88,15.6,90.0,16.9,70.63,1015.2333333333332,15.553333333333333
2025-03-19 15:00:00,0.0,3600.0,3600.0,241.63,29.48,16.5,97.0,16.9,71.00000000000001,1015.0600000000001,15.663333333333334
2025-03-19 16:00:00,0.0,3600.0,3600.0,253.25,18.84,15.5,73.0,16.9,71.17,1015.2333333333332,15.746666666666664
2025-03-19 17:00:00,0.0,3600.0,3600.0,264.02,6.93,15.7,99.0,16.9,71.64999999999999,1015.1166666666667,15.81
2025-03-19 18:00:00,0.0,3600.0,3600.0,271.84,-2.35,15.7,99.0,17.0,71.26666666666667,1015.1333333333333,15.763333333333334
2025-03-19 19:00:00,0.0,3600.0,3600.0,281.86,-14.28,15.2,98.0,17.0,71.26333333333334,1015.7833333333333,15.736666666666666
2025-03-19 20:00:00,0.0,3600.0,3600.0,292.68,-25.26,14.4,99.0,17.0,71.02,1016.5066666666667,15.74
2025-03-19 21:00:00,0.0,3600.0,3600.0,305.62,-35.35,13.9,98.0,17.0,71.13,1016.8066666666667,15.74
2025-03-20 07:00:00,0.0,3600.0,3600.0,103.03,15.27,13.9,100.0,17.3,70.5,1014.8333333333334,16.993333333333336
2025-03-20 08:00:00,0.0,3600.0,3600.0,114.03,26.2,13.7,100.0,18.1,69.99333333333334,1014.8333333333334,17.33
2025-03-20 09:00:00,106.0,3600.0,3600.0,127.21,36.15,13.9,100.0,18.5,69.90999999999998,1014.5833333333334,17.439999999999998
2025-03-20 10:00:00,5.0,3600.0,3600.0,143.81,44.27,14.3,100.0,18.9,70.05666666666667,1014.5,17.526666666666667
2025-03-20 11:00:00,70.0,3600.0,3600.0,164.49,49.33,14.6,100.0,19.2,71.20666666666666,1014.1433333333333,17.31
2025-03-20 12:00:00,7.0,3600.0,3600.0,187.82,50.13,15.1,100.0,19.1,72.07666666666667,1013.25,17.183333333333334
2025-03-20 13:00:00,270.0,3600.0,3600.0,209.71,46.42,16.2,96.0,19.0,72.81666666666666,1012.6,17.133333333333336
2025-03-20 14:00:00,3409.0,3600.0,3600.0,227.71,39.2,16.9,81.0,18.7,74.57666666666665,1011.8166666666666,17.419999999999998
2025-03-20 15:00:00,816.0,3600.0,3600.0,241.94,29.77,16.1,99.0,18.7,75.19,1011.46,17.86
2025-03-20 16:00:00,62.0,3600.0,3600.0,253.56,19.11,16.5,96.0,18.6,74.83666666666666,1011.3166666666667,18.2
2025-03-20 17:00:00,3496.0,3600.0,3600.0,264.51,6.96,16.6,57.0,18.6,74.76666666666667,1011.09,18.053333333333335
2025-03-20 18:00:00,3596.0,3600.0,3600.0,272.35,-2.36,16.3,27.0,18.6,75.46333333333332,1010.5666666666667,18.26
2025-03-20 19:00:00,794.0,3600.0,3600.0,282.4,-14.28,15.7,37.0,18.6,75.10000000000001,1011.27,18.14333333333333
2025-03-20 20:00:00,0.0,3600.0,3600.0,293.27,-25.24,15.0,79.0,18.5,74.81333333333333,1011.0600000000001,17.76
2025-03-20 21:00:00,0.0,3600.0,3600.0,306.26,-35.26,14.6,56.0,18.5,74.56666666666666,1010.36,17.58666666666667
2025-03-21 07:00:00,242.0,3600.0,3600.0,103.18,16.02,13.2,100.0,18.1,73.5,1006.3233333333334,17.233333333333334
2025-03-21 08:00:00,0.0,3600.0,3600.0,114.24,26.95,12.7,100.0,18.1,72.85333333333334,1006.5433333333334,17.58
2025-03-21 09:00:00,297.0,3600.0,3600.0,127.56,36.87,13.5,100.0,18.1,71.12666666666667,1006.5933333333334,18.266666666666666
2025-03-21 10:00:00,0.0,3600.0,3600.0,144.39,44.92,14.0,100.0,19.0,68.16666666666667,1006.8633333333333,18.66333333333333
2025-03-21 11:00:00,0.0,3600.0,3600.0,165.37,49.85,14.8,100.0,19.5,61.92666666666668,1006.5499999999998,18.843333333333334
2025-03-21 12:00:00,208.0,3600.0,3600.0,188.02,50.52,16.3,79.0,19.9,54.81999999999999,1006.13,19.013333333333335
2025-03-21 13:00:00,0.0,3600.0,3600.0,209.93,46.78,18.3,2.0,20.0,47.77333333333333,1005.6233333333333,19.353333333333328
2025-03-21 14:00:00,0.0,493.0,493.0,228.01,39.52,19.4,1.0,20.1,45.81333333333333,1005.3333333333334,19.59
2025-03-21 15:00:00,0.0,0.0,0.0,242.25,30.06,20.0,39.0,20.4,44.73666666666667,1005.3299999999999,19.763333333333335
2025-03-21 16:00:00,0.0,0.0,0.0,253.87,19.37,20.6,100.0,20.5,44.873333333333335,1005.2833333333333,19.793333333333333
2025-03-21 17:00:00,0.0,0.0,0.0,264.72,7.32,19.8,100.0,20.6,45.73,1005.5,19.8
2025-03-21 18:00:00,0.0,0.0,0.0,272.65,-2.09,19.9,100.0,20.8,46.9,1005.8166666666666,19.846666666666668
2025-03-21 19:00:00,103.0,0.0,0.0,282.94,-14.28,18.7,100.0,20.9,48.06666666666667,1006.1,19.93
2025-03-21 20:00:00,0.0,0.0,0.0,293.86,-25.21,17.4,100.0,21.4,48.89000000000001,1006.0,19.570000000000004
2025-03-21 21:00:00,0.0,0.0,0.0,306.9,-35.17,16.8,97.0,21.6,50.16,1005.9666666666667,19.27
2025-03-22 07:00:00,0.0,0.0,0.0,102.65,16.04,13.6,54.0,19.8,50.53333333333333,1005.29,18.013333333333332
2025-03-22 08:00:00,0.0,0.0,0.0,113.67,27.0,12.6,100.0,19.7,49.839999999999996,1005.3866666666667,17.92
2025-03-22 09:00:00,0.0,0.0,0.0,126.93,36.98,12.2,96.0,19.6,47.18333333333333,1005.3800000000001,17.823333333333334
2025-03-22 10:00:00,0.0,0.0,0.0,143.73,45.12,12.8,100.0,19.6,44.48,1004.8233333333334,17.77
2025-03-22 11:00:00,0.0,0.0,0.0,164.75,50.17,13.2,72.0,19.5,42.949999999999996,1003.3066666666667,17.74
2025-03-22 12:00:00,0.0,0.0,0.0,188.02,50.91,14.5,100.0,19.4,42.10333333333333,1003.0133333333333,17.88
2025-03-22 13:00:00,0.0,0.0,0.0,210.15,47.14,15.0,11.0,19.3,42.43666666666667,1002.6633333333334,17.953333333333333
2025-03-22 14:00:00,0.0,0.0,0.0,228.3,39.84,17.3,81.0,19.3,43.169999999999995,1002.6066666666666,17.97
2025-03-22 15:00:00,0.0,0.0,0.0,242.56,30.35,17.5,61.0,19.3,44.03333333333334,1001.7633333333333,17.96666666666667
2025-03-22 16:00:00,0.0,0.0,0.0,254.18,19.64,16.6,39.0,19.3,45.21333333333334,1002.08,18.026666666666667
2025-03-22 17:00:00,0.0,0.0,0.0,265.2,7.36,17.6,27.0,19.3,46.026666666666664,1002.14,18.12
2025-03-22 18:00:00,0.0,0.0,0.0,273.17,-2.09,17.3,98.0,19.3,46.586666666666666,1002.6266666666667,18.13
2025-03-22 19:00:00,0.0,0.0,0.0,283.48,-14.27,16.3,45.0,19.4,46.803333333333335,1003.4033333333333,18.05
2025-03-22 20:00:00,0.0,0.0,0.0,294.45,-25.18,15.5,4.0,19.4,47.11666666666667,1003.5566666666667,17.986666666666665
2025-03-22 21:00:00,0.0,0.0,0.0,307.55,-35.08,14.7,84.0,19.4,47.01,1003.6,17.903333333333332
2025-03-23 07:00:00,0.0,0.0,0.0,102.8,16.8,10.1,44.0,19.0,44.75666666666667,1002.85,17.28
2025-03-23 08:00:00,0.0,0.0,0.0,113.89,27.75,9.9,81.0,19.0,44.34666666666667,1002.9233333333333,17.256666666666664
2025-03-23 09:00:00,0.0,0.0,0.0,127.3,37.7,10.3,22.0,19.0,43.45666666666667,1003.0666666666666,17.16
2025-03-23 10:00:00,0.0,0.0,0.0,144.33,45.78,11.5,15.0,18.9,41.13666666666666,1003.1066666666666,17.09333333333333
2025-03-23 11:00:00,0.0,0.0,0.0,165.66,50.69,12.9,14.0,18.9,39.833333333333336,1002.7166666666667,17.13
2025-03-23 12:00:00,0.0,0.0,0.0,188.82,51.27,14.2,19.0,18.8,39.07,1002.2700000000001,17.223333333333333
2025-03-23 13:00:00,0.0,0.0,0.0,210.38,47.51,15.3,12.0,18.7,38.550000000000004,1001.4066666666666,17.34
2025-03-23 14:00:00,0.0,0.0,0.0,228.59,40.17,16.3,35.0,18.7,38.410000000000004,1001.2599999999999,17.49666666666667
2025-03-23 15:00:00,0.0,0.0,0.0,242.87,30.63,16.9,41.0,18.7,38.00666666666667,1001.2333333333332,17.64333333333333
2025-03-23 16:00:00,0.0,0.0,0.0,254.49,19.9,16.9,37.0,18.8,37.4,1001.8233333333334,17.77
2025-03-23 17:00:00,0.0,0.0,0.0,265.51,7.61,17.1,19.0,18.8,38.93666666666667,1002.66,17.779999999999998
2025-03-23 18:00:00,0.0,0.0,0.0,273.47,-1.84,17.4,21.0,18.8,40.556666666666665,1003.42,17.71666666666667
2025-03-23 19:00:00,0.0,0.0,0.0,284.02,-14.27,16.1,17.0,18.9,41.79333333333333,1003.98,17.756666666666664
2025-03-23 20:00:00,0.0,0.0,0.0,295.04,-25.15,12.8,20.0,18.9,42.84666666666667,1005.0266666666666,17.790000000000003
2025-03-23 21:00:00,0.0,0.0,0.0,308.19,-34.99,11.8,11.0,18.9,43.98333333333333,1005.7166666666666,17.786666666666665
2025-03-24 07:00:00,28.0,0.0,0.0,102.26,16.81,8.9,72.0,18.7,45.14666666666667,1008.3566666666667,17.97
2025-03-24 08:00:00,0.0,0.0,0.0,113.31,27.8,8.8,54.0,19.1,44.25333333333333,1009.0,18.256666666666664
2025-03-24 09:00:00,0.0,0.0,0.0,126.66,37.81,9.5,57.0,19.7,42.596666666666664,1009.3666666666667,18.483333333333334
2025-03-24 10:00:00,0.0,0.0,0.0,143.65,45.98,11.5,98.0,20.0,41.266666666666666,1009.2333333333332,18.773333333333333
2025-03-24 11:00:00,0.0,0.0,0.0,165.03,51.01,13.0,3.0,20.3,40.36000000000001,1008.75,18.983333333333334
2025-03-24 12:00:00,0.0,0.0,0.0,188.23,51.69,15.3,2.0,20.6,40.10333333333333,1008.5266666666666,19.12
2025-03-24 13:00:00,0.0,0.0,0.0,210.6,47.87,16.9,25.0,20.7,40.20333333333333,1008.5433333333334,19.296666666666667
2025-03-24 14:00:00,0.0,0.0,0.0,228.89,40.48,17.9,68.0,20.8,40.52,1008.5499999999998,19.426666666666666
2025-03-24 15:00:00,3534.0,0.0,0.0,243.19,30.92,18.1,32.0,21.0,45.03666666666667,1009.06,20.203333333333333
2025-03-24 16:00:00,3600.0,0.0,0.0,254.8,20.16,16.8,20.0,20.9,45.28,1009.7433333333333,20.863333333333333
2025-03-24 17:00:00,3600.0,0.0,0.0,265.73,7.96,16.2,52.0,21.2,46.27333333333333,1010.2766666666666,21.156666666666666
2025-03-24 18:00:00,3600.0,0.0,0.0,273.44,-1.18,15.5,87.0,21.3,46.696666666666665,1011.0833333333334,21.626666666666665
2025-03-24 19:00:00,2366.0,0.0,0.0,283.89,-13.52,14.7,56.0,21.5,47.19666666666666,1012.0566666666667,21.736666666666665
2025-03-24 20:00:00,0.0,0.0,0.0,295.64,-25.12,13.5,33.0,21.7,48.17333333333334,1012.9933333333333,21.026666666666667
2025-03-24 21:00:00,0.0,0.0,0.0,308.84,-34.89,13.1,41.0,21.8,49.06333333333333,1013.4333333333334,20.386666666666667
